Nelia Wilshaw,lredhouserf@omniture.com,5315547880,4,107640,0,38175
Shane Beckitt,eweed54@bloglines.com,9119320391,3,81368,2,26125
Neysa Wedderburn,akenyon2u@engadget.com,3599848721,3,93773,1,25167
Cathy Varnes,hvanacci4a@ihg.com,5731211220,4,80420,1,29757
Ban Kiddey,alodevickip@google.com.au,5917769920,4,76476,2,39518
Maurie Buddell,lrebichonb8@home.pl,1465526615,1,94336,1,39923
Giustino Burlay,ksmelley2q@salon.com,4581902938,1,85354,2,29189
Cathrin Lankham,lmatveiko8r@hc360.com,1865080809,3,100178,3,25263
Sabra Yannoni,kmacgeenk@bbb.org,9092487723,2,96151,1,26467
Verla Dymott,rskarra5@mtv.com,2148717101,3,96328,2,30508
Shaylah Menilove,sdoak4p@tinypic.com,5054121387,3,65809,4,24820
Mel Mac Giany,lcockleyec@cam.ac.uk,1007081684,3,81356,2,40057
Leann Everley,jbarliel1@123-reg.co.uk,6916471416,4,123330,2,14874
Anastassia Pasek,cnewlandsin@cafepress.com,3002642767,3,47846,2,26696
Tiff Sibary,cmounfield7q@goo.gl,4647850679,3,59696,3,26933
Dorree Costain,jcordell90@sakura.ne.jp,5798932735,2,101228,2,29332
Norrie Loftie,rnarracottlc@hp.com,1705236533,4,73389,3,35419
Lancelot Dabnor,emicklewicz9d@psu.edu,9968529537,2,61843,2,34555
Farley Scampion,efeatenby8i@theglobeandmail.com,1713960342,3,74386,2,29462
Elspeth Closs,ptriggs6f@constantcontact.com,6443999157,1,79779,3,27394
Avrit Stealey,dveltman3f@zimbio.com,6395196420,4,112036,1,32320
Aprilette Theaker,cstapley9i@salon.com,5146566059,4,81739,4,20632
Tiffie Foister,pwhittershw@lulu.com,1143185408,3,78254,3,23693
Devina Goodbar,bwinesd3@newsvine.com,9602389937,3,86226,1,29840
Kenny Brimley,tcageb7@senate.gov,4146237733,4,58135,3,23581
Beatrice Patis,ktettah@dailymail.co.uk,8723206841,2,83374,2,24073
Olympie Lumbly,jguild2b@slashdot.org,8856791337,2,114882,2,39321
Reine McRoberts,halpin3t@senate.gov,5863684291,4,84966,3,26937
Daryl Varsey,rdezuani5k@blogs.com,7251788624,3,97783,3,34025
Howie Pinnere,fpeskettlp@youku.com,8529274177,3,67299,0,31057
Elisabetta De Filippis,avyvyanp8@dell.com,7852835916,2,123347,2,27614
Eustace Briars,ltoffel68@weibo.com,6818106048,2,124555,2,20874
Tiebold Cregg,rabrahmovicipv@smugmug.com,7805057145,3,108583,1,30636
Bren Holley,kcumberledge6v@foxnews.com,1457959370,1,80287,1,19991
Devinne Chetwin,tcroall0@infoseek.co.jp,9665477231,2,88974,1,19900
Aloise Dat,ngibbingsr6@instagram.com,8816696469,5,96077,3,34083
Yanaton Castillon,gjewessm0@yelp.com,4355939077,4,62305,3,32142
Troy Queenborough,jbrilleman1y@pinterest.com,4741686485,4,74885,3,40728
Dane Levermore,kkellarz@amazonaws.com,8616254214,4,106016,2,41513
Horst Dillow,koosthoutdevree6q@cpanel.net,2894887183,2,94087,2,27760
Kamillah Bauldry,cghidini1j@vkontakte.ru,5556214057,5,112059,2,31896
Dale Langrick,deddies9y@foxnews.com,7972210913,2,87197,0,34145
Misty Dedmam,lbethamjq@delicious.com,6506621075,3,88771,4,45592
Jeniffer McMillan,fsatford6t@fastcompany.com,6151858574,2,57642,2,27989
Ariana Vaughn,camiableqo@typepad.com,5496048058,2,73326,3,28708
Eran Boule,lmardlerc@tripod.com,8319567085,2,54960,2,23131
Mathias Castelli,bofogertyno@theglobeandmail.com,4481335429,3,72330,3,28974
Rosetta Mothersdale,rtomblingdo@blogger.com,4977967610,2,96966,2,19947
Shaw Ertel,vsargisonfu@angelfire.com,4813910381,4,92912,2,30024
Clarita Laister,eaugierm@a8.net,3843137461,2,69390,3,35773
Drucy Linford,ppoutress45@princeton.edu,6939894340,2,114867,3,22358
Cindelyn Belsher,gundyqc@independent.co.uk,7684861943,5,90387,1,30809
Giustina Grigoire,ljozwiaky@amazon.co.jp,2382758161,3,116652,4,30368
Barclay Ludlem,epilgram7l@jimdo.com,7703043831,2,111113,2,27088
Kerry Assandri,sbearfoothj@gov.uk,8151868137,4,92260,2,36319
Vita Wesgate,jbarliel1@123-reg.co.uk,7243300181,4,76864,3,26788
Cherey Galiero,sskeggs9@naver.com,1747869813,4,106423,0,19258
Malachi Crickmer,cnewlandsin@cafepress.com,8559626013,3,115367,3,22662
Griff Prynne,ddikelindv@opera.com,7662417171,1,87636,1,34881
Sutton Tooley,gmckailehg@google.de,4629562076,3,98493,2,24228
Anthia Drei,tfrancecioneai@cafepress.com,9893421873,1,81637,2,17153
Kynthia Syddon,lnobbsf6@google.pl,8701056614,2,59630,3,32476
Reinhold Wisbey,jguild2b@slashdot.org,2026443169,3,98516,1,20063
Carly Howle,rgamlenbm@mashable.com,3914627448,4,64204,1,25245
Bertie Donnison,lwellingaw@who.int,9042150798,3,59069,1,39676
Jolie Redemile,hkurtis2s@phpbb.com,3796195644,0,74027,0,39174
Elden Ratazzi,rhaireko@simplemachines.org,5988633886,3,121829,3,30560
Madelon Beynke,bettery74@posterous.com,9566241907,4,93081,2,23050
Barty Radoux,mbourgeoish6@flavors.me,6451327426,2,86019,2,25077
Early Lidgertwood,cburborough8d@nyu.edu,9045781906,4,104030,3,26783
Aldwin Dimitriev,cstapley9i@salon.com,4556192845,3,100101,1,39383
Nancey Stenson,mtate1u@dyndns.org,5926727691,1,96496,1,25040
Carly Gonsalvez,bdonisiiw@joomla.org,6098470206,4,92075,2,39848
Paddy D'Elia,durvoyir@simplemachines.org,7821983732,3,72088,1,22139
Laney Rowlings,aottewellm3@dailymotion.com,1046966201,3,111502,2,33021
Nealson Cornthwaite,sscogginsfz@buzzfeed.com,9335901184,3,69825,1,42083
Chloe Endrici,troakesbs@npr.org,8171334079,5,105610,3,18455
Portia Toleman,skurtisqh@t-online.de,8595192602,2,121911,1,34753
Flossy Slatford,pwhittershw@lulu.com,1901346419,3,51921,0,33761
Shawn MacGown,mcanaanbf@census.gov,8216700824,5,100764,1,21321
Maximo Lind,cigog5@blogs.com,7809267355,2,98792,1,22938
Ezekiel Farlowe,pbrundrettpt@harvard.edu,6562790714,4,105251,5,25681
Roseanna Spirritt,fpeskettlp@youku.com,5022274487,3,71200,2,37895
Winnifred Bartoszinski,hbootherpz@meetup.com,2442842730,3,85534,3,29636
Zea Pettersen,hmacklamqa@biblegateway.com,4988924713,4,57868,2,22353
Bary Strickett,hgehringerpm@reference.com,1902065323,1,110197,4,22739
Shea Yosevitz,sskeggs9@naver.com,7924719351,3,94572,2,37336
Stella Fulun,rbubbpf@irs.gov,6593084222,3,93223,2,25612
Sayre Ramsden,rmcclevertyou@com.com,9681635914,3,70714,2,30925
Xylina de Villier,asteablerlm@miibeian.gov.cn,9421254157,4,81760,3,21798
Daveen Jodrellec,mgibbenet@princeton.edu,7575501311,3,72971,1,33019
Katalin Buckoke,dbambrags@state.gov,7885066545,5,76104,1,37070
Barclay Blackly,ghousecroftgl@prnewswire.com,8276347734,3,80540,1,29370
Camila Tice,jcordell90@sakura.ne.jp,9832311698,3,97877,2,35159
Edi Mingaye,gpendergrast3i@hud.gov,1354624745,3,77301,4,33000
Brady Mounch,wliptrotkc@weather.com,1765685375,3,115929,1,37972
Bartholomew Mattingley,hdeverr5@wp.com,8269984537,2,120027,1,45658
Harlie Kupper,mcanaanbf@census.gov,6535091107,3,93683,0,33302
Nanni Colt,idusting38@ed.gov,2336832242,3,60288,2,31165
Kerrin Ringer,anapoleone15@ifeng.com,7124090464,2,78552,3,38449
Gail Cleugh,kcharlickar@stumbleupon.com,9241736116,3,95809,3,23639
Budd Tumielli,kmadre42@apache.org,8515138479,4,79746,2,38849
Almeda Arkle,vcashamih@behance.net,7876115620,3,65429,2,23984
Beverly Ritchings,fjoratf8@tamu.edu,4604635046,1,125791,3,26405
Dennie Acres,ebuttrickmx@washingtonpost.com,5382149976,4,87269,4,27593
Gaile St Louis,arentoulds@google.it,7203203182,4,103385,1,34047
Gun Ettles,gdassindalepa@auda.org.au,4252721186,3,67694,1,38320
Wash Quarterman,nmottinigf@privacy.gov.au,2886376624,1,94101,4,18496
Melisenda Courvert,nsherrard9j@t.co,4683072652,2,94316,3,29395
Madelle Spollen,sfootittp1@wired.com,6452137737,3,92952,2,14238
Ajay Barthod,frubartellih8@walmart.com,9016561910,2,89494,1,19627
Robbie Hamber,dbambrags@state.gov,2799497216,2,80045,2,34985
Ban De Giorgis,hamnerc5@1688.com,6594021421,4,61021,2,26918
Caryn Guion,swhithorn8u@51.la,7471167135,3,116346,1,44760
Sheela Mosten,frubinov2k@engadget.com,8445038302,3,107279,3,32075
Amelia Tyas,lvicentg7@canalblog.com,1024955292,3,79925,1,41220
Town Turn,bdohrmannch@aol.com,1783726621,3,97363,2,37066
Ebba Harker,nkorn7f@skyrock.com,8109775096,3,55907,2,24705
Barris Moncrieffe,rkaas1n@sphinn.com,3181204034,3,72494,0,20211
Babbette Vinall,ljozwiaky@amazon.co.jp,5276335938,4,75190,2,28027
Pierette Midghall,cbrennandjx@mayoclinic.com,2439436985,2,104442,2,21912
Joyann Burne,cbrennandjx@mayoclinic.com,6482291219,4,46360,1,19962
Tyler Piecha,rgamlenbm@mashable.com,8124076109,4,94631,1,35852
Melli Ionnidis,lcockleyec@cam.ac.uk,4878526566,2,112273,0,26488
Debee Helversen,hamnerc5@1688.com,5756430795,3,60062,3,26790
Doro Gritsaev,tdibiagi5e@umn.edu,8924326851,1,87499,0,36650
Irvine Vanne,gjewessm0@yelp.com,7648791485,3,84580,2,21760
Barbette Renfree,mcassefh@bluehost.com,9344387582,3,97663,3,32704
Sansone Harrington,dpaolonik5@vimeo.com,9441791684,2,71599,3,30434
Clarke Headings,rwatkissc@dell.com,7542854001,4,55623,3,33424
Ignatius Briatt,arusbridge77@ihg.com,9708787601,3,112123,2,33312
Shermie Childerhouse,rfrays81@privacy.gov.au,6497662985,3,78075,4,45293
Leicester Thompkins,cgarthshorek4@bigcartel.com,3846351767,4,120713,4,26986
Stace Aleksandrikin,dkerijt@php.net,3099982971,2,86901,1,20016
Holt Debney,arentoulds@google.it,3622120929,2,89492,2,20572
Selie Lever,cbrennandjx@mayoclinic.com,8732783317,3,96368,3,31698
Ruben Vaskin,tbourkel3@hugedomains.com,4084130838,4,74339,1,39524
Urson Fairbanks,gmckailehg@google.de,6523687994,4,113855,2,31979
Sabine Clutheram,noylettp2@deviantart.com,1079516982,1,100664,3,32794
Arlinda Soutter,llynnettp3@tamu.edu,7808035145,4,100353,0,36394
Lory Greder,lvicentg7@canalblog.com,3138655065,1,106027,2,26747
Gerald Pancoast,fshivelli5@123-reg.co.uk,8457795712,3,98059,2,35763
Sheilakathryn Eastmond,ldeaconsonj1@samsung.com,1325613316,2,54580,2,32476
Tonnie Tender,cstapley9i@salon.com,9217269363,2,81293,3,23443
Nicholas Scollan,pbayldon8q@mozilla.org,2019768501,5,101672,2,29298
Bernie McRae,ghousecroftgl@prnewswire.com,8237238169,1,59793,1,25086
Bearnard Elijah,lguilaynn8@ed.gov,7934070747,2,49569,1,34171
Suki Fibbens,kmadre42@apache.org,6879262552,4,76802,2,36288
Tansy Rodda,ztante7j@ehow.com,2192107075,5,76678,2,31097
Dominga Connah,rcastrillolg@paypal.com,7312563154,4,61069,1,35867
Tiffanie Robken,jguild2b@slashdot.org,4935245749,3,60440,1,35169
Ynez Purcer,egamen5@purevolume.com,3252592710,4,96556,3,18618
Stefa Philpots,twehner3w@joomla.org,8967695737,3,107109,3,33328
Aubrie MacRonald,ebeddingham31@cpanel.net,9278950885,1,109793,1,42902
Tann Filshin,trudramd0@shareasale.com,7371906646,2,59345,2,28536
Felizio Lovelock,wstandering7v@friendfeed.com,8761142573,2,72792,1,36208
Clarette Huntley,ccartmillni@illinois.edu,6729318908,3,91422,3,24358
Kamilah Readhead,bgrimwade47@forbes.com,9455685694,3,94047,3,20513
Maynard Dennant,rshaefer8j@samsung.com,3282749561,2,68878,4,19295
Carlee Aishford,tscammondency@wufoo.com,7591142234,5,104540,2,22429
Tudor Jirsa,mbretherick4h@linkedin.com,9471148616,2,61317,2,37653
Billye Silwood,nlarganag@wisc.edu,5225274596,3,18807,2,31286
Betteanne Dufer,ekall8y@ovh.net,6601300554,4,58714,3,18812
Hans Creighton,mmacpeaked1@gnu.org,3723689675,2,110187,4,48343
Douglas Sabatier,nespinola4m@imdb.com,9474772564,2,87213,3,18341
Spense Mongeot,bdonisiiw@joomla.org,5042046452,2,97111,1,20293
Lindie Marklew,lfassambx@plala.or.jp,4355404893,4,76206,2,26654
Augusta Riglar,ktettah@dailymail.co.uk,2205728312,5,93638,3,25809
Tatum Luckin,rmcbrearty11@deviantart.com,6872416867,5,65165,1,32160
Diego Andrzejczak,tcroall0@infoseek.co.jp,2144814133,3,58183,2,27434
Dalenna Manuelli,sdiapercf@mail.ru,6191180450,3,95990,2,28837
Tamra Gravey,mbotting7a@about.com,8831387214,4,88454,1,34449
Wallache Landrick,egamen5@purevolume.com,1825428606,4,119496,3,23316
Wyatt Sinkins,ssyer63@privacy.gov.au,9845593435,3,78657,2,28938
Kania York,pbrundrettpt@harvard.edu,5686345731,2,123030,3,36610
Marylinda Bodman,lgarrettsqr@redcross.org,9645972651,3,103131,1,32401
Kristoforo Pozer,rmcclevertyou@com.com,9534549650,4,57106,1,19281
Doralyn Buske,cgoulterpl@ucsd.edu,8699861468,3,109349,2,20442
Mick Hunnisett,kkellarz@amazonaws.com,1155001942,4,100352,1,34245
Dian Gotts,rmoppett27@addtoany.com,1239282336,5,76441,2,37157
Herschel Cowndley,rmoppett27@addtoany.com,8437925495,3,98499,2,20764
Jorrie Shillabeer,aconing20@woothemes.com,7875208986,4,97164,3,40721
Sammy Esmead,fshivelli5@123-reg.co.uk,3605017000,2,71095,2,23640
Babs Helversen,aolyhanekz@nhs.uk,8776960756,4,107341,4,22681
Romy Tomadoni,obeavorsl5@wired.com,4289706771,2,95969,3,23247
Jan Claybourne,mumanbo@slate.com,5694647915,4,90951,0,34296
Mahmoud Ungerer,amanvelljl@squidoo.com,4073374986,3,37282,2,40645
Isidore Pierton,nsherrard9j@t.co,8756937231,2,79899,2,29459
Ellene Pavlishchev,kcumberledge6v@foxnews.com,9034508543,4,66084,3,17692
Gaynor Firmin,etweedy6x@cmu.edu,6869156322,4,73099,3,36764
Erinna Wimbush,avyvyanp8@dell.com,3808294868,3,113821,3,26157
Mateo MacWhirter,tmenchentonol@mapy.cz,2799982042,3,104722,3,30333
Fan Frugier,etweedy6x@cmu.edu,4441368877,2,109121,-1,36090
Aimee Browse,anapoleone15@ifeng.com,6827000817,3,92695,2,21767
Killian Kobke,rfrays81@privacy.gov.au,7292714520,3,96310,2,41541
Serene Tull,jbarliel1@123-reg.co.uk,5978567582,1,109528,1,19598
Glynn Antonich,hjarreda8@microsoft.com,9824595140,4,73301,3,17933
Mercy Blunt,kpetzoltr2@amazonaws.com,2282231459,3,72899,2,27274
Howard Wrightham,shalledayps@go.com,4032837640,4,105965,2,35883
Clemence Golt,tcageb7@senate.gov,7378702006,3,78123,2,30217
Vivia Trevers,rloble7m@stanford.edu,6217710582,4,98727,1,28865
Coleen Sleney,lkolyaginp9@wsj.com,7735805541,3,73455,1,25367
Anna-diane Gornal,mbotting7a@about.com,3233176464,2,91118,2,28218
Reinhard Fisher,rwatkissc@dell.com,9927640672,5,100601,0,31156
Babbette Filipowicz,rbubbpf@irs.gov,2432997834,3,97774,2,24152
Bee McCambrois,fsatford6t@fastcompany.com,7262807282,4,86275,3,32470
Ashleigh Ploughwright,lcommusso3y@dot.gov,2616805897,6,108794,1,29229
Shannon Tanswell,jheddonpu@lulu.com,4452302893,1,82713,3,18585
Cleon Ashmole,lgarrettsqr@redcross.org,8739703553,4,96441,4,27628
Elysia McClancy,rabrahmovicipv@smugmug.com,3674823660,2,16957,3,16961
Rogers Swanborrow,hmacklamqa@biblegateway.com,4742826160,1,69262,4,29419
Cletis Hatz,alodevickip@google.com.au,3178129786,5,95052,3,32083
Rorie Norridge,nsowle6b@nationalgeographic.com,1704164684,3,81821,1,30768
Kattie Kimbrough,mtate1u@dyndns.org,4175392957,4,98181,3,33958
Artemis Djurkovic,mdumphryoa@mozilla.org,6964961236,3,80829,1,28990
Erinna Leming,hdeverr5@wp.com,3623788524,2,92439,2,24694
Marylynne Hilland,lwellingaw@who.int,1065869647,2,79705,1,25945
Jonell Sacchetti,thanigan6j@icq.com,1973991467,5,107220,0,26895
Bord Ollivierre,gmckailehg@google.de,6101510346,3,98218,3,31504
Philbert Carnaman,gpendergrast3i@hud.gov,5548660183,2,66223,3,25663
Minny Grew,hgehringerpm@reference.com,4098521109,4,97949,4,31492
Tommy Merriott,avyvyanp8@dell.com,8207598399,3,92541,3,34010
Honey Pauluzzi,fgurgeha@apache.org,6217612298,3,69528,3,33991
Ginnifer Chate,cmourantbe@go.com,2808730105,5,101644,1,30542
Felisha Wield,nsquirrellj9@washingtonpost.com,8377869204,0,63263,2,32106
Gawain Harrow,nespinola4m@imdb.com,1177340598,3,90402,2,46227
Temp Getcliff,rhaker58@nifty.com,8206822360,3,89496,3,27889
Ada Maxsted,maddingtonfa@ibm.com,8067185854,3,92299,2,28875
Lothaire Caldera,nlarganag@wisc.edu,4933694098,5,65201,2,24140
Johnette Divine,msalmong2@comcast.net,6403077989,3,72598,4,32068
Gavra Cossar,koosthoutdevree6q@cpanel.net,5147024818,2,92726,2,26956
Trescha Hercules,gkeetchdp@hostgator.com,7274568424,4,74459,3,18104
Ros Mewhirter,mbynelu@vimeo.com,4721842510,3,102649,3,29104
Bourke Hollerin,anapoleone15@ifeng.com,6715489201,3,82000,2,28764
Pall Mummery,dveltman3f@zimbio.com,1937211261,4,43123,2,18009
Mala Pallent,abalaisonb9@businessweek.com,5128898915,3,41086,1,35979
Seana Wikey,bdohrmannch@aol.com,4753467203,1,89026,1,25904
Giulietta Garley,lguilaynn8@ed.gov,4731489230,4,72633,1,26357
Pam MacTavish,dclayal@mlb.com,7478471861,3,70830,2,45893
Levon Ligertwood,cmaskallaa@facebook.com,4168242659,1,81158,3,29082
Corny Hardway,pwhittershw@lulu.com,9363093995,4,83739,3,30033
Jerad Rabier,mdowkerpi@europa.eu,3731807311,4,92119,2,29086
Dru Vassar,bgoodreadqw@edublogs.org,3703561260,3,73352,3,36858
Ardine Powrie,jgrisenthwaitedh@google.ca,7772835754,3,101837,1,30490
Brandise Boord,bdonisiiw@joomla.org,2764104482,4,116459,1,30963
El Cohrs,pbayldon8q@mozilla.org,5958463801,1,68585,1,27502
Kerri Olkowicz,nsiggens4l@tinyurl.com,4087761326,3,101123,1,15123
Judith Gosz,agoodbarr1s@amazonaws.com,3118210299,1,97924,3,27799
Arni Bartelli,apetrelloll@fc2.com,6607219873,6,49046,2,25691
Aeriela Landa,aovittsjg@ning.com,9675180266,4,92773,3,30568
Chucho Pennoni,sscogginsfz@buzzfeed.com,7441455506,3,90107,3,37953
Raviv Birtwell,camiableqo@typepad.com,3742403602,3,97467,2,31901
Timmie Ivushkin,vsargisonfu@angelfire.com,1449015782,4,54780,1,27633
Nancie Shorie,pandinofj@jugem.jp,9125842467,3,90535,0,24051
Melita Entwhistle,acutbirth50@washingtonpost.com,5561013778,5,72497,5,36934
Priscilla Ivakhnov,weidlerqy@multiply.com,4939062805,3,78056,2,27353
Adan Schwartz,ggrayleyij@phoca.cz,6599784042,3,97100,1,31356
Gery Grimoldby,hmariangp@amazonaws.com,9467041916,4,95198,2,29583
Rik Well,dternottme@smh.com.au,4045716358,5,96324,2,26213
Diego Klyner,cgrishuninbn@bloglines.com,8492848949,2,59740,2,25343
Tabitha Adanez,hundrell49@yale.edu,6779022332,3,83149,1,26359
Issiah Fishleigh,gpendergrast3i@hud.gov,6144543515,4,84370,1,20501
Elayne Titterington,gdassindalepa@auda.org.au,9451531978,4,97060,1,39110
Juliana Decaze,pdavidsene1@taobao.com,4104953158,3,91470,2,22192
Marys Addie,mcrippill4y@aboutads.info,6854956679,5,112150,2,14000
Conway Filer,cmounfield7q@goo.gl,9564508876,3,94331,2,30287
Tan Tomkowicz,pchippindalely@seattletimes.com,2025409501,4,74841,3,25093
Traver Sandys,jleblanc5a@utexas.edu,2447710852,2,89296,2,18686
Marcellus Easthope,sveillard8m@hubpages.com,8793035030,4,87767,3,18147
Dennie Rennles,pbrundrettpt@harvard.edu,3131659236,3,96768,2,9564
Lesya Eves,avyvyanp8@dell.com,2988317480,6,110528,1,25090
Doralyn Cowern,pdavidsene1@taobao.com,4153926900,4,95494,3,33466
Livy Danielli,rmcclevertyou@com.com,7622301451,4,110666,2,13150
Bettina Offill,gjewessm0@yelp.com,6769641041,3,102852,2,35020
Violette Gasnoll,mtate1u@dyndns.org,6727347540,1,121055,1,37172
Turner Hawkswood,aottewellm3@dailymotion.com,4514526641,2,92196,2,25965
Porter Girogetti,njimsonfk@ed.gov,8034292065,3,97946,2,46751
Florentia Vivians,mumanbo@slate.com,4926454296,3,89402,1,26941
Karalee Shovelin,cassercg@ftc.gov,3648463876,3,56782,4,19610
Harlie Mc Meekan,drudderham4@drupal.org,9195591971,4,91640,1,20894
Iolanthe Dymocke,oowlner6d@etsy.com,8421827922,1,96988,1,33877
Seymour Eefting,jdaice9s@wiley.com,4661297763,5,116977,3,31729
Goddart Aggiss,ninfantino66@a8.net,5173398418,4,114943,3,31514
Clive Rohlf,cfullbrookh0@ca.gov,9429206628,0,74975,0,28263
Des Casacchia,ngiggcs@bigcartel.com,1591530278,3,87709,0,39944
Kattie Meredith,lrivelin46@amazon.co.uk,6023831922,3,74116,0,32980
Basile Misselbrook,fjoratf8@tamu.edu,8127526958,3,100110,2,31186
Michal Death,sellgoodjy@deviantart.com,4083788937,4,92114,2,26719
Gayleen Ribbon,xhiskeyb4@a8.net,9311517633,2,83796,3,33551
Addison Davenhall,lfassambx@plala.or.jp,6024625427,3,71375,3,21240
Shannan Marchbank,gundyqc@independent.co.uk,8966540242,4,129959,2,31421
Aili Dummigan,cbengtssonmt@sourceforge.net,3136038172,2,48687,1,29532
Sasha Senton,acutbirth50@washingtonpost.com,6867848718,3,77475,0,28697
Stanislas Novakovic,mcaenlh@google.co.jp,7675882244,3,60427,1,30321
Hastings Downage,egrason3n@cnn.com,6235462576,3,61266,3,24992
Brendan Lumbley,evedenyakin3k@ox.ac.uk,4944895253,3,90811,2,18564
Avril Brafield,tcroall0@infoseek.co.jp,6849067154,3,79834,3,32090
Ellyn Dunne,ljackalin3a@meetup.com,1757382674,2,66122,1,28074
Austine Bomfield,evedenyakin3k@ox.ac.uk,1859865839,1,25891,2,32629
Reynolds Heinke,rpenkethjp@macromedia.com,2884490122,3,82863,2,42388
Tabby Gallegos,rdezuani5k@blogs.com,4463719969,1,68318,2,33225
Eddy Aberchirder,tkezorcn@dailymotion.com,6571756491,3,74480,4,24679
Udall Butters,rfrays81@privacy.gov.au,7261588964,3,67228,1,28941
Charlean Capelow,lfassambx@plala.or.jp,4494857284,3,74536,1,32338
Adair Ashwell,mantrum3s@scribd.com,1254196289,5,106751,1,27376
Kayley Wickenden,dsummergill6n@hud.gov,4378921829,3,76454,1,21640
Abbye Casarino,mmacpeaked1@gnu.org,6086628418,3,61564,2,29797
Gusta Jerger,cfullbrookh0@ca.gov,9625642657,4,96734,1,35237
Kipp Weiser,ljehan6h@fastcompany.com,3407830018,3,74611,2,25907
Adriana Fandrey,aklimushev5p@marriott.com,5796249995,4,90147,2,22976
Gisele Collingham,jbarliel1@123-reg.co.uk,5202413722,4,75132,1,28441
Ervin Fomichkin,garnaul@about.me,3157006800,2,87481,5,20883
Dinnie Fontanet,cfullbrookh0@ca.gov,8579043380,2,101780,2,30397
Ellie Pendre,cheddencx@tinypic.com,9112112269,2,96551,3,38859
Alana McKie,tlifton9q@zdnet.com,2545060434,6,108899,3,30105
Brittne Askin,emcsporrinjr@macromedia.com,6322662485,2,94009,1,24923
Rab Stolze,tscammondency@wufoo.com,5669682376,3,82803,2,30624
Jack Aliman,frosenauer97@blog.com,7724987428,3,64146,3,30400
Walt Conochie,bzimmermeisteri8@pagesperso-orange.fr,9826575120,4,45592,1,32525
Cyndia Godsell,jcolpusc1@guardian.co.uk,8843643738,4,91736,3,32706
Ulrich Broxis,hbootherpz@meetup.com,1313093435,3,94871,1,43531
Selma Gatecliffe,gkarlsenoz@scientificamerican.com,3616681455,3,91071,1,27505
Deni Grayer,etweedy6x@cmu.edu,5666339438,2,102127,1,31286
Glenn Barton,whuntressby@scribd.com,3534000979,2,83279,2,33663
Pauletta Strain,lkiossel9b@cargocollective.com,8852864885,3,65308,3,26689
Aharon McKenney,lwellingaw@who.int,5099744491,3,71834,2,32953
Diannne Carmichael,csoot1k@skype.com,8053995982,3,101972,0,32236
Adrien Spellicy,rcastrillolg@paypal.com,9559041905,2,112598,3,29331
Angel Rodway,ccholoninja@artisteer.com,6517104258,3,73338,2,31861
Rikki Spittal,mdotterillq1@facebook.com,9953297930,3,83310,1,12823
Ravi Walewicz,lbethamjq@delicious.com,3828204407,3,58183,0,27650
Izaak Scade,gundyqc@independent.co.uk,9493397020,3,45638,2,25044
Stefa Ivushkin,sygoequ@jalbum.net,2178879453,2,81905,2,32286
Katerina Madoc-Jones,dgress8e@go.com,3702792683,1,79928,2,24198
Sara Ciric,agyenes9e@people.com.cn,3951506008,3,76121,2,22617
Javier Beacon,hobradainkq@addthis.com,2624323165,2,80221,1,29379
Tirrell Tourot,cghidini1j@vkontakte.ru,4985907437,5,112014,3,24932
Corella Tilt,tmaffihx@dropbox.com,2975256064,4,115308,1,30068
Matthaeus McIlvaney,ssyer63@privacy.gov.au,8116282855,4,77615,2,36362
Blithe Cracoe,aibbettc3@irs.gov,7813899078,4,131473,3,28046
Chryste Surridge,tdibiagi5e@umn.edu,2657971375,2,55839,2,31302
Maryjane Bunten,okorfj5@cisco.com,7292086580,1,71114,2,20777
Rhoda Davidovsky,mcianie6@blinklist.com,4677552345,3,13443,3,36480
Magda Maty,bnapletonl2@oakley.com,6944983405,4,71658,3,17213
Sydelle Courtes,rgamlenbm@mashable.com,1196920415,2,77774,2,29711
Donnajean Shade,jguild2b@slashdot.org,7901398635,3,87873,1,28535
Laird Fildes,jlibbiemc@nationalgeographic.com,7433938299,5,84842,2,27874
Davidson Swindells,cpenningtono9@prlog.org,3154262560,3,66551,1,39050
Alene Ambrosch,ngibbingsr6@instagram.com,1107344822,4,73933,1,34974
Gibb Maker,ztante7j@ehow.com,2848140338,3,102851,0,27194
Josey Sargood,scurnnok3e@jalbum.net,9568868129,4,97997,1,23748
Corney Ubee,rnarracottlc@hp.com,3361888925,3,76768,4,32769
Nanon Bohlsen,sswan7u@digg.com,1504957559,2,62991,3,29279
Thebault Dutch,rcastrillolg@paypal.com,5483762801,3,80558,3,27224
Pippo Garrood,gpendergrast3i@hud.gov,7032319464,4,88679,1,19965
Aldric Finkle,bbeetham2p@amazon.co.jp,8804808063,3,91925,2,23037
Perceval Conquer,rkaas1n@sphinn.com,9064772945,4,70629,2,19020
Sybyl Breewood,cascrofte3g@mtv.com,2545192256,4,86703,1,36387
Lizzie O'Carran,mfrango96@histats.com,5457752176,3,70891,3,27330
Meris Caseborne,hgreg8s@wunderground.com,9209328520,4,122693,2,27830
Harli Josefs,rloble7m@stanford.edu,3455994856,2,97963,0,23572
Paddie Fearns,frubinov2k@engadget.com,3049492873,3,94868,2,29710
Elliott Wrighton,mgowen71@ezinearticles.com,1208237286,3,101255,3,28942
Benoit Waplinton,hmacknielyo4@yandex.ru,9521326398,4,93889,1,32275
Guy Smithen,hconklinnj@liveinternet.ru,7034082360,3,95941,3,43949
Benedick Motton,skurtisqh@t-online.de,3911543529,0,61763,1,39795
Farly Snepp,mmctrustyky@samsung.com,7307732964,3,87985,3,35285
Lenna Reeveley,sbearfoothj@gov.uk,1502343220,3,97011,2,19042
Gillan Kalisch,ccholoninja@artisteer.com,6738519481,4,61230,2,32413
Ofelia Bursell,ztante7j@ehow.com,4687614923,2,97949,2,36149
Rodie Dumberell,gwhistlecraft2i@storify.com,4481385328,3,44332,3,28335
Gwyneth Skipsea,ldeaconsonj1@samsung.com,6748099009,4,83058,3,43872
Pietra Thurby,agyenes9e@people.com.cn,2814967817,3,91045,2,12941
Rowney Spatoni,tbaldwinpy@is.gd,7291603287,4,78265,2,21872
Minette Charlon,cfuzzardm5@ifeng.com,9293338657,2,105972,5,31493
Carri Larchiere,wcorckp4@paginegialle.it,4904932772,4,86535,2,35256
Simonette Prettyjohns,mcanaanbf@census.gov,3823965340,3,107141,3,19951
Maxy Stoller,zjull2x@privacy.gov.au,9728786718,3,90882,3,26905
Ashlin Cammack,lthorringtono8@lulu.com,1107515377,3,82755,2,30272
Babara Fairweather,acreak8f@auda.org.au,7584192870,3,142553,3,33863
Sherill Tomasi,abanvilleid@state.gov,2368268555,3,65503,0,29645
Lawry Purkess,hbootherpz@meetup.com,1078950863,1,65321,1,27907
Desiri Gaisford,becclesaller@ustream.tv,3645136002,2,95994,1,26595
Morrie Tomaszewski,rkaas1n@sphinn.com,2869820801,2,86781,1,26859
Huberto Sweeting,tcroall0@infoseek.co.jp,6124811004,3,107224,2,21674
Yetty Di Angelo,trudramd0@shareasale.com,1543129343,2,93505,2,40420
Fannie Gilliat,rkaas1n@sphinn.com,9072782889,3,90085,2,30272
Ches Cartmael,hdemseyi7@ed.gov,1866947948,3,88684,2,22797
Chloette Carlan,halpin3t@senate.gov,7853613681,2,61379,3,26454
Melesa Luttgert,anapoleone15@ifeng.com,7832098199,4,111701,1,43061
Filbert Emett,thanigan6j@icq.com,1052896724,5,112787,4,33917
Lyman Rattry,ljozwiaky@amazon.co.jp,3385575886,3,89415,1,27130
Janice Newlan,trudramd0@shareasale.com,6837029108,4,101483,3,26070
Nanette Coleshill,alodevickip@google.com.au,1098945311,3,76747,3,36084
Kasper Hartburn,mgrimmolby8k@nhs.uk,3565284007,2,68579,2,35343
Odessa Manchett,tmilbymi@free.fr,1263673879,2,93413,2,31417
Marylynne MacCauley,arusbridge77@ihg.com,8031758074,4,62793,2,34387
Hamlen Vequaud,dmurkinhr@economist.com,5741013033,5,107387,1,29347
Mariel Wicklen,egamen5@purevolume.com,9772159054,2,58444,3,35417
Deloris Matas,lguilaynn8@ed.gov,6016033643,3,83311,3,32857
Karin Wiffill,nmottinigf@privacy.gov.au,4438023580,5,69523,0,30227
Dorthy Aireton,frosenauer97@blog.com,5009662142,4,112736,3,16633
Melvyn McNutt,aandrichj0@google.it,3792205861,3,84407,3,28693
Madel Carwithen,jbrilleman1y@pinterest.com,4017452962,2,82908,2,27570
Erin Godmer,okorfj5@cisco.com,4288145681,3,72687,2,27887
Benni Seabon,kitzhaiek61@foxnews.com,8888191116,3,80268,2,30050
Loren Poley,ssmuthfv@house.gov,1916599498,3,87492,3,28199
Frazier Watmough,gwhistlecraft2i@storify.com,9921774573,4,82476,2,31798
Adelind Mc Carroll,avyvyanp8@dell.com,1333949775,4,111025,2,32348
Myrtia Aveson,gdassindalepa@auda.org.au,1543113850,2,83384,2,40069
Joyan Talbot,lnobbsf6@google.pl,3169013649,4,97974,3,27548
Marius Bambrough,apetterspn@e-recht24.de,7591214044,2,75414,0,30808
Elva Weadick,ewalentaqd@howstuffworks.com,8791117107,2,40809,1,38930
Brigid Joselin,lthorringtono8@lulu.com,8875596144,4,97039,3,18411
Booth Pooke,hconklinnj@liveinternet.ru,9298633905,4,97276,2,22572
Katha Garthland,cloveguarda1@vinaora.com,9587688289,4,116348,2,28118
Fielding Erswell,nbitchenerp5@themeforest.net,5289902042,2,95308,1,36517
Winnie Scriven,everlindefi@google.ru,7709736970,2,98428,0,20910
Hadria Hugin,tkindallqn@un.org,2092938437,3,59759,2,53064
Suzanna Rickaert,gglastonbury5l@flickr.com,2882851997,4,92755,3,41317
Effie Mathers,schyuertonpr@fc2.com,9723610723,4,74669,1,30847
Hester Franies,ccorington2m@aol.com,5713808256,3,54395,2,44154
Josee Melding,hgreg8s@wunderground.com,3161036953,4,89788,1,36613
Perkin Ison,csandars2v@indiegogo.com,9249136406,3,108497,1,35843
Cristin Ikringill,cnewlandsin@cafepress.com,7739999427,2,109949,2,34605
Codie Hayselden,rpennockks@posterous.com,8618070293,3,104147,1,27059
Catharina Giacomoni,apavesemq@paypal.com,3306968964,5,85125,1,21423
Michele Leppington,tmilbymi@free.fr,7961000334,3,106964,3,42555
Justinn Trower,sbraddocko2@trellian.com,1317455218,3,73830,3,31503
Delbert Hemstead,aklarzynskint@google.ca,8035929226,4,100990,1,27275
Mallory Theobold,gfrancombev@thetimes.co.uk,9695040421,2,102922,3,27306
Jena Vedntyev,sygoequ@jalbum.net,7684807487,5,86416,1,24997
Fredrick Sibbit,wmumbeymj@hp.com,9074031232,3,113290,4,22708
Garland Dafforne,sdoak4p@tinypic.com,6532448396,4,90165,2,22957
Beryle McReath,kkellarz@amazonaws.com,4021995376,3,105281,2,26480
Tessi Colquete,meaggerrd@dot.gov,1551564031,4,129027,2,42913
Deena Georgeou,maddingtonfa@ibm.com,5051392886,3,71460,2,24095
Errick Critchley,rlowtenfc@pen.io,4681972547,5,64515,2,22291
Elfrida Ricker,tbaldwinpy@is.gd,8876117376,2,97588,1,27155
Elfie Cattemull,hvanacci4a@ihg.com,7902820496,3,77865,1,27963
Danny Dunkerton,cpenningtono9@prlog.org,2725295805,5,89134,1,28659
Ernest Milam,gtyrie33@answers.com,9106891506,4,131913,2,29827
Emlynne Bowdidge,fpeskettlp@youku.com,4394530279,4,80552,2,23928
Isa McPhee,mgianneschima@soundcloud.com,8647904024,1,76508,3,20452
Padgett Waren,lmardlerc@tripod.com,9182640008,4,48394,1,41558
Bree Glover,abeakea2@homestead.com,2058952712,1,65217,1,21295
Merill Tether,drudderham4@drupal.org,1345394563,1,57067,2,27870
Jonah Dickerline,aweatherallf2@mozilla.org,8927933437,3,60498,4,30410
Ruthy Jurisic,lbillsonht@fda.gov,1428893706,3,76478,1,31739
Gregory Splain,nsowle6b@nationalgeographic.com,8521415485,5,61640,1,22881
Hillary Connerry,mmobberleykf@ifeng.com,8854652472,3,95991,1,19050
Bud Abramovitch,nsquirrellj9@washingtonpost.com,2343476482,3,114581,2,17084
Wilhelmine Edelman,hjarreda8@microsoft.com,8314278138,3,78759,2,40555
Crosby Delgado,cmingogv@businesswire.com,5303473412,1,99647,4,41913
Honor Bushell,lletchie@jiathis.com,3582818460,1,97274,2,21239
Tadd Townsend,smccartneyem@topsy.com,2752903988,3,120385,1,24362
Jessamine Dayer,fgurgeha@apache.org,6323950459,3,93520,2,35719
Tuckie Thorpe,apetterspn@e-recht24.de,1938466306,5,89702,2,22288
Hayward Gaunter,tdentonkv@oracle.com,2953111209,2,82077,1,22264
Edgar Permain,jprimaroloqv@purevolume.com,8349753972,2,97371,2,27417
Grete Eglese,wcorckp4@paginegialle.it,9278949935,3,98408,3,19835
Dorothy Croll,narlottlz@timesonline.co.uk,2948869885,3,72799,1,32637
Marrissa Orsi,fdybell1e@theguardian.com,5784954907,4,93633,3,32057
Norri Tilt,gkobeltgz@wired.com,6779251049,4,69335,0,22868
Leupold Casetti,fpeskettlp@youku.com,7079556425,2,56556,2,33322
Walt McLaren,abeakea2@homestead.com,7891253091,1,64050,3,51122
Elston Greedy,hpurchallgc@dion.ne.jp,8261329090,5,65607,2,34135
Goddard Gravenor,gkobeltgz@wired.com,4549869631,4,97743,1,32024
Tommy Fawley,mescoffier9f@buzzfeed.com,4302534628,3,95572,3,37500
Guntar Doumerque,cstapley9i@salon.com,2478454561,3,83323,0,33686
Ker Everleigh,rloble7m@stanford.edu,4125876624,2,96105,1,30668
Clerissa Jacquest,ehebden9t@paypal.com,8093922453,4,78505,1,32224
Goran Linnitt,cburchfield65@quantcast.com,4111470087,3,99167,2,29834
Selina Tipping,hdonkeci@amazon.com,8623479342,3,74009,0,21183
Garner Elstow,erehor2l@t.co,8447287981,4,98627,4,21904
Debora Brashaw,ebuessengd@fotki.com,1322558584,4,80294,1,27742
Lexine Gillogley,rpulhameo@pagesperso-orange.fr,2656416821,3,117064,3,29262
Timothee Caddy,gkeetchdp@hostgator.com,2342805747,3,88697,4,30488
Yehudit Widmoor,kackenheadb0@infoseek.co.jp,2163239011,3,73022,0,24897
Jimmie Sarney,edouberday39@altervista.org,1465342798,4,72066,3,34091
Natasha Piet,hmariangp@amazonaws.com,1335891803,2,91918,0,27026
Ann-marie Southwood,mgallanderspo@princeton.edu,4879751662,2,84833,1,32471
Van Merredy,gunwinslq@histats.com,1582717574,4,117117,1,41088
Wait Vignal,kcharlickar@stumbleupon.com,7432060073,4,86213,2,45624
Pooh Duckworth,ebuessengd@fotki.com,5428889858,5,96774,3,23426
Sergent Chelnam,swhithorn8u@51.la,3761297699,2,95191,2,39911
Filbert Garry,lmatveiko8r@hc360.com,3872817629,3,58225,3,19063
Rhiamon Lahiff,egrason3n@cnn.com,5884915412,4,120693,3,29505
Hettie Hamerton,akenyon2u@engadget.com,9471385681,2,90398,2,22389
Claus Puzey,bbartunekfd@cdbaby.com,2483723758,2,98044,2,32330
Emily Fairhead,mgallanderspo@princeton.edu,8861090874,3,62560,2,29385
Delmor Malenfant,vcashamih@behance.net,6862095837,4,83401,3,30852
Petr Licciardo,kpettingillqp@usatoday.com,6272267164,3,74018,3,32972
Clarice Kauble,rczaplag6@ed.gov,1938718756,2,43067,1,26107
Lotty Jarritt,gpendergrast3i@hud.gov,6437875837,3,87393,3,16552
Nellie Hardway,lcommusso3y@dot.gov,3106312816,3,99756,1,26114
Callie Orgel,ljozwiaky@amazon.co.jp,5978177171,2,99113,2,29522
Dieter Ellerker,ekall8y@ovh.net,6465580977,3,85181,4,30028
Gill Lilian,evedenyakin3k@ox.ac.uk,4596075331,3,127997,2,29241
Kevina Hilliam,thanigan6j@icq.com,8013503872,5,82939,2,20438
Trefor Heyworth,hgreg8s@wunderground.com,4698528113,2,67356,0,31386
Emelita Awin,tbourkel3@hugedomains.com,2946913212,3,78904,2,40405
Larissa MacGille,syatesk@indiatimes.com,4271603664,4,74832,2,29753
Tessa Franies,tkelleherp@narod.ru,5471655270,4,113483,2,38282
Chere Grahamslaw,tbaldwinpy@is.gd,1177947296,1,82434,2,39692
Larina Luff,rmoppett27@addtoany.com,6526677003,4,109697,3,31542
Krista Rockhall,bvardencq@t-online.de,9345841930,2,127976,3,35529
Steve MacHoste,bbeetham2p@amazon.co.jp,7699976830,2,111636,3,26790
Perkin Beeck,dternottme@smh.com.au,6409200671,3,83378,3,12866
Rafe Muirhead,cburchfield65@quantcast.com,4137297300,4,76659,2,46574
Lindy Fitzsymonds,kcharlickar@stumbleupon.com,2875178341,1,84352,2,31164
Brittany Hune,sbraddocko2@trellian.com,9129548997,3,75573,3,39516
Arlinda Leadley,ekall8y@ovh.net,5085901675,3,69053,2,15800
Erica Bealing,ekall8y@ovh.net,4953286923,2,93236,1,18494
Max Corington,rdezuani5k@blogs.com,8795957655,4,72868,2,35266
Theodosia Rykert,egrason3n@cnn.com,6216689236,4,88660,2,15220
Rebbecca Strowther,rpennockks@posterous.com,8926224209,3,90891,2,30358
Darryl Ibbotson,bberstonlv@blinklist.com,7633496083,3,52591,1,24974
Anderea Stanney,mrowthm7@sakura.ne.jp,9868429001,4,108586,3,36428
Isabel Tranckle,bvallentin83@loc.gov,4977224493,2,87679,3,29447
Sondra Minney,dolivelliek@example.com,8704081055,3,98258,1,29824
Rennie Kordes,kdressellpw@yelp.com,5224766795,1,110267,1,32077
Austin Nusche,bbeartupm6@qq.com,7015404689,2,111902,1,36533
Rusty Gowan,abalaisonb9@businessweek.com,8536469188,4,106465,2,31155
Georgina Kenaway,rshaxbykg@vimeo.com,3053162613,4,25162,3,35668
Tresa Pfeiffer,dclayal@mlb.com,1285387512,4,93990,2,31000
Brigitte Pearn,ssciacovelli4s@amazon.com,9881691285,1,124582,2,27061
Sandy Shaefer,jheddonpu@lulu.com,7423742328,4,38559,2,10952
Dane Crysell,arentoulds@google.it,9689562468,2,132222,2,20878
Jen Marquese,bhogginbr@barnesandnoble.com,3336656850,6,68334,3,25709
Jess Rupert,agyenes9e@people.com.cn,7134918840,4,105485,3,34669
Jesselyn Benet,lnobbsf6@google.pl,4436440778,3,114779,2,33820
Georgie Bushel,vcashamih@behance.net,3402248408,5,107320,4,52126
Nance Rosetti,givashnikov5i@skyrock.com,5254049464,2,49817,2,25636
La verne Brecher,cburchfield65@quantcast.com,9237953849,2,134776,1,38496
Howey Lynock,fshivelli5@123-reg.co.uk,5566955996,1,71890,3,23612
Emilio Spark,cilling6y@wired.com,9986116982,3,80069,4,23524
Lolita Waker,ddikelindv@opera.com,1202202283,2,137797,3,32444
Malena Holgan,fbreckwelli9@ucsd.edu,7959556560,4,82841,4,39335
Davis Casley,apassbykj@ca.gov,2721832464,3,70150,2,30250
Dorey Bisgrove,ccorington2m@aol.com,5831700776,2,88748,2,34596
Keenan Naton,rnarracottlc@hp.com,3465272459,4,97633,-1,22646
Teddy Pitkethly,cgoulterpl@ucsd.edu,2834726706,2,121812,3,20988
Buckie Amyes,nbitchenerp5@themeforest.net,6748519367,4,104501,1,32889
Morganne Apperley,rwatkissc@dell.com,4465930698,3,86317,1,28604
Geoffry Hurrion,apetterspn@e-recht24.de,7222441938,3,63059,1,35933
Teddi Gery,sswan7u@digg.com,8955384328,1,89486,1,17151
Alma Petracchi,lkolyaginp9@wsj.com,7476268570,3,79617,3,32156
Laraine Meeny,cmaskallaa@facebook.com,8587052222,3,63004,1,37748
Bertina Reiners,dclayal@mlb.com,3625416888,4,98409,2,18614
Ardene Branche,nkorn7f@skyrock.com,5407391246,4,72317,3,35814
Jethro Draisey,aovittsjg@ning.com,9363825230,2,83536,2,39694
Granger Manzell,ebeddingham31@cpanel.net,1635174616,1,49223,2,19371
Sig Thrustle,gmckailehg@google.de,7081018780,3,100067,2,30637
Binnie Henzley,lallinhc@csmonitor.com,9282416754,3,67133,1,22355
Linnet Ghirigori,cheddencx@tinypic.com,2075583655,4,89873,4,29228
Tina Casazza,ssclater57@cargocollective.com,5478116763,3,66836,0,28898
Billie Brantzen,koosthoutdevree6q@cpanel.net,4915888539,5,53473,4,31344
Arnaldo Goodwyn,akinforth1w@ted.com,9479013249,3,85789,1,29209
Brittne Marcoolyn,lnobbsf6@google.pl,6382095785,3,85509,3,28177
Maxy Simonnet,ppoutress45@princeton.edu,9009226384,2,83262,2,42869
Camellia Motion,lrivelin46@amazon.co.uk,4129441683,2,79995,3,32995
Charin Almond,bbeartupm6@qq.com,9571402444,3,97848,0,27915
Orran Djekovic,lwarham1t@weather.com,8874319589,3,39941,2,47759
Viviana Feaver,rburginnh@gov.uk,7646815781,2,115577,2,15655
Harvey Colquhoun,kgagerbb@uiuc.edu,2588223982,4,72629,3,28236
Stephanus Lindeberg,swhithorn8u@51.la,2907053667,3,104334,2,27588
Ayn Quye,dgrimblebya0@wix.com,7662652244,3,85819,1,32036
Pamella Creane,pstagge8g@goodreads.com,7735889349,3,62836,3,23117
Riccardo Kilvington,halpin3t@senate.gov,4528349844,4,75890,3,44372
Coralyn Lodge,rculmer9a@omniture.com,7571312712,3,97248,1,25315
Edik Corre,ebuessengd@fotki.com,1418131545,3,109592,3,29663
Paten Okker,kdressellpw@yelp.com,7381443573,4,95619,1,39399
Byrle Ballintime,everlindefi@google.ru,1002238187,3,79454,3,30480
Burt Houtby,kbardwell2n@qq.com,6129217346,4,87205,3,43046
Melessa Tribe,psamuelskt@jugem.jp,3603286169,1,97654,3,31066
Renelle Cragg,eaugierm@a8.net,3325321615,4,66194,4,23497
Joseito Larrie,rnarracottlc@hp.com,5875184254,3,104938,1,16792
Verena Hatterslay,lletchie@jiathis.com,5378266663,5,108286,2,22424
Corie Oris,fwoottonj3@desdev.cn,9245125313,5,123014,2,23899
Keefe Cargo,hbrandon4z@dropbox.com,6722898018,3,88042,4,34195
Denni Havvock,kmattocksis@economist.com,9409162158,2,108198,1,34510
Ellsworth Woodsford,gkobeltgz@wired.com,4366755279,4,83564,2,28388
Tova Scohier,jcolpusc1@guardian.co.uk,7289059912,5,71235,1,36029
Clarissa Lamyman,tdentonkv@oracle.com,1299761082,5,78434,2,25017
Bessy Gawthorp,acreak8f@auda.org.au,5383036430,3,116446,1,10384
Estele Braunds,tbourkel3@hugedomains.com,1619433595,2,76097,3,26780
Margi Beddie,lrebichonb8@home.pl,9082620751,3,98269,2,45869
Jarib Beat,jgrisenthwaitedh@google.ca,5559631273,4,81612,3,41019
Trefor Anfusso,fwoottonj3@desdev.cn,7245383016,3,115043,2,41928
Darelle Oleksinski,cfeilden7t@hhs.gov,3718185902,3,76194,3,23834
Kitty Gecke,scurnnok3e@jalbum.net,5468700908,1,59492,2,24747
Brnaba Chicchetto,rwatkissc@dell.com,1283859378,3,120670,3,35600
Evered Hinchon,touldcottr9@psu.edu,5827371635,2,101900,0,24697
Kelley Huyton,rloble7m@stanford.edu,3953856507,2,64084,4,18743
Sarah Cookney,mtate1u@dyndns.org,7222895727,3,90859,2,32070
Hyacintha Troutbeck,kmcdavidh2@skype.com,4179481894,3,71814,2,23973
Lief Bruhnke,bhogginbr@barnesandnoble.com,9397017929,2,97925,1,31523
Clifford Stoffers,bsallerh1@youtube.com,3206497995,2,71282,3,34911
Thain Wawer,pchippindalely@seattletimes.com,9766772638,4,62147,4,32762
Elroy Dandison,lmckennanre@privacy.gov.au,4101749994,3,77664,1,34759
Mirabelle Gisburn,clippiett43@studiopress.com,8412815399,4,83982,3,21017
Audra Goult,lmardlerc@tripod.com,6086917193,4,104602,1,30756
Geordie Isham,ptriggs6f@constantcontact.com,3645714556,5,89383,2,30263
Merry Swine,cdeanen6@comcast.net,6007526258,2,56197,2,31040
Karin Pancoast,fantusch9w@twitter.com,7241153993,2,78975,2,30387
Ulric Anfonsi,bwhistlecraft7o@theguardian.com,5998394549,3,108185,1,32073
Milty Pinkie,bbartunekfd@cdbaby.com,1826615919,5,83787,1,23770
Louella Burgott,kdressellpw@yelp.com,2197715163,4,59387,2,26460
Eugine Aubin,khordle4g@feedburner.com,1901034603,3,74447,2,16451
Erskine Craine,msalmong2@comcast.net,1269920894,4,55564,3,20887
Dion Chrichton,jlibbiemc@nationalgeographic.com,5596837121,4,81100,2,32563
Evyn Downage,rraynoroj@clickbank.net,7319535392,1,97892,2,20177
Portie Abramin,gpendergrast3i@hud.gov,8807417141,1,82931,0,34530
Alverta Stitle,koosthoutdevree6q@cpanel.net,1915752813,3,63173,3,35581
Iosep Warne,adedeide@feedburner.com,3523034151,4,117147,1,18279
Newton Lightning,cghidini1j@vkontakte.ru,9053571549,4,95466,3,19754
Prince Workes,pdavidsene1@taobao.com,7642867314,5,87767,2,19335
Julee Phythien,djenceyqg@theguardian.com,1281582971,2,60977,3,18803
Arney Scotford,gharmantql@bluehost.com,1003310679,3,108301,2,40459
Barton Cliburn,camiableqo@typepad.com,5535674874,1,68559,3,15293
Kristi Andryushin,bwhistlecraft7o@theguardian.com,2956208943,3,63101,2,18320
Ross Werendell,vbrettell4e@wikipedia.org,3208064182,3,38891,3,33497
Lyn Defraine,bmccaughrenf9@state.gov,2383199479,3,66364,1,12618
Ferdie Keunemann,lbladder4o@ftc.gov,4056549031,1,78316,1,35781
Jude Janjusevic,agyenes9e@people.com.cn,7586486734,4,90734,2,30598
Joyous Piddocke,fsatford6t@fastcompany.com,6982480582,4,91669,2,36240
Abbe Greiswood,tgrizardq@go.com,4398510661,3,118328,1,17109
Cristy Rhyme,hconklinnj@liveinternet.ru,1668219849,3,77523,5,30860
Amalee Conochie,lmardlerc@tripod.com,8168712074,4,96012,3,33069
Orlando Ling,hvanacci4a@ihg.com,7239689424,3,89828,1,44801
Perren Mammatt,kmayburyiq@yahoo.com,4371117531,3,91542,0,43521
Allianora Penhalurick,apablofy@amazon.de,1552758777,5,96673,0,30539
Bert Lampitt,rjurczykj7@xinhuanet.com,1359120328,2,55107,1,32721
Katlin Hitzmann,lletchie@jiathis.com,5904939436,4,100756,3,16603
Graeme Hugnin,maddingtonfa@ibm.com,3017018930,3,73331,2,17654
Craggy Tremathick,hundrell49@yale.edu,3933708469,4,106429,1,38078
Ari McCarver,cdeanen6@comcast.net,2634701719,2,123247,1,27417
Pepillo Handsheart,clippiett43@studiopress.com,4392397066,4,65259,4,24180
Kath Draper,lkiossel9b@cargocollective.com,7365067315,4,84441,1,29352
Dagmar Yearby,nsiggens4l@tinyurl.com,4207408116,2,103984,3,35726
Boote Weitzel,acutbirth50@washingtonpost.com,3159044239,2,83147,0,30200
Adam Frome,troakesbs@npr.org,6655601033,3,67794,2,35022
Skylar Wasielewicz,fvalintinern@seattletimes.com,7075152380,3,95837,2,25233
Ardella Scutter,sscogginsfz@buzzfeed.com,7902816842,4,113647,2,22246
Janela Guihen,ndouglassjm@nytimes.com,9531596388,4,96022,3,17553
Alastair Mindenhall,ewalentaqd@howstuffworks.com,7953257793,3,65470,1,29536
Parnell Lezemere,rabrahmovicipv@smugmug.com,9823030590,2,97600,2,27966
Thaddus Philpott,rnannizziia@ebay.co.uk,9088324796,1,92080,3,20619
Cly Frie,mbourgeoish6@flavors.me,8038676670,3,58698,2,32695
Filia Ivakhno,ngiggcs@bigcartel.com,5231846548,2,93649,2,29946
Meredeth Mewes,dbrisardo1@addthis.com,1833699345,4,85424,2,19747
Brandon Fidelli,sellgoodjy@deviantart.com,2517432575,3,76577,3,24057
Thibaud Dedam,rraynoroj@clickbank.net,1357138912,5,91173,4,17976
Antonina Sissons,plabrumd@ezinearticles.com,7198689278,4,77417,4,30902
Vivie Tuckie,hdeverr5@wp.com,7169988303,4,97008,2,33791
Hertha Faill,hkurtis2s@phpbb.com,8401454998,3,42372,1,42497
Zorana Amberger,gkeetchdp@hostgator.com,5057266738,3,123762,3,30410
Thomasine Upwood,mongink2@aboutads.info,5298975465,4,86820,1,17341
Bartolemo Raoult,kbardwell2n@qq.com,5723541118,3,75082,2,26991
Sydelle Adamowicz,whuntressby@scribd.com,6708027325,4,83603,3,20732
Benoit Coultish,mscowenmz@sogou.com,9739525158,2,85041,2,26301
Anitra Eglin,nespinola4m@imdb.com,9956264419,2,70366,2,34630
Rora Cyples,codonohue40@tuttocitta.it,5326885469,4,89477,2,32653
Gabbie Cuthbertson,mblampiedhn@wix.com,6355398962,4,93024,2,26641
Reinwald Huikerby,jaguirrezabalakk@youku.com,3003897567,1,52169,0,38674
Gavan Faulo,msalmong2@comcast.net,7893751667,3,95632,2,33850
Kelbee Reidie,lthorringtono8@lulu.com,9096618691,4,59223,1,26047
Dniren Andrelli,fpeasnoneex@patch.com,7219079887,4,62032,3,24845
Giuditta Krale,syatesk@indiatimes.com,6698689930,4,114299,3,39181
Cesya Symondson,abygottny@moonfruit.com,3624313072,4,75741,2,26267
Hasty Farnaby,fshivelli5@123-reg.co.uk,1771837863,2,81426,0,22286
Elinor Del Checolo,mcaenlh@google.co.jp,1703165765,3,101114,3,21034
Tommie De Ferraris,mbynelu@vimeo.com,2056860481,2,71580,2,13563
Dyann Penni,vperriee3@sbwire.com,6707091263,3,68512,1,26874
Kailey Iddison,rculmer9a@omniture.com,3438279804,4,79923,0,35582
Shalne Abramzon,lfrankens@pcworld.com,4418621799,4,64270,3,29124
Vassili Silvester,ckyston0@ning.com,5888158134,3,87362,2,30766
Everard Orrobin,hvanacci4a@ihg.com,1564640499,2,82084,3,19472
Desdemona Lambersen,sterronhz@dot.gov,7589308339,2,72300,1,37350
Corney Scurrey,rmoppett27@addtoany.com,7302217247,5,38825,2,18765
Willette O' Mahony,fbreckwelli9@ucsd.edu,4217854468,1,116134,2,32545
Markos Niblett,hbethel6m@gnu.org,4255805991,3,78864,2,27079
Ario Horlock,pharrill12@google.it,9596013289,1,114550,2,36249
Darice Houliston,vsargisonfu@angelfire.com,7013414069,4,71265,3,30094
Chloe Evers,mbynelu@vimeo.com,5302450995,2,69735,3,24388
Jackson Hyrons,kpettingillqp@usatoday.com,3685382227,3,87239,1,22133
Geoff Farny,tcroall0@infoseek.co.jp,3022799860,2,120212,2,39415
Starr Arnaudin,cfurminger6@engadget.com,3584828597,3,81078,2,31815
Ursa Cleal,fshivelli5@123-reg.co.uk,7206799246,3,85099,3,14108
Philis Winchcombe,gkarlsenoz@scientificamerican.com,4428666176,2,36378,1,30159
Rozalie Pickston,bdohrmannch@aol.com,6059256413,4,65162,3,31105
Andriana Dulieu,jleblanc5a@utexas.edu,6145990315,1,72160,4,32785
Edythe Cadle,njimsonfk@ed.gov,5726943366,4,90110,2,40773
Ottilie McElwee,mgibbenet@princeton.edu,1391115098,1,90826,1,35041
Samson Macellar,atortis87@alibaba.com,6431698477,6,67418,1,41100
Marwin Jinkin,nmottinigf@privacy.gov.au,4268778487,2,91818,2,28638
Lavinie Minthorpe,hdemseyi7@ed.gov,1284777210,3,86629,0,31864
Elton Verdun,sswan7u@digg.com,8165026360,2,83523,2,40543
Chelsie Fairbourne,rhaireko@simplemachines.org,3691948970,4,114069,0,32743
Betteanne Fedoronko,codonohue40@tuttocitta.it,7756141296,3,80455,3,26582
Dredi Sneden,hdonkeci@amazon.com,7234602551,5,87439,2,32549
Elora Day,cilling6y@wired.com,5672703305,2,86782,0,16830
Pail Platt,smccartneyem@topsy.com,4008692745,4,66761,0,25084
Bron McEttigen,rwatkissc@dell.com,4849593444,1,75163,2,26398
Tobiah Hart,fvalintinern@seattletimes.com,1616651065,3,73900,2,32014
Marlowe Mazzey,bgrimwade47@forbes.com,8528193257,1,86863,3,16903
Lissy Purple,cloveguarda1@vinaora.com,2809978606,3,64927,3,23363
Jenilee Blenkiron,kpardewf4@ucoz.com,2257628938,5,75300,1,25652
Stearn Riccelli,bvardencq@t-online.de,5415208166,3,63485,2,37713
Selene Hayle,rculmer9a@omniture.com,8221913815,3,122307,2,33865
Sallie Fratson,narlottlz@timesonline.co.uk,6365461298,2,43472,3,21666
Livvyy De Carlo,lnobbsf6@google.pl,2095809753,4,78217,2,22066
Kerri Stoddart,lmatveiko8r@hc360.com,5715436555,2,66852,2,13286
Dare Jans,ohutchence70@blogtalkradio.com,5304758319,3,71302,3,27159
Adele Luby,cgarthshorek4@bigcartel.com,9221663850,3,91781,3,28538
Shirlee Persian,zjull2x@privacy.gov.au,1451607145,4,52297,0,33181
Dorolice Gilcriest,esnookesln@buzzfeed.com,5374836210,2,76677,3,43712
Val Pott,ebuessengd@fotki.com,4786903037,2,96146,2,37551
Leah Gillions,bdohrmannch@aol.com,2575390248,4,104225,1,37317
Wrennie Westall,kdressellpw@yelp.com,7622772886,3,92576,1,32092
Lonni Kaspar,thanigan6j@icq.com,4742683601,5,84885,2,33024
Hewet Sackey,hundrell49@yale.edu,6555071292,3,86527,2,28747
Rex Haverty,nsowle6b@nationalgeographic.com,2788827908,2,94806,2,29139
Jayme Fridlington,lvicentg7@canalblog.com,4513314005,2,76615,3,26144
Trudy Gatsby,ljackalin3a@meetup.com,6242881529,1,81068,2,41253
Ilene Lippett,ljehan6h@fastcompany.com,3946476923,2,82919,2,23726
Ade Gascoyen,wliptrotkc@weather.com,7536931392,4,88561,2,38340
Granny Boggis,kkellarz@amazonaws.com,5013621280,2,91194,2,30706
Cathee Cromer,evedenyakin3k@ox.ac.uk,1675365922,3,92159,4,37480
Pauletta Woolacott,rtomblingdo@blogger.com,5724017206,1,101762,1,24390
Murial Saller,jguild2b@slashdot.org,4714719790,2,89383,1,22378
Philomena Dodsley,rburginnh@gov.uk,2155086125,3,86032,2,20318
Ashlin Sarl,mquaintance4t@washingtonpost.com,1289573500,4,92834,2,23965
Dion Reichert,dpaolonik5@vimeo.com,9094327064,2,85467,1,25502
Ambrose Pohlak,fpeasnoneex@patch.com,5762005951,4,98463,1,35489
Valentia Morphey,aconing20@woothemes.com,7758899641,4,110655,4,31470
Eran Spadaro,twehner3w@joomla.org,3865617839,3,85030,3,21557
Daisi Grieve,abygottny@moonfruit.com,4975273931,2,57600,0,35348
Fonzie Roblett,mumanbo@slate.com,4038081108,4,103785,2,26156
Nolan Rowlinson,sdiapercf@mail.ru,2273102154,4,102740,2,34121
Cirilo Aguilar,fsatford6t@fastcompany.com,9167757439,4,62258,0,44299
Fara Boldock,mbaudyi4@walmart.com,5347534633,4,54314,2,36446
Kath Grece,ldeaconsonj1@samsung.com,4352736786,4,56667,4,37284
Klarrisa Bourtoumieux,gwhistlecraft2i@storify.com,2629978300,2,62714,2,26885
Gustav Macieja,dbrisardo1@addthis.com,3441631945,4,95305,2,28158
Derward Ketts,cloveguarda1@vinaora.com,3923812720,3,89475,2,24969
Jocelyn Cowtherd,tbourkel3@hugedomains.com,3213063862,4,79175,2,20928
Issi Dubble,hmariangp@amazonaws.com,3213358846,2,95145,2,39674
Conney Salerno,dsparkwill9o@arizona.edu,1954695909,4,73701,2,19042
Christoper D'Hooghe,nwoodington1l@lycos.com,3383702054,4,75049,2,39683
Reagen Coldbathe,rloble7m@stanford.edu,1721439290,4,39985,2,33188
Erny Michie,ppoutress45@princeton.edu,8732928002,4,96873,2,21226
Darline Huet,ewalentaqd@howstuffworks.com,3127749535,1,69937,2,27680
Tremayne Casale,ckyston0@ning.com,1945830813,2,64703,2,34766
Berton Chamberlin,becclesaller@ustream.tv,8341595569,1,104135,2,26744
Nikola Littrick,sterronhz@dot.gov,3628731047,4,98219,2,22149
Naoma Bilton,mcraytonhi@ca.gov,7043501788,2,76397,1,29879
Farlie Tomasik,cgarthshorek4@bigcartel.com,9381946431,1,65986,2,24196
Zabrina Connor,rbubbpf@irs.gov,5404727413,4,60767,1,36742
Reidar Lamers,hbethel6m@gnu.org,3231427080,2,95163,2,29725
Pietra Quiddington,ssciacovelli4s@amazon.com,7368929870,1,85813,1,30874
Olive Francesconi,tdentonkv@oracle.com,8667189762,3,108337,4,41234
Micah Menego,fshivelli5@123-reg.co.uk,4442769590,2,83942,2,25774
Jorry Evert,cmounfield7q@goo.gl,6795425288,3,86964,3,33640
Ramonda Nichol,dbrisardo1@addthis.com,4281103019,3,131767,0,26754
Adolpho Curling,bbeetham2p@amazon.co.jp,6353387083,3,70845,2,22726
Edee Francom,emicklewicz9d@psu.edu,9032780615,3,90344,3,23876
Rhodia Canniffe,ddikelindv@opera.com,4822881393,1,56412,2,32664
Jillana Kentwell,kgagerbb@uiuc.edu,5361848783,5,81632,3,23934
Jess Mainstone,aandrichj0@google.it,4324787573,4,85402,2,30223
Matty Bellwood,awegenercb@issuu.com,6774855555,5,54790,2,25761
Jocko Letterick,ksimmillew@imgur.com,1147933148,5,94712,1,33147
Kinnie Curtiss,aweatherallf2@mozilla.org,8718072844,3,53590,3,30338
Ninnetta Petasch,swhithorn8u@51.la,7281221184,3,40418,3,25802
Hobart Botterell,avyvyanp8@dell.com,3819010192,2,84823,2,33994
Lalo Corsar,ljozwiaky@amazon.co.jp,4566949149,3,60722,2,31333
Vick Kelway,ebeddingham31@cpanel.net,4834506251,1,79992,2,38671
Elnar Espinha,lricoald8n@printfriendly.com,2336263356,0,90863,2,24630
Nikos Cagan,gbeachamp2j@marketwatch.com,8717006210,3,104746,3,33643
Raphael Phillimore,sbern3b@accuweather.com,1642922020,4,102973,1,31796
Davis Daunay,roddboyri@java.com,2818235094,3,81647,3,31211
Toddie Aiskrigg,kmacgeenk@bbb.org,6512620491,2,97546,2,39664
Berry Brasener,lmckennanre@privacy.gov.au,9525379103,3,102924,3,31450
Bellanca Cartmel,fgurgeha@apache.org,5718752237,1,45242,2,39421
Datha Avramchik,jcolpusc1@guardian.co.uk,8615284362,3,88594,2,43175
Doti Wornum,cigog5@blogs.com,2095292479,4,43670,2,24209
Fran Toffano,ltoffel68@weibo.com,6185306300,5,71492,1,39650
Noel Iacobucci,lcommusso3y@dot.gov,9349210197,4,75200,3,27622
Abbey Newbegin,rpenkethjp@macromedia.com,9199045422,2,51629,2,41880
Marilyn Shilburne,rnannizziia@ebay.co.uk,6448543026,4,57497,2,21907
Claribel Braysher,kmcdavidh2@skype.com,6077140088,4,68796,1,31450
Minette Idle,cfurminger6@engadget.com,7193511624,3,110265,3,33555
Laetitia Dockerty,vperriee3@sbwire.com,2007792572,4,113291,3,29238
Chrysler Sherman,bbeartupm6@qq.com,4061660900,3,88452,3,22049
Karlie Stammler,plabrumd@ezinearticles.com,8042861015,2,105094,3,33464
Millie Strong,cfurminger6@engadget.com,3682654744,4,94237,2,16208
Hedy Derisly,lhammerbergert@github.com,7196273847,6,82144,2,39479
Brent Brumwell,cheddencx@tinypic.com,9889773859,5,55676,1,42200
Irvin Fey,cstapley9i@salon.com,2567786705,3,53698,2,34352
Hamilton Davey,efeatenby8i@theglobeandmail.com,3554574265,4,85029,2,29990
Gretel Eagland,lkolyaginp9@wsj.com,4894888252,3,152133,3,40904
Orran Nadin,aolyhanekz@nhs.uk,8959160221,4,70859,3,37417
Nanete Astle,ccholoninja@artisteer.com,4862244993,2,89677,1,28960
Ava O'Scully,okorfj5@cisco.com,9289335596,4,58315,2,38043
Rodrique Ramel,aovittsjg@ning.com,3511788897,4,67707,3,41065
Carmine Durnall,gmckailehg@google.de,2164602924,3,75660,2,15262
Martica Berrycloth,aottewellm3@dailymotion.com,6113589794,2,105206,3,18582
Burtie Beckingham,frubartellih8@walmart.com,1506961734,5,95797,2,25837
Lida Pryor,rwatkissc@dell.com,7893494605,4,91470,2,32801
Chelsey Abbis,cloveguarda1@vinaora.com,9434668753,3,92947,1,29338
Tiler Pamment,tlifton9q@zdnet.com,2613318447,4,38964,1,38358
Garry Juorio,ebuessengd@fotki.com,7267251289,2,89456,2,34579
Orel Croysdale,mbourgeoish6@flavors.me,8493701419,3,75706,0,32318
Brenden Antonacci,avyvyanp8@dell.com,4408476098,3,81482,3,36607
Fannie Icke,ebeddingham31@cpanel.net,5433276989,3,54627,2,22428
Godard Hovy,scoppockei@slideshare.net,6614425898,4,78758,2,35322
Gay Shears,vbrettell4e@wikipedia.org,7937555514,2,132105,2,28900
Dallis Parres,rbegind6@usatoday.com,8909589133,2,82460,1,27069
Sylas Shillinglaw,smccartneyem@topsy.com,1248761249,3,55244,2,22162
Danny Banisch,mmctrustyky@samsung.com,7977812927,5,122511,1,30762
Jackie Trenoweth,rmoppett27@addtoany.com,9696874784,3,78475,2,36049
Sutton Kernoghan,shalledayps@go.com,9358208918,2,72013,2,31355
Lorie Mabee,sveillard8m@hubpages.com,7344533385,3,22236,3,36522
Gale Iredell,rfrays81@privacy.gov.au,1114851060,4,99930,2,36030
Elsbeth Achromov,lthorringtono8@lulu.com,6493335721,2,90430,1,18138
Martita Demke,dgress8e@go.com,1652934233,2,49213,2,34844
Fletch Panas,tayrs7i@w3.org,3764475900,3,68913,0,32420
Anneliese Ellerman,mbaudyi4@walmart.com,3579986242,2,81487,4,35166
Clevey Riediger,lrivelin46@amazon.co.uk,2224170831,3,71348,2,30401
Retha Teese,mgrimmolby8k@nhs.uk,7746455918,2,64837,4,29655
Farlie Liebermann,halpin3t@senate.gov,8992726542,3,98612,0,20227
Janet Down,kpetzoltr2@amazonaws.com,1746626744,2,79716,3,21147
Kenton Muzzollo,sterronhz@dot.gov,2405570970,3,78716,2,30194
Fabien Joynes,lguilaynn8@ed.gov,1795375921,2,94814,1,27968
Mabelle Mabbott,bofogertyno@theglobeandmail.com,9948332273,3,77614,2,31181
Ashli Corkan,asandercockj6@techcrunch.com,4051708740,3,61233,4,13650
Jeromy Blanchard,atortis87@alibaba.com,4122168898,4,58174,2,27179
Ronny Zanassi,vperriee3@sbwire.com,7951884300,2,83299,3,28107
Ansley Doodson,mscowenmz@sogou.com,6535817856,2,74972,1,31653
Toby Janacek,deddies9y@foxnews.com,9569627421,2,95408,2,27273
Gayel Sive,nsiggens4l@tinyurl.com,2163739277,2,67586,2,39710
Halsey Hamm,gkeetchdp@hostgator.com,4346154149,3,70122,2,23975
Bryna Pisculli,pharrill12@google.it,9586330088,3,96904,2,16789
Serene Cissell,jclementeox@nature.com,9648103550,0,68792,3,33793
Sheeree Jacquot,ssowtene8@msu.edu,6656453699,4,59054,3,37233
Maire Goodered,mcaenlh@google.co.jp,3103642196,3,85193,2,25565
Marjory Whetnell,bvardencq@t-online.de,7368362675,2,82265,2,35684
Stevy Cicero,hdeverr5@wp.com,5383854820,2,116781,-1,33681
Cordell Henzley,ebogaysig@webnode.com,8759962890,3,83259,2,17068
Dalton Wheble,jchetwin3u@nationalgeographic.com,1098877382,3,56152,2,31184
Klaus Kemmish,sswan7u@digg.com,3045537980,1,52835,3,21597
Harv Bleacher,dternottme@smh.com.au,2408416851,2,86263,3,28445
Avictor Batram,tmenchentonol@mapy.cz,4754140350,2,78143,4,32345
Ulrich Dade,bvardencq@t-online.de,2308432508,3,87336,1,25464
Halie Izakovitz,adedeide@feedburner.com,3047727801,2,76707,0,31332
Batsheva Fairhead,obeavorsl5@wired.com,5275341301,3,89484,4,23672
Roarke Gorthy,mscowenmz@sogou.com,4272850843,2,94372,0,33316
Emmery Shaddick,mcianie6@blinklist.com,7108502172,3,87446,1,29255
Collete Purvis,neisakoq@spotify.com,9161420861,3,89656,3,20876
Virginia Jeeks,cigog5@blogs.com,1128535448,2,102316,1,38045
Darell Ferreira,mcaenlh@google.co.jp,9366949563,1,116008,2,28094
Fredek Curling,kmacgeenk@bbb.org,2169177832,4,99790,3,23325
Fields Hughlock,rshaefer8j@samsung.com,6453271559,4,126782,2,40683
Celia Seamon,mcassefh@bluehost.com,9949075640,2,100741,2,30322
Koren Oventon,sygoequ@jalbum.net,7533287296,2,98207,1,33711
Hendrick Frick,jprimaroloqv@purevolume.com,1959737161,2,66820,2,29159
Parsifal Peeters,mgowen71@ezinearticles.com,6968046921,2,110901,2,25709
Ailis Duplan,cbengtssonmt@sourceforge.net,6539909373,4,89083,2,37488
Carmine Spargo,cloveguarda1@vinaora.com,9869710194,3,107542,2,27769
Courtney Masdon,bbeartupm6@qq.com,7465544562,2,89459,4,37107
George Tabbernor,rlowtenfc@pen.io,8981433963,4,110495,4,27787
Hobart Delhay,dternottme@smh.com.au,2735561415,3,57247,2,38975
Helenelizabeth McElrath,mfrango96@histats.com,5847577929,2,115456,4,43476
Vivyan Barnewall,weidlerqy@multiply.com,6051751895,1,90503,0,32109
Crissy Gravenall,nmottinigf@privacy.gov.au,6464192585,3,130794,1,31929
Estevan Perott,ptriggs6f@constantcontact.com,4211930321,1,116796,3,33212
Gaspar Luckham,ccholoninja@artisteer.com,2444040160,4,106772,2,27365
Chantal Wooller,mquaintance4t@washingtonpost.com,1795356537,3,77017,2,9995
Rasla Christene,arusbridge77@ihg.com,4145143611,1,56227,2,22586
Kristin Wardale,ksmelley2q@salon.com,1861802021,3,92267,1,39440
Tilly Bletso,khordle4g@feedburner.com,4561147804,3,100549,3,23060
Rosamond Ellif,hcurnokkq3@unc.edu,2609232286,4,64249,2,28274
Lian Westgate,mdotterillq1@facebook.com,6836171510,1,96684,3,22055
Veriee Vedyasov,lmckennanre@privacy.gov.au,5652152226,3,114865,0,43406
Briant Dowber,jbrilleman1y@pinterest.com,8012972481,5,58016,2,28239
Dolores Duplan,mgallanderspo@princeton.edu,1699809887,3,83620,2,24747
Kathe De Lacey,bbartunekfd@cdbaby.com,2342883102,2,81807,2,12227
Micheil Deesly,mantrum3s@scribd.com,9339412605,3,87405,1,25669
Dusty Bygrove,wcreamfr@weather.com,1501898782,3,95627,2,31629
Gertie Eidelman,akenyon2u@engadget.com,2026048375,2,140904,3,22505
Sergeant Sachno,pdavidsene1@taobao.com,2628314071,3,66307,3,27543
Monah Mucklow,gjewessm0@yelp.com,3916856074,4,118013,0,31697
Minni Tissiman,bwhistlecraft7o@theguardian.com,2549454461,3,114321,2,36478
Germana Merrgan,cheddencx@tinypic.com,6771612737,3,102096,2,22113
Benito Elldred,ngibbingsr6@instagram.com,7102756779,4,68533,2,37201
Cathryn Koles,mgowen71@ezinearticles.com,6684051485,3,125242,2,22544
Zahara Fattorini,ldeaconsonj1@samsung.com,2688912440,1,83475,1,26243
Issy Manger,rmcclevertyou@com.com,5549873039,5,72475,4,25360
Martynne Bussey,gpordallmn@ovh.net,7694208534,4,63792,1,19198
Daisey Cobb,cfuzzardm5@ifeng.com,1691521031,4,100615,2,22598
Jennilee Bedo,bdunphyfl@nps.gov,3174810691,3,69238,1,36662
Cymbre Markie,bettery74@posterous.com,5114468862,5,96328,1,21927
Gillie Hanlin,rbaptistaga@icq.com,9883785027,3,55511,3,24247
Boonie MacCarroll,mcanaanbf@census.gov,9116016042,3,96384,1,29492
Tedman Menendez,mcanaanbf@census.gov,7144685499,3,59311,2,30243
Willi Melsome,maddingtonfa@ibm.com,7575045289,3,94515,3,31748
Suzanne Iveson,epilgram7l@jimdo.com,8273782813,2,65008,1,35223
Coralie Ripon,tkelleherp@narod.ru,3355443825,2,96258,2,31793
Brooks Borrill,fsatford6t@fastcompany.com,3947945388,4,80987,2,32896
Rosalind De Witt,mribey3z@mediafire.com,6591409946,3,81494,2,35756
Neddie Rainey,codonohue40@tuttocitta.it,3952791698,2,81747,3,26601
Kermit Synnott,tbaldwinpy@is.gd,9145396461,3,109793,3,39393
Lucius Pollen,jcolpusc1@guardian.co.uk,7142523050,2,129254,0,32138
Walden Riping,bvardencq@t-online.de,3405607488,3,66698,1,44480
Riordan Gauvin,hdemseyi7@ed.gov,9879699905,3,86949,4,25095
Romona St Clair,mgibbenet@princeton.edu,4865899369,2,84598,0,30919
Dru Ponde,jcordell90@sakura.ne.jp,1927812054,3,86981,3,22971
Roger Corradetti,gboutellierqb@diigo.com,9129474113,3,113032,3,21586
Pooh Challiner,fstentiford91@cbc.ca,7359181630,1,85292,1,35964
Hazlett Keston,cpatriche73@cbsnews.com,2574710872,3,64315,1,28530
Shepherd Curnick,jbrilleman1y@pinterest.com,2585882788,4,109330,3,36578
Norby Kiefer,rbaptistaga@icq.com,6725746412,4,77572,2,35446
Wilona Yakovliv,rpennockks@posterous.com,1902883580,2,60102,2,33371
Christiana Peaple,hmacklamqa@biblegateway.com,9334481745,3,85884,2,22816
Othello Bealton,jchetwin3u@nationalgeographic.com,3498009590,2,73635,4,33619
Steven Filewood,femneyl4@vinaora.com,1799939780,2,100467,3,36952
Mead Crawforth,jrennekedr@discovery.com,4962163824,2,72683,2,31328
Fiorenze Gainor,hmacklamqa@biblegateway.com,3512625055,3,76620,1,15701
Shirlene Wontner,noylettp2@deviantart.com,5195777292,1,87821,2,35349
Alfonse McKevany,rdezuani5k@blogs.com,3425118493,5,83973,1,16601
Mendy Clowney,frubinov2k@engadget.com,6248005494,3,108007,1,36646
Burton Millberg,plabrumd@ezinearticles.com,3747392623,3,86521,2,43816
Ricky Maeer,cburborough8d@nyu.edu,3257987438,3,31110,3,35402
Bab Derges,aklimushev5p@marriott.com,5471465824,2,88531,2,14939
Terrell Applin,bissetti2@ucoz.ru,1315153458,5,102554,2,37493
Axe Vint,rwatkissc@dell.com,1136365575,5,94844,3,21896
Keenan Littlepage,fsatford6t@fastcompany.com,8946022418,3,103082,3,34739
Ewan Banes,twateridgek9@jigsy.com,1472351509,2,79941,3,45839
Harbert Barbey,gpendergrast3i@hud.gov,9716468779,3,88345,1,31726
Jo ann Beesey,avyvyanp8@dell.com,6035222423,3,98037,1,22064
Babs Filer,ssmuthfv@house.gov,8202065356,4,94486,3,26270
Ardra Suddaby,cburborough8d@nyu.edu,2982623690,5,63524,3,26111
Jacynth Cottrell,jcolpusc1@guardian.co.uk,6092634629,4,98691,2,20615
Gwendolin Wornham,camiableqo@typepad.com,9735653552,2,74532,0,20690
Catie Lugsdin,jbarliel1@123-reg.co.uk,1224684076,4,81288,2,27923
Eada Toquet,nbitchenerp5@themeforest.net,6431365842,3,89052,0,40333
Marchall Cunliffe,jprimaroloqv@purevolume.com,9347262001,2,58648,3,26605
Tulley Bartod,mmingoaz@youtube.com,4053949169,2,51182,3,19476
Austin Triggol,trossonng@jigsy.com,8477117878,2,49390,4,15617
Coral Singleton,roddboyri@java.com,5342814165,3,89190,3,38951
Angelia Nickoles,dkerijt@php.net,2403966879,3,96910,3,16575
Kala Bilverstone,pandinofj@jugem.jp,1742066686,4,86213,1,27180
Coral Gaynesford,cascrofte3g@mtv.com,6216063115,3,98593,2,32352
Micky Roxburgh,givashnikov5i@skyrock.com,8483782895,4,120683,2,34853
Casper Purseglove,lmatveiko8r@hc360.com,1423531681,1,114209,4,36990
Pattie Stocking,okorfj5@cisco.com,1546794101,2,73856,1,32119
Base Aneley,vcashamih@behance.net,9585905248,3,51328,2,23762
Ninon Ughi,hgehringerpm@reference.com,4166290761,4,49572,2,30523
Valentin Steele,izutev@comcast.net,2835584483,2,66744,1,35117
Leroi Dennison,rczaplag6@ed.gov,1687325808,5,128810,3,26148
Theresina Paske,bvardencq@t-online.de,2167123179,1,45413,3,32212
Biddy Mays,cgoulterpl@ucsd.edu,2786044820,4,56654,3,36247
Antonietta Rosander,hcoileyo0@dmoz.org,6395083405,2,99626,1,34562
Lula Leel,gpurkispk@woothemes.com,2259597334,3,52927,3,37311
Gianni Lorenc,gdassindalepa@auda.org.au,1614879890,3,79298,2,32832
Flossie Porker,kackenheadb0@infoseek.co.jp,8863123008,4,41687,2,40072
Modesty Bowes,sskeggs9@naver.com,8042458491,2,77085,3,28080
Fleur Mathwin,epilgram7l@jimdo.com,2974409229,2,78608,2,20190
Pauline Spreag,asandercockj6@techcrunch.com,5433817482,3,123314,3,37128
Estell Skayman,tmilbymi@free.fr,4062135431,5,45184,2,28949
Kris Davis,lletchie@jiathis.com,6175772083,5,83827,0,32411
Daloris Cella,mescoffier9f@buzzfeed.com,7358889945,3,69001,1,25095
Arlen Kemmett,ckyston0@ning.com,3664970028,3,66016,1,34430
Crichton Somerville,hobradainkq@addthis.com,3968228603,2,95106,1,22319
Morgan Kynder,jclementeox@nature.com,2737481096,3,64990,2,25555
Cameron Medendorp,ninfantino66@a8.net,4692977391,5,59240,2,15667
Tades Chubb,lvicentg7@canalblog.com,3728426164,3,106869,2,23418
Phyllys O'Scandall,mgallanderspo@princeton.edu,9191124048,3,101283,1,37201
Mar Gilliat,femneyl4@vinaora.com,7272899329,1,100263,3,26923
Llewellyn Wedmore.,mmingoaz@youtube.com,1283400286,3,97687,2,19401
Aile Alexandrescu,aibbettc3@irs.gov,2379949776,3,46096,2,25592
Germaine Forson,eweed54@bloglines.com,2717367225,4,55076,0,29200
Heddi Chicchelli,gkeetchdp@hostgator.com,9386944811,4,66132,2,29629
Susi Tettley,cbrennandjx@mayoclinic.com,9123872443,4,49058,2,38894
Gracie Gregoire,fbreckwelli9@ucsd.edu,8083973926,3,82055,1,20281
Shana Lindblom,cfullbrookh0@ca.gov,1163965948,4,67549,3,34010
Sloane Jerson,ninfantino66@a8.net,9542147779,3,70655,1,45096
Veronica Kindon,cfurminger6@engadget.com,3394563800,3,93921,2,32438
Malvin Hazleton,ljehan6h@fastcompany.com,3252426540,1,94904,2,28591
Aylmer Piscopiello,cmingogv@businesswire.com,3545566452,3,107415,4,36600
Nicolas Rowledge,mbynelu@vimeo.com,5372224291,4,65009,3,36117
Anette Bodycomb,weidlerqy@multiply.com,7106598609,3,88650,2,31400
Christy Sanday,kyon5n@comcast.net,2622917056,2,100920,4,22547
Shina Endrizzi,ljackalin3a@meetup.com,9895663317,2,75105,1,27347
Everett Breach,fdybell1e@theguardian.com,8114490672,2,144962,1,28040
Devina Upward,noylettp2@deviantart.com,6516575167,3,116254,1,29953
Esdras Massen,gdassindalepa@auda.org.au,6203127430,3,100147,2,36624
Barnabe Gilman,rmcbrearty11@deviantart.com,6447363099,2,74050,2,27288
Mar Butte,apavesemq@paypal.com,2152877710,2,85372,3,43170
