Felice Sherington,cevitts9s@qq.com,1723560340,1,71670,4,24154
Dael Jobern,gtwiddyl5@smh.com.au,1947017400,2,124802,2,24098
Marena Stennes,lstebbingsdq@princeton.edu,5373109810,4,56332,1,25888
Aldwin Bohike,candrejsfw@time.com,1934844857,3,103709,2,34555
Rodolphe Yuryaev,hshirlawg4@list-manage.com,5816284567,2,120340,3,30988
Germayne Plaskett,pgritsaevlz@nytimes.com,9025385459,3,93955,3,33793
Noel Chettoe,cadshed68@seattletimes.com,2762254763,3,88139,2,21516
Kelby Quinnet,mallchin1h@gmpg.org,8884052290,4,53626,3,38930
Emyle Mitchiner,bgavrielfm@skype.com,9356169885,4,83968,4,21068
Horace Dendle,jminchellql@foxnews.com,8402537838,3,94196,2,25256
Vincents Simecek,etatershallm1@unblog.fr,5445207713,2,86671,1,28970
Dela Korfmann,mbeevis5b@ihg.com,9907272391,2,96081,3,31399
Patrizius Cours,avedenichevfl@discovery.com,4499760968,4,76156,1,42108
Traver Summerrell,edewesc7@cdc.gov,7177270035,3,34591,2,25967
Northrop Baulcombe,vcoggeshallgr@epa.gov,2613978403,4,75855,4,29676
Randene Trusdale,imccalisterfb@ustream.tv,8403131306,3,100470,3,21420
Edd Oram,nbiasotti2c@google.com.au,4559518708,3,77987,3,29199
Bevan Holdin,csmallridgec9@dyndns.org,2335277836,3,75704,2,37516
Ange Griss,ashacklady50@example.com,7125876175,3,86947,1,37442
Jaimie Milmith,cadshed68@seattletimes.com,1706356118,3,93897,1,20049
Bathsheba Matuska,tlickessro@cdbaby.com,6941362417,4,71512,1,38109
Chaddy Hannigan,kpaulw@nasa.gov,3856119474,4,67567,1,28320
Perkin Fargie,scavee4e@earthlink.net,3315448436,2,81601,4,37995
Aretha Frisch,rbyatt21@skype.com,6809462704,2,96526,2,33770
Ines Lanchberry,sdanbrookr9@whitehouse.gov,9263703430,1,88480,1,29542
Silvanus Boyde,hogdahlj7@answers.com,3018003278,4,67708,2,22648
Cordelie Boow,hgrigauthn@google.ca,9386745146,3,72748,3,5469
Lira Morrow,jspoord6@arizona.edu,1873306321,2,87190,1,19729
Winifred Crellin,braveaua2@mayoclinic.com,7039680929,3,116875,2,29654
Joyan Bulleyn,scarnegyqi@domainmarket.com,1482316074,4,120077,2,32888
Dierdre McTrustram,wfiellero5@cafepress.com,6918391950,2,76156,2,32446
Lil Fitch,tjeffcoatjl@paginegialle.it,5392552179,4,73605,2,44122
Gwendolen Cuphus,aclemencon7c@booking.com,3636555420,3,72202,1,37492
Rebecca Abley,lhorchec2@mysql.com,5201240681,5,76350,3,49523
Ingelbert Goede,imccalisterfb@ustream.tv,3006553589,2,107232,1,33084
Alaine Rothwell,cnorcliff8x@youtu.be,7009040669,2,78057,2,19625
Asher Curee,lkrimmerpk@tumblr.com,2179491383,3,70690,2,24559
Karole Corkish,gholtonct@wufoo.com,7412025939,5,77218,2,28412
Gus Raiment,rsemeredfu@psu.edu,9284728601,3,99449,1,32788
Tiffany Bridal,ndimmerim@blinklist.com,1418891565,3,86809,1,29293
Flora Lawey,egrayshond1@telegraph.co.uk,1448725771,3,65564,3,30601
Franchot Costin,kharmar8i@tinypic.com,4246622318,3,105341,3,35952
Lina Aldersley,soutridgepq@hud.gov,3444044147,3,90637,4,33596
Adelind Lyal,wgolda7p@google.com,9616273109,3,96701,1,40564
Amye Antyshev,mstanney23@ox.ac.uk,1075636520,2,82765,2,23517
Derby Ion,hbirchenough6b@plala.or.jp,6948988738,2,72605,4,15263
Roobbie Labitt,gpeedellk7@skyrock.com,1209214032,2,96040,2,40744
Sada Vaskov,dconantqq@list-manage.com,8028657838,4,55919,2,29580
Tallulah Foote,obucherh@jimdo.com,5619817452,3,88018,2,30568
Nathaniel Esch,dbakhrushinio@etsy.com,6432326117,3,113800,3,34566
Susi Lobell,odunbobinh0@zdnet.com,9322636123,4,93531,1,22196
Cordie Moulton,dbakhrushinio@etsy.com,9293127534,3,102957,2,26331
Eadith Payne,sheinle7x@elegantthemes.com,3769110262,4,78431,0,38200
Geralda Hansed,hrelph57@github.com,9586504257,3,89350,2,20560
Gus Ringrose,dhalvorsenq4@pagesperso-orange.fr,1638175330,3,83499,3,40138
Cchaddie Slavin,chaine9v@wunderground.com,8329246996,2,115011,3,35552
Frankie Lanegran,jkingrl@hhs.gov,2056952492,2,126911,0,44054
Jayme McKeaveney,dmcnelis8v@gnu.org,6938947235,2,82771,0,29546
Nevin Vasler,tmilthorpe8d@weather.com,9273673140,2,80020,3,30308
Brynne Yurkevich,erodgersonfe@barnesandnoble.com,3776972415,2,101777,4,33149
Magnum Gummary,ecapelj1@craigslist.org,3946642595,3,76885,1,21800
Stanislaus Cleare,dmiddlewickn4@qq.com,1768542664,4,98350,1,30487
Kellie MacChaell,clamputt5l@upenn.edu,1609584046,4,72078,0,32361
Koenraad Barnicott,maxupow@themeforest.net,6315842715,4,125035,3,30619
Jilli Dewdney,jguard3a@epa.gov,2075561326,3,92372,3,32970
Salvador Deinhardt,mshackelr2@bbb.org,4922107034,3,83456,1,41285
Berky Thake,wantuk9e@bloglovin.com,2642927576,2,82604,3,33228
Durante Towsey,cworcester3r@360.cn,7745920146,2,47436,1,32529
Myrtice Adanez,mcornbell4g@imageshack.us,2835938259,1,107131,2,24135
Nikkie Burnsides,mallchin1h@gmpg.org,8556722581,3,84074,1,26483
Marabel Muldrew,rsainthilljg@imdb.com,5709036864,4,54870,2,26958
Benjie Pentelow,thuggilli9@cnbc.com,9219894165,3,105409,2,37589
Denna Roussell,aeplettmj@ftc.gov,5627656829,4,79148,2,38077
Conrad Paoletto,rkensettht@ted.com,1697339744,4,49326,3,31717
Carmen Hiley,alukehurstlv@youtu.be,3939667137,3,91642,3,39734
Ezekiel Armell,sheinle7x@elegantthemes.com,2388771573,2,102021,2,31615
Nicol Daily,kstaubyn2g@mozilla.org,9877823124,5,98538,1,30096
Cordelia Whitehorne,clamputt5l@upenn.edu,9821316156,4,87465,3,38416
Trevar De Freyne,bwhitlowge@buzzfeed.com,7381784137,4,95717,1,44381
Davy Ishak,choundesomeni@tumblr.com,2479504115,3,72107,0,35262
Angelika Halpen,wgolda7p@google.com,2189826530,5,104314,4,30665
Noel Watson,twingeattc5@youtu.be,7528729537,4,93490,2,33041
Saul Stangroom,sbrotherheadcu@usnews.com,2524175133,4,86539,0,22774
Matthias Selvester,aurquhartpt@cnbc.com,5985641104,4,77026,1,12908
Krista Drew-Clifton,jralton10@springer.com,3028876780,2,85367,3,31808
Nehemiah Lomaz,llupsonpr@netlog.com,7051484074,2,79212,3,34562
Vivianna Broxup,aclemencon7c@booking.com,8296719051,3,49752,0,24430
Sergei Gadsby,aeplettmj@ftc.gov,2473188187,2,118966,3,26438
Ameline Gleave,forrocks1a@virginia.edu,9213972158,3,78430,4,10623
Finley Ravillas,erodgersonfe@barnesandnoble.com,3865661125,2,103979,1,27053
Massimo Stainsby,pstrodderdw@sourceforge.net,1382573031,2,93725,1,35183
Dulsea Date,asutor1f@prlog.org,7042323706,3,112844,0,26412
Packston Chalfont,aellikerg7@indiegogo.com,6064288235,2,76192,2,27781
Krista Klementz,ppierrepointo3@prnewswire.com,3019956671,3,104222,3,31794
Henrie Lesaunier,jskaidkg@aboutads.info,8154624965,3,83656,3,36631
Donnie Drover,gguentherkw@amazon.co.jp,8216751629,4,95073,3,37840
Doralyn Wallentin,gtwiddyl5@smh.com.au,7655016915,3,83325,2,39772
Paxton Cottham,erodgersonfe@barnesandnoble.com,7508954267,3,72852,4,29613
Chrisse Hulk,cbardwalle1@admin.ch,2949133468,2,71180,1,33039
Oswald Gailor,rsainthilljg@imdb.com,2138353449,0,78493,2,30215
Daron Danett,dconantqq@list-manage.com,3181505487,5,83710,1,15652
Ally Minear,hchartresbb@tripod.com,7751000200,4,118943,1,31270
Alleyn Mackie,lsprake7f@ucsd.edu,3569731029,3,75790,2,36469
Nolly Nestor,cdeeman4z@ameblo.jp,5044277179,2,87009,3,31147
Carline Seide,aeplettmj@ftc.gov,3455112955,0,91237,3,26734
Marilee Rhoddie,dfullickskt@naver.com,3801229335,3,62414,2,25964
Carola Jager,fkulasjd@tiny.cc,8727507030,2,123487,1,25893
Brod Hiscoe,cmcquorkellcz@pbs.org,5779921689,3,62353,1,43700
Corabel Zold,dmiddlewickn4@qq.com,5989090015,3,80707,2,24892
Chrissie Tadd,wpitkaithlylk@si.edu,1794061856,2,74627,4,29419
Clarine Passman,jnetleyi1@cnbc.com,4489918023,3,90536,1,36815
Carroll Bills,scarnegyqi@domainmarket.com,3838558859,2,78877,2,21552
Parker Stubbert,sseefeldt3f@github.io,4278637987,3,72203,3,31080
Juline Cotton,skildeafa@nydailynews.com,4173680795,2,86131,2,35350
Albina Fearnyough,hwhitingtonj5@buzzfeed.com,9035969079,4,108593,2,35320
Graeme McGinnell,emellando@bloglines.com,5954027268,4,95555,3,32640
Farand Dongate,lanyenead@kickstarter.com,6072537043,4,103050,4,22946
Pattin Castangia,jtourotnz@discovery.com,5008745885,5,119236,3,24734
Sheelah Kinchington,slording80@stanford.edu,8432146966,4,118557,2,28199
Evania Silson,mpengellyhy@prweb.com,5058188028,2,61437,2,38874
Peggy Roddan,cpow4f@chronoengine.com,4433188242,2,80203,3,33627
Fifine Skehens,ewelch8c@multiply.com,3015815536,4,103916,2,35048
Kory Winch,epargetterl3@shareasale.com,1332553697,2,87153,5,24649
Hetty Cawson,bcrinsonj8@whitehouse.gov,5341762200,2,106984,1,23397
Frank Osgar,mpengellyhy@prweb.com,4478343340,5,80667,2,21033
Jonah Lyptrade,cfaich88@wufoo.com,1841268559,4,65999,3,28924
Herta O'Hone,tcosynsgj@usatoday.com,8724580124,3,108590,3,17147
Ibby Lewknor,dkimmingscp@wikispaces.com,2074688101,4,113477,3,9218
Karola Redgate,ablain6r@bigcartel.com,8801168900,3,78880,3,35540
Benedicta Marns,dokellie@addtoany.com,6223829437,3,83224,2,35444
Ingamar Baxter,gattwoolpp@pinterest.com,7589323316,5,83433,3,27573
Hussein Kollatsch,lscandrett39@google.pl,3309076312,4,82366,2,23440
Irwin Jantel,dconantqq@list-manage.com,7018205721,3,67513,3,28756
Gannon Efford,oyakebowitchgd@a8.net,2757543368,3,56888,2,30098
Aileen Astie,dmiddlewickn4@qq.com,4289655325,2,101446,3,28318
Freeman Vedenyapin,vcoggeshallgr@epa.gov,2148645125,2,92836,0,23768
Selle Burgis,wbosson3s@artisteer.com,2642211785,3,71757,4,16475
Karisa O'Kerin,rliccardi2l@hao123.com,7725032453,2,126752,1,34032
Ferdinanda Gainsboro,greisenberg9a@berkeley.edu,8185073768,3,98597,2,22155
Adrea Fery,nlaxennb@so-net.ne.jp,3249168229,2,72472,1,34809
Ambrosio Hobble,gguentherkw@amazon.co.jp,1307411218,3,138469,2,16393
Whitney Flowith,lconrartrj@google.com.au,7657226965,3,112899,1,24490
Missy Hawes,ltycei6@imgur.com,7676320517,2,90240,0,27385
Lucy Hoopper,oswyerpy@oaic.gov.au,5215363829,4,91033,1,39243
Audry Wheble,tbonsalejj@patch.com,6966691649,5,83149,1,31831
Norene Wrotham,hyaneev90@chronoengine.com,1346704721,4,100907,2,20497
Winfred Elijahu,alambillionmq@people.com.cn,3867267521,4,93488,3,19212
Marco Hacquel,dperceval2t@purevolume.com,9154896770,2,133502,3,12696
Petronilla Keir,avangoaq@seattletimes.com,8978975978,3,124139,2,28947
Lissi Hallstone,gspurway9m@joomla.org,7713085575,3,75010,4,39311
Roseanne Elstub,hdorinnc@dion.ne.jp,8076406114,3,69064,2,34746
Aurelie Farfull,epriddied0@eepurl.com,3972989212,5,98538,1,38461
Ardath Temby,dhilleyko@163.com,1474382693,2,63277,0,15146
Dulcinea Elsby,rnovotnaom@ifeng.com,1948447797,4,75294,2,20366
Jemmy Turfs,alevanedj@mayoclinic.com,9168865939,2,91232,2,29066
Alethea Furney,hbraley27@prlog.org,7529180606,3,88451,3,32761
Laina Stollberg,ngosselinl4@qq.com,7037079403,4,106257,2,34654
Candice Le Gall,lferencowiczqs@networksolutions.com,2167173662,4,70423,2,45266
Candra Esler,chaine9v@wunderground.com,3344402451,3,61588,1,23697
Gus Prier,pdechellep@patch.com,6145773107,4,68332,4,35221
Ilsa Serraillier,ndykasbm@nytimes.com,8425422977,2,108363,3,24488
Sheela Kermath,ahaldon1@goo.gl,9481406140,4,111998,3,29874
Eudora Kertess,aellikerg7@indiegogo.com,1394011312,4,117559,2,29272
Dolf Marzelli,eirelandrp@ebay.com,1913497486,5,93566,1,30032
Obadiah Wrankling,tmoreing2r@facebook.com,1588189984,4,104847,2,23647
Boyce Dunnan,lhorchec2@mysql.com,8357658236,3,110781,1,34936
Vina O' Clovan,cellerya4@blogspot.com,9408771939,1,81613,0,31546
Jamima Bithany,tlimpertz1m@mediafire.com,3088891286,3,103258,2,30979
Ivan Winsborrow,djarreltet@nyu.edu,6749863672,3,92458,3,37246
Diann Farmery,mgutowskik9@uiuc.edu,1084905711,3,105365,2,30979
Afton Leddy,clabounecm@squidoo.com,1707303120,1,113003,2,35214
Renaldo Crandon,zshieldc@slashdot.org,3781615075,2,60470,1,41161
Colet Hardesty,bbedrosianiv@ftc.gov,4778071797,5,81210,2,31812
Prudence Adam,dpaunsford8k@fda.gov,1741824957,4,43375,1,29648
Juieta Dieton,epriddied0@eepurl.com,7167275819,4,86038,2,32890
Gordie Phaup,nlaxennb@so-net.ne.jp,4481181547,2,112815,2,22959
Pail Ponten,avangoaq@seattletimes.com,6838321999,3,93980,0,24761
Creight Dewes,jknuckleskh@wikia.com,3406224519,3,54768,3,31505
Lancelot Landrick,hgrahl7@utexas.edu,7896138945,3,70254,1,22171
Teodor Buckingham,maxupow@themeforest.net,4846149261,1,111053,2,29150
Onida Mableson,rklimkiewichdo@tmall.com,1237053429,3,74035,2,12306
Miof mela Matchett,aellikerg7@indiegogo.com,9812082858,2,79281,1,36156
Ingaborg Bowller,nwainn3@ovh.net,5009891263,2,94040,2,35529
Eveline Kepp,lsumshon98@google.cn,3586416236,2,68334,1,28794
Kirby Nardrup,ecapelj1@craigslist.org,5739164324,3,85592,2,30155
Dominik Huguenet,fkempshall6a@symantec.com,5172119746,4,93603,1,33458
Angie Petegree,bdeveroseab@i2i.jp,3822074705,4,45682,3,29888
Tabbitha Farquharson,laitchesongm@netvibes.com,9147030488,3,79873,1,26617
Kassandra Riccardelli,cbaszkiewicziq@netscape.com,9613904502,4,122164,1,43343
Massimo Trencher,fbentote3y@github.com,6058045713,2,91508,2,29290
Pryce Tapscott,kcoarsere8@nydailynews.com,8839452623,5,42773,1,27707
Trenton Quadling,nyeomans7e@google.com.hk,5354207395,4,84438,4,23559
Lucinda Matuszkiewicz,pforker5e@rediff.com,4486664532,2,46405,2,27608
Emmie Marke,ymcellen7j@cyberchimps.com,4983967246,4,43109,1,39850
Ferdinande Henriksson,rewlesdv@cornell.edu,9744862096,2,84199,1,39817
Stirling Lys,kstaubyn2g@mozilla.org,1477937123,3,71541,2,23225
Minette Muckleston,aharwinnk@weebly.com,7662686358,5,78765,2,24951
Salim Trembey,glamont9z@livejournal.com,1479390748,3,68149,1,31162
Pia Saban,kpaulw@nasa.gov,6028431747,3,68728,2,34260
Corrianne Cona,yglennaz@discovery.com,9318536491,2,77864,2,30654
Theodora Jerg,kbidwelln8@tinyurl.com,7989657725,2,92089,1,24295
Neala Greeno,biwanickibq@clickbank.net,2936081171,3,62327,-1,27567
Humfried Newlin,pdechellep@patch.com,2317844927,4,89061,2,25088
Fabian McHan,rewlesdv@cornell.edu,7517959473,4,73106,2,23381
Dion Enocksson,warraultlx@acquirethisname.com,5435089836,4,121611,3,29028
Marco Camoys,aarington7a@symantec.com,4763066409,4,48919,1,25899
Cornelia Stares,cpardong6@techcrunch.com,8934031679,3,95226,1,25407
Darius Vernay,xsandwithpl@loc.gov,3069366995,2,122296,4,23282
Griff Hamblin,mridderfy@ow.ly,9489793656,2,96936,1,22139
Sarina Claiton,emellando@bloglines.com,6519264033,3,73258,2,35458
Tate Lorie,ymcellen7j@cyberchimps.com,8138303067,3,110408,3,30075
Lea Josefs,kpitceathly8n@ftc.gov,1538410234,3,49891,2,19076
Kristal Krugmann,dkimmingscp@wikispaces.com,2127433710,3,71118,1,36494
Lane Pawel,hrelph57@github.com,3269214819,3,83697,4,24575
Cyndia Robelin,hgrahl7@utexas.edu,6053295832,1,95995,2,31615
Bengt Edens,emaddinac@github.io,2247547483,2,74561,2,25647
Moll Phalp,mpechlj@rambler.ru,9073548254,3,112743,2,38997
Raoul Waldera,tvanyatin1v@bigcartel.com,8964079971,3,67872,3,28429
Leanora Jeannet,kkobieladl@studiopress.com,4118853953,3,72765,2,27032
Rosalia Whitehair,gassandri8m@patch.com,5978636679,2,130303,2,34986
Atalanta Renoden,jralton10@springer.com,8619948104,4,70148,1,12881
Selig Clows,lchinar3@biglobe.ne.jp,5385104046,3,54813,0,36348
Miran Oseland,oseivertsenev@topsy.com,5676511537,4,77173,3,40099
Neala Izakson,cpow4f@chronoengine.com,3833513906,2,98717,2,24430
Blane Heaven,aappsrq@reverbnation.com,4274025534,2,80359,3,17938
Hendrik Fayre,mbeevis5b@ihg.com,2199271123,3,76334,2,35888
Nicolas Trenchard,ahaldon1@goo.gl,7356394909,3,97281,3,25890
Edgar Jessel,tjeffcoatjl@paginegialle.it,5226262881,3,69999,1,25392
Ira Tille,ajohnstoneha@sina.com.cn,9013453020,3,76291,3,31378
Edlin Van Driel,cszymonowiczmh@usda.gov,3849681508,3,66405,3,29947
Jermaine Earry,dperceval2t@purevolume.com,1195628896,4,114569,2,20433
Bendicty Spurden,gpaye8g@europa.eu,2916069297,4,75803,1,24892
Caresse Laweles,kkobieladl@studiopress.com,8163628643,2,76757,2,23845
Cookie Godly,dsattinfd@4shared.com,2429324496,3,39272,2,30676
Chilton Meach,tbonsalejj@patch.com,1762389156,3,91531,1,36850
Gordan McPeck,tmoreing2r@facebook.com,9583161404,4,40481,2,44462
Melisa Peperell,imccalisterfb@ustream.tv,4929619067,4,101991,3,33603
Evania Hamil,jsobeyda@amazon.com,7072577639,3,58842,1,30749
Gaultiero Shilburne,gnaniam@linkedin.com,7281724919,4,93569,3,24303
Eliot McNevin,dconantqq@list-manage.com,6854458932,4,65290,3,25650
Stephie Hassen,glackielt@webnode.com,4864491243,3,96766,1,37088
Jaime Morris,kcraykemb@csmonitor.com,3494365888,4,68020,1,30513
Kendricks Pharaoh,aurquhartpt@cnbc.com,4981384840,4,72825,1,29306
Gardner Roxby,ldavidovicf2@vinaora.com,4101802049,3,85816,2,34810
Louisette Brislan,mbeevis5b@ihg.com,1689686059,2,91820,2,40640
Marketa Lievesley,ljorcke5w@vimeo.com,9127967624,3,118756,2,31314
Cassandre Cuddihy,yglennaz@discovery.com,4733299437,4,102028,2,33044
Deva Aleksashin,cbroome4w@dailymail.co.uk,9768663698,1,73171,3,27419
Bess Managh,ablain6r@bigcartel.com,6827100854,2,104274,3,38553
Darrin Pabelik,gprandyoc@wiley.com,4024389737,1,113646,2,36386
Levi Jaynes,marlingjs@cbslocal.com,2556293041,4,115528,3,37059
Giacopo Olenin,trampleeq9@typepad.com,6021997960,3,84308,1,17845
Regine Simla,bransom6i@gmpg.org,4494439698,2,79549,1,27871
Correna Chadwell,cadshed68@seattletimes.com,2822031347,3,63897,1,34882
Janice Glanders,hwindridge19@soundcloud.com,6784037908,3,92287,1,37530
Demetri Heamus,bmacenelly2b@hud.gov,2068114100,2,50905,2,26530
Sibley Ebenezer,sseefeldt3f@github.io,7435380594,5,102430,2,36007
Frederique Nasi,scarnegyqi@domainmarket.com,1199629270,3,59604,1,30958
Doralynn Claasen,dbadinip8@youtube.com,9107402120,4,46792,2,35455
Hollie Scouse,hsurridgeo1@freewebs.com,7569188676,3,84660,2,28771
Hedy Startin,dnettigx@howstuffworks.com,8583218039,4,106807,3,21996
Gwendolen Coye,ifalkindere5@myspace.com,7516318869,4,103507,1,7312
Christie Lane,sfillsn9@prnewswire.com,7172699434,4,92221,2,26882
Therese Ivic,jnetleyi1@cnbc.com,3956321940,3,68029,4,27581
Georgeanne Sherry,tmilthorpe8d@weather.com,9722053178,3,90952,0,26345
Leandra Bonnett,htrebbleoj@auda.org.au,7568592329,3,65396,2,27451
Sapphira Loutheane,vbaiyleci@amazon.de,3907945681,3,81554,4,43607
Claire Abazi,dbakhrushinio@etsy.com,5805179990,4,67757,3,22728
Tate Munroe,cbaszkiewicziq@netscape.com,4819519274,3,85225,3,29538
Farrel Byrom,dmcnelis8v@gnu.org,6771605349,3,90795,1,34819
Quinton McPaik,ccutfordj6@phpbb.com,5765695112,3,100895,2,26380
Aaron Ibell,bprinne6o@123-reg.co.uk,2126899671,3,101981,2,25573
Darbee Urridge,ddingley1q@go.com,3582837615,3,73938,2,35304
Corbet Gaither,cwoolmoreey@reference.com,1711287851,1,76630,2,23575
Vita Gianni,skildeafa@nydailynews.com,8512313348,3,76847,1,31955
Ermina Conniam,bransom6i@gmpg.org,3994779313,3,84690,1,23172
Tessy Priddy,glakesk1@army.mil,8103710613,2,130566,2,38504
Jack Shovell,awilloughbyaf@shinystat.com,1452760045,1,64921,3,26699
Lizbeth Cess,rnajera9@vkontakte.ru,6643270703,4,67694,2,28059
Melinde Swynfen,rcaustonho@instagram.com,3672042761,2,57033,4,41180
Rakel Tripett,dnettigx@howstuffworks.com,8409904349,2,103796,3,25222
Kial Tick,ifalkindere5@myspace.com,6078134752,2,123511,1,24643
Valera Geraud,hpavolilloo4@google.com,1103173216,4,68941,2,28731
Charmion Lovatt,cbanfield2j@china.com.cn,1473625839,2,75648,1,26077
Boot Hayhoe,plethabridgef1@ed.gov,8474720028,5,83239,1,34724
Roseanna Iacobini,pgritsaevlz@nytimes.com,1917068936,4,76375,3,27468
Genny Houson,mtrevainb4@imgur.com,7076933205,3,101175,2,34271
Waldon Hamlett,sslesser82@simplemachines.org,3362014654,4,59870,4,32490
Jeffry Gault,wmattaus4b@ucoz.com,3127573382,3,59856,3,29569
Stepha Wrout,bmaryskamm@npr.org,1839641335,2,79179,3,36419
Kristopher Mulles,gtwiddyl5@smh.com.au,5662707577,3,93988,1,25774
Marlon Tadd,hbirchenough6b@plala.or.jp,4045370171,2,86445,2,23897
Janetta Boyett,bcrinsonj8@whitehouse.gov,7022186054,4,72551,0,24646
Colly Jaynes,gholtonct@wufoo.com,6268713637,3,51825,1,37078
Cilka Frankland,slording80@stanford.edu,4241552466,3,94661,2,28956
Gilberto Pauley,jnetleyi1@cnbc.com,4431579754,2,78693,1,45442
Odessa Musprat,oduggen89@marriott.com,7059648502,3,70904,3,36146
Roby Eberle,lscandrett39@google.pl,5172709243,3,44355,1,22297
Stewart Laurisch,knollia3@bigcartel.com,4418095545,3,63662,2,15789
Cody Quick,lbelhommee6@springer.com,9665338779,4,104344,1,32717
Thibaud Guilder,ablythe3u@gov.uk,2007991011,3,110597,3,24771
Aimil Gilstoun,lkrimmerpk@tumblr.com,2339696012,2,71853,3,13117
Alisander Mogie,ascoonik@tripadvisor.com,3532803884,3,81998,2,39700
Jermain Aubery,bransom6i@gmpg.org,3353334131,1,91080,2,25758
Krystyna Kitson,ppierrepointo3@prnewswire.com,5997444103,2,79724,2,33383
Paloma Bartosch,tcosynsgj@usatoday.com,3937294372,3,77141,3,18300
Kamilah Jezard,htrebbleoj@auda.org.au,2024773830,5,101731,3,34085
Meryl Dahmel,nrattrie3z@ycombinator.com,4464361357,5,82272,3,30571
Parke Amdohr,docorhaneee@ehow.com,6704685170,1,74840,1,24960
Madelon Wightman,lcussib@godaddy.com,4698709424,3,93128,1,34582
Ebba MacKeague,wickovicic3@flavors.me,4114759911,1,90296,1,26887
Tiffanie Fifoot,dhalvorsenq4@pagesperso-orange.fr,8097027237,3,52357,1,30467
Bourke Yurygyn,emeedendorpe22@hugedomains.com,9417223119,3,54986,4,24764
Babita Dineges,mallchin1h@gmpg.org,5354791030,2,86775,2,28319
Patrizio Graham,braveaua2@mayoclinic.com,6391082462,2,90642,3,31385
Pat Billson,scamplinef@angelfire.com,9377480759,4,81359,4,21872
Erma Curgenven,fbentote3y@github.com,1808779319,2,91312,2,25040
Gwenni McCrainor,cdarrington8u@sohu.com,4711345598,3,73809,4,30117
Benji Zamudio,kmackriellrm@nba.com,4694905413,4,97269,2,38502
Osbourne MacCorley,gcalliss4t@walmart.com,1198629163,3,79598,2,30222
Lyon O'Hannen,bdeveroseab@i2i.jp,6899746786,4,50350,3,26044
Klaus Touhig,rnorcuttk8@goodreads.com,8939960760,4,79859,2,30746
Ted Bunkle,rnajera9@vkontakte.ru,1762498075,4,87805,1,26941
Normie Jzhakov,etofflergb@cargocollective.com,6727767676,3,81435,2,31370
Benson Armes,gholtonct@wufoo.com,8865366633,3,87937,2,28167
Harwilll Sollom,egrayshond1@telegraph.co.uk,8558635048,2,78021,2,20945
Ulrich Kingh,mgutowskik9@uiuc.edu,8519707522,2,72976,2,31929
Amos Skeemer,yglennaz@discovery.com,7886602841,1,89085,2,47558
Harmonia Keeffe,lpresnalld@home.pl,3438789082,4,101830,0,22135
Kakalina Bottell,tdomnineyby@istockphoto.com,2525659821,3,120882,2,34225
Louisette Matei,forrocks1a@virginia.edu,7051722242,2,84474,3,26404
Beulah Allward,bfaderd4@mozilla.com,6908163641,3,70562,3,40373
Yulma Silley,hhumbyc8@intel.com,5491145781,3,94949,3,35503
Anallese Lonsbrough,ldavidovicf2@vinaora.com,7034723920,5,97352,2,21730
Verne Skeene,wbosson3s@artisteer.com,9984186781,3,101196,2,25455
Melva Finn,bkanek3@timesonline.co.uk,3956875281,2,116720,3,27128
Xenia Prott,hgrahl7@utexas.edu,8799864727,4,57374,3,37648
Carlyle Tills,amainstoneak@homestead.com,5831218859,3,128176,0,28962
Godfrey Peeters,ymcellen7j@cyberchimps.com,3253290321,3,87315,1,31277
Phillie Sawley,ewelch8c@multiply.com,1809073025,2,88221,1,26164
Stanley Cheesman,ndimmerim@blinklist.com,9635591210,3,89742,1,34528
Winnie Durnill,kcuerdallba@friendfeed.com,3913961994,3,64431,2,11180
Justen Naptine,oswyerpy@oaic.gov.au,3521354053,3,97903,3,22353
Leah Gosalvez,wmardell2u@eepurl.com,1278073443,2,45830,3,24787
Shawn Groom,cpow4f@chronoengine.com,5078286862,4,99022,3,15100
Panchito Lecointe,hshirlawg4@list-manage.com,8776521805,2,81025,4,28785
Gustie Benian,bfaderd4@mozilla.com,5839527145,4,55431,1,41841
Mattie Pawelke,jgirdwoodf3@skype.com,9529967543,4,109789,1,25956
Norine Schnieder,lchinar3@biglobe.ne.jp,2676969639,1,51906,2,26632
Koren Woodvine,warraultlx@acquirethisname.com,6462135913,4,73928,3,32912
Bryant Sturman,asemeredmk@slideshare.net,6657081433,4,87111,1,35464
Albertine Widdows,wendacottj2@goodreads.com,1918135593,2,81498,1,21934
Kassie Malling,wbosson3s@artisteer.com,9241777685,3,77093,3,35034
Sergent Walklot,lmeaddowcroftk4@simplemachines.org,5942433030,2,84600,1,31487
Andie Riddell,mridderfy@ow.ly,3925508776,5,106244,2,31305
Leanora Cotmore,egrayshond1@telegraph.co.uk,2177604047,3,70877,1,24241
Nappy Dallan,gfrogleynv@ebay.com,4438525194,4,47867,2,23899
Nance Scoggins,hbraley27@prlog.org,4346338785,4,93171,2,44470
Wendie Longfoot,jellensph@vinaora.com,5606717176,3,78648,3,28052
Lauralee Awcoate,glackielt@webnode.com,8996852450,3,88520,1,21714
Grenville Dorr,jfiandere9@meetup.com,4874391278,3,73883,2,23262
Michele Leadbeatter,bmarshfield8z@bandcamp.com,8049810883,1,68729,2,36393
Newton Gibbons,candrejsfw@time.com,5878275387,4,132602,0,24449
Robin Gaffney,sfillsn9@prnewswire.com,7527062285,2,87507,1,35131
Jeanne Gormally,cworcester3r@360.cn,5211783058,2,88313,1,29216
Cammy Kivelle,lgoretti9w@odnoklassniki.ru,5192526514,3,76457,1,35198
Son Rosenblum,abuntonoe@wisc.edu,1684560319,1,58487,0,17302
Niels Iddison,bmacenelly2b@hud.gov,6368462432,4,66466,3,31855
Matthieu Quickfall,dbullarcl@elpais.com,2968089153,4,86757,1,21421
Jim Bruhn,cpawlickif4@biglobe.ne.jp,2319946906,2,95159,1,44772
Arlyne Sidaway,djarreltet@nyu.edu,8709043649,3,86923,3,30271
Katusha Scini,glamont9z@livejournal.com,3836951458,3,74352,1,31267
Ivette Berrygun,tmalstermc@techcrunch.com,8024212768,2,117662,3,25029
Chance Molfino,dbullarcl@elpais.com,2509200381,2,87957,2,25447
Evyn Sket,hshirlawg4@list-manage.com,5105499905,2,83272,2,23302
Garold Gregor,lsumshon98@google.cn,7021913679,1,101174,2,28308
Devlen Jerratsch,rklimkiewichdo@tmall.com,5422858579,2,126100,1,25530
Daffie Forshaw,hsurridgeo1@freewebs.com,2885656021,4,99264,4,32205
Kippie Gludor,jgeall@ocn.ne.jp,6469204881,4,87700,2,18918
Becca Packham,jdinnagend@desdev.cn,6731709103,5,101564,1,39334
Mitzi Wyburn,cbaszkiewicziq@netscape.com,5356942533,4,55895,1,26483
Tedra Stickells,rewlesdv@cornell.edu,8968493301,4,71970,1,26351
Cassi Beastall,elorrainel1@hc360.com,8248130886,1,105664,3,31551
Jermain Bims,fdwightb7@sohu.com,1744542133,3,94871,2,33868
Lila Lumb,zseeking26@wsj.com,3192941427,1,69160,2,36689
Angelle Gosson,epriddied0@eepurl.com,4403370922,2,74199,2,33878
Ailee Warlawe,fdwightb7@sohu.com,8063599238,3,86562,3,26700
Lewie Sokill,rsainthilljg@imdb.com,1932745858,3,65850,1,20729
Mozes Pourvoieur,nyeomans7e@google.com.hk,1914910172,3,98417,1,37941
Jorie Sedgeman,bversonjy@networkadvertising.org,1326804410,2,87001,2,24643
Codie Aizkovitch,pjzakhi@examiner.com,6018563591,3,102067,1,23440
Jefferey Warden,nlaxennb@so-net.ne.jp,8814945736,5,62689,3,28240
Erik Paler,ccanningnh@walmart.com,5844374449,3,56080,2,35485
Maud Blaxley,gvanbaaren5m@ox.ac.uk,8648847195,3,72172,3,22871
Brewer Ferrar,skildeafa@nydailynews.com,6743905297,4,102274,3,12683
Ardenia Skaid,rdowreybj@netvibes.com,2211508771,2,116249,2,28985
Elisha Say,koleagham7w@patch.com,5809199969,4,91213,2,30309
Margaretta Baldrey,awilloughbyaf@shinystat.com,9444038995,3,97357,0,26262
Brena Fullerlove,ryantsurevcq@wix.com,4111540551,3,76583,1,23603
Gilberto Deviney,oduggen89@marriott.com,5955791330,3,90150,2,25390
Clemmy Danet,alukehurstlv@youtu.be,8477498074,2,88398,2,19680
Pincas Dorkin,gattwoolpp@pinterest.com,6344478539,2,101279,2,22218
Dukie Ellett,egreenleyip@bing.com,5088012965,2,71774,2,34618
Blisse Blaszkiewicz,alambillionmq@people.com.cn,7004517797,5,87820,2,25827
Stanislaw D'Alesco,vbaiyleci@amazon.de,5715916862,3,49559,1,34382
Caterina Harrill,jskaidkg@aboutads.info,9713452558,3,83892,3,18945
Clo Kalkofer,ksmurfitft@deviantart.com,8668347244,2,113030,1,40652
Diane-marie Skrine,epargetterl3@shareasale.com,5695504624,2,39065,3,23195
Aileen Barthod,dmcnelis8v@gnu.org,7116564014,4,88990,2,26113
Thaddus Simmgen,sdanbrookr9@whitehouse.gov,9876517086,3,79321,2,33648
Siusan Diss,mmathe2o@netlog.com,5457958705,3,87492,1,38427
Emmeline Lashley,abirchillpz@seattletimes.com,7464835770,1,89945,2,29668
Panchito Roussel,glackielt@webnode.com,6849405158,1,65999,3,28855
Christophorus Cushworth,ndykasbm@nytimes.com,9253793609,4,78196,3,40863
Jerrold Semrad,etatershallm1@unblog.fr,8016743289,3,101012,2,30629
Lorette Hews,ljorcke5w@vimeo.com,3595378722,5,111717,3,42214
Antonie Filyaev,cmaccaughey1u@go.com,4729536140,4,109684,2,39090
Nicky Saltern,tmalstermc@techcrunch.com,2021493820,3,93199,3,43541
Thibaut Trousdale,ameadowsqn@creativecommons.org,6535996009,3,110462,3,31487
Mickie Meneghi,bbisattqd@examiner.com,4517157321,3,75509,3,25169
Nickolas Marielle,scarnegyqi@domainmarket.com,2378465833,4,85934,3,31190
Shermy Lissandrini,nfoyster5y@networkadvertising.org,8278682543,2,101059,4,39187
Melita Chalcraft,abuntonoe@wisc.edu,7419275999,1,72211,2,39251
Brok Piatkowski,clabounecm@squidoo.com,1507378067,3,60864,0,27592
Leora Hambrook,ameadowsqn@creativecommons.org,3392782139,4,81051,2,33056
Olympia Lestor,joslarh6@mysql.com,1792389079,2,143328,0,33590
Hercule Ruckhard,dmiddlewickn4@qq.com,8208273084,3,71696,1,34398
Morten Bourrel,slording80@stanford.edu,1105782478,4,73015,4,32477
Frants Peracco,dnettigx@howstuffworks.com,9568023458,1,85151,3,38720
Johanna Oulett,abohike12@hatena.ne.jp,4132086906,4,87144,4,26010
Kirbie Wilgar,lgratlandy@abc.net.au,9864620202,3,113224,1,31195
Taddeo Jacques,lgoretti9w@odnoklassniki.ru,5411376605,3,74303,2,29560
Jolie Thomassin,bkanek3@timesonline.co.uk,9131271559,5,79156,2,38189
Elwyn Linskey,kmackriellrm@nba.com,6748469384,2,133562,2,32808
Monique McGuggy,mjoselovitchjo@weather.com,2629695847,2,51509,1,36593
Ase Schulken,jgirdwoodf3@skype.com,4227391893,3,67375,3,30466
Lothaire Bloy,ablythe3u@gov.uk,3623214644,3,104837,3,28673
Lorena Cristol,ccolclough35@cafepress.com,4689628188,3,78002,3,31363
Archibald Tinto,kbidwelln8@tinyurl.com,7471695952,3,71692,1,25313
Danell Schulz,hsurridgeo1@freewebs.com,6387449916,5,78089,2,45355
Lillian Serfati,scarnegyqi@domainmarket.com,4786278338,1,118738,2,32794
Kevan Symers,gspurway9m@joomla.org,8155931516,3,99051,1,19751
Britte Keoghan,janglissh5@spotify.com,6264615719,3,57927,2,27070
Julianna Bendix,cpawlickif4@biglobe.ne.jp,7336170139,2,95070,3,35636
Felipa Goodding,kstaubyn2g@mozilla.org,7237031167,4,105416,2,31352
Edna Rosterne,cburet54@newsvine.com,3411481681,4,73810,2,29103
Conrad Antonoyev,hwhitingtonj5@buzzfeed.com,6493342680,5,69282,3,52554
Darda Menezes,lbelhommee6@springer.com,7598387629,5,48181,1,22515
Wileen Bubbins,ccutfordj6@phpbb.com,3406685926,2,84209,2,33063
Floria Snedker,wfiellero5@cafepress.com,2925846268,2,94149,3,26652
Vinita Craney,bmarriage6e@cnbc.com,4339620110,3,58239,3,17765
Yetta Cecil,wickovicic3@flavors.me,4712064423,3,106834,1,32189
Massimiliano Dorro,tholwelle0@etsy.com,9985766452,3,111516,4,23600
Barbara-anne Imort,jgirdwoodf3@skype.com,7323886086,4,63350,1,25782
Wiatt McLaren,bversonjy@networkadvertising.org,5069132170,5,108802,4,32485
Tobe Bergin,tcosynsgj@usatoday.com,8173177088,3,93374,3,40502
Lida Chatelot,cbardwalle1@admin.ch,7687050100,0,76411,2,26697
Carmelina Schankel,emeedendorpe22@hugedomains.com,7284769558,4,65348,2,38686
Ansley Gallgher,hwhitingtonj5@buzzfeed.com,5603620924,2,77950,1,42221
Ania Holwell,rmayoupu@themeforest.net,3156560520,3,58339,3,32405
Aubry Silkston,vhewson4x@reddit.com,2518395292,3,111137,2,33954
Lannie Licas,rliccardi2l@hao123.com,5042546479,4,138445,2,34675
Tabina Maddin,ecapelj1@craigslist.org,8186107784,4,96021,3,38031
Rollo Laughren,ahaldon1@goo.gl,9843363786,3,80328,3,43876
Geoffry Elacoate,aharwinnk@weebly.com,2112670730,3,92522,2,36681
Michel Faill,cmaccaughey1u@go.com,8475570989,3,76770,2,34275
Grissel Tabner,hrelph57@github.com,7577569917,2,119854,2,29611
Zelma Zucker,hgrigauthn@google.ca,9132719281,2,87356,2,28635
Flory Georghiou,fdyett4s@amazonaws.com,5313484368,4,101477,1,37485
Jerrilee Mantram,aleithfo@people.com.cn,1795852638,5,65141,2,24109
Elaine Fines,bbisattqd@examiner.com,3788595981,3,64471,3,31980
Sayer Janowicz,tmarchington62@amazon.co.jp,6646382774,4,76089,2,35361
Jeannine Mayzes,wsindelloq@google.co.uk,8275520160,4,104219,0,31258
Derrek Swate,hshirlawg4@list-manage.com,4128752231,4,110532,2,35712
Marv Hartly,lshoesmithn7@statcounter.com,2571389104,2,81988,4,26002
Ellis Tulleth,hbirchenough6b@plala.or.jp,4375886515,3,103473,2,34153
Essie Mahaffey,ydomke3x@state.tx.us,4687042280,3,84562,1,24454
Thibaud Wolsey,gmazey3n@ed.gov,7526883195,2,78800,2,22302
Clemmie Deveril,wvanne4k@miitbeian.gov.cn,2758025206,3,112570,1,13056
Lavinie Aleksandrov,rnorcuttk8@goodreads.com,4091289365,2,78283,2,31685
Even Joriot,lpresnalld@home.pl,3275519341,3,103654,3,37390
Caresa Kittley,gnaniam@linkedin.com,4913589433,1,73917,1,25501
Kelwin Lineham,cnorcliff8x@youtu.be,1296807434,4,48943,2,33738
Elisa Leith,fstokep6@furl.net,8972666037,3,62756,1,32743
Susanne De Rye Barrett,fkensitmy@walmart.com,4154070832,3,127041,3,37592
Westbrooke Elleton,jminichillo66@bloglovin.com,1521167382,3,75947,2,44845
Nil Tyrone,fpottagepo@nifty.com,8838861459,1,104406,4,35996
Arel Agutter,sellsonlc@netscape.com,8331704670,2,85925,2,27086
Hussein Regler,khebblewhitemn@mashable.com,3633002628,4,90365,0,34683
Yevette Landsman,ddingley1q@go.com,5423545726,3,53075,2,25684
Minna Smooth,htribell9i@netvibes.com,9791270715,3,106571,2,33356
Arliene Franzen,aswainstonds@ihg.com,2695537132,3,75741,1,24802
Lucian Pauletti,privenzonkd@amazon.co.jp,3475346284,3,72447,2,26316
Garland Levane,aclemencon7c@booking.com,9533753318,3,44853,3,27981
Sal Thomasson,ljorcke5w@vimeo.com,3477574876,4,107892,2,35054
Alaric Bessent,ajohnstoneha@sina.com.cn,7395575434,2,85654,3,34314
Elli Beasley,oyakebowitchgd@a8.net,9484815128,4,112651,2,36672
Rupert Kleinber,wsindelloq@google.co.uk,4973351065,3,90324,0,25630
Issy Milligan,tdomnineyby@istockphoto.com,6807619838,5,75077,3,27601
Trent Beynke,lbruckmanni@skyrock.com,5198856245,2,61346,3,20702
Zak Chesterfield,vcoggeshallgr@epa.gov,5575151877,2,73453,2,32342
Kyle Hucknall,kpaulw@nasa.gov,6594676018,3,108467,2,38716
Evonne Billanie,rnovotnaom@ifeng.com,2146757619,4,77710,3,39711
Hadleigh Luscombe,scamplinef@angelfire.com,3619423265,2,105498,1,22885
Midge Wimbridge,ctaltonku@pinterest.com,1388737489,3,127576,2,40297
Gabe Ellings,yfairchildbz@scribd.com,8347305117,4,109453,2,42499
Clo Abrahams,ggurwoodb1@photobucket.com,9316365676,3,67942,2,28663
Adelheid Dabinett,wraatzea@printfriendly.com,2658252576,3,99100,3,40236
Whitney Messingham,msinderland30@youtu.be,7752042671,2,84952,3,24971
Johna Manterfield,bpieterickga@netvibes.com,2336452611,3,94067,2,27811
Lauren Espinay,aotterwellnt@usatoday.com,5312396580,3,100666,2,31663
Sella Butt,darbuckeliz@unc.edu,8515983267,3,67044,3,34243
Eleni Johanchon,kpaulw@nasa.gov,8411970797,2,68108,3,15601
Pearle Soane,aclemencon7c@booking.com,8775598456,2,88577,1,30376
Skye Noblett,oduggen89@marriott.com,1145912897,4,85884,2,34687
Udell Hinstridge,htrebbleoj@auda.org.au,1233059602,2,48104,2,39191
Wyndham Macken,bcrinsonj8@whitehouse.gov,5259774263,4,95954,3,26123
Rand Mathen,lwoloschinskior@addthis.com,8243395557,3,87986,2,25090
Kerrin Rowantree,ascoonik@tripadvisor.com,4696264901,3,52631,2,32324
Lambert Kinson,slording80@stanford.edu,6063655713,6,81446,1,21546
Winifred Gigg,aderrington8o@loc.gov,8451732070,1,53994,2,25151
Hew Maes,hchartresbb@tripod.com,3596024137,2,97624,0,36424
Shannon Blitzer,ngosselinl4@qq.com,9241354358,4,50944,2,19939
Farrell Drioli,falway37@ebay.co.uk,2961579652,2,99071,3,13118
Clarke Muzzall,kstaubyn2g@mozilla.org,6528917122,5,65573,2,32844
Reece Driscoll,dmcnelis8v@gnu.org,7983199455,5,120634,1,20268
Clea Dunmore,wmattaus4b@ucoz.com,1846179028,2,62307,2,42487
Laney Kornyshev,etofflergb@cargocollective.com,5939994720,4,105366,3,23682
Stuart Caghan,ameadowsqn@creativecommons.org,1346503054,4,104089,1,29700
Aurelia Kennett,bkanek3@timesonline.co.uk,4258657564,2,68401,2,37479
Petey Adlem,tpristnorno@cyberchimps.com,6968499491,2,87104,1,24077
Rudolfo Jursch,laitchesongm@netvibes.com,5662926698,5,74086,4,38937
Carol Burwood,bcrinsonj8@whitehouse.gov,8763717615,3,26131,1,14848
Cordie Lourenco,jchimienti9o@fc2.com,5772211864,1,83304,3,21921
Hebert Kynson,rliccardi2l@hao123.com,6762346819,3,93843,0,25035
Martynne Kemmey,wbudgea0@sitemeter.com,3154634180,5,111758,4,38236
Louisa Marskell,bmarriage6e@cnbc.com,5397449744,4,89696,2,22017
Ashley Easlea,asutor1f@prlog.org,1631640735,3,63460,1,33742
Kean Vowels,lupex5n@shop-pro.jp,4116813896,4,73275,4,26065
Katya Shergill,tprestonqm@google.ca,7877579848,4,78568,3,40711
Roderick Presman,gcoulthardn5@infoseek.co.jp,1301194588,0,79871,4,36698
Winna Kintish,lbelhommee6@springer.com,9524390321,5,66475,2,15956
Mathias Kohrt,bransom6i@gmpg.org,4445788414,4,115877,2,27999
Alva Mc Andrew,slaurenzkj@sourceforge.net,2022337681,0,80892,1,29213
Kingsly Checci,lkrimmerpk@tumblr.com,7523732437,1,98865,1,32937
Olympe Bossingham,xsandwithpl@loc.gov,2378479125,3,53971,2,31331
Orville Vevers,lkorb5z@senate.gov,6052574314,3,103978,2,31748
Delphine Leynham,swattins3g@psu.edu,1291328323,1,90654,2,40869
Ree Rosterne,cmacpeakehv@google.it,6548944713,1,72061,3,28272
Stanfield Santhouse,mbeevis5b@ihg.com,5357086619,4,77625,2,23605
Klara Dauney,mtracyhc@twitpic.com,3274779875,3,60106,2,36008
Gwenette Wrintmore,nyeomans7e@google.com.hk,4227085635,3,48533,2,31981
Derron Rupp,mshackelr2@bbb.org,8657123606,5,92246,1,33042
Alana Snalum,candrejsfw@time.com,8798174151,2,91578,2,29148
Harlin Emmett,mdunrige29@1688.com,8853309490,1,109947,3,38091
Ezekiel Petit,wgolda7p@google.com,4951087767,3,102170,1,42572
Correy Patrone,bbessantaw@google.com,3613996781,3,77292,2,35012
Germaine Davidof,wbrasteda6@about.me,6877422521,2,112111,3,31290
Winfred Stirzaker,lcussib@godaddy.com,2559447149,3,122506,2,33986
Kerianne Flury,cadshed68@seattletimes.com,5409902145,3,104930,3,24383
Kathryne Grutchfield,bdeveroseab@i2i.jp,1575295210,0,77517,3,30809
Benoit McCloy,imccalisterfb@ustream.tv,6958536541,3,85668,2,28390
Mellicent Falshaw,jgeall@ocn.ne.jp,3839991420,4,88716,3,26017
Roby Cheverell,ewelch8c@multiply.com,1934751033,4,82138,2,24720
Eloisa Tomkin,khandman3d@feedburner.com,9045812495,2,52999,1,22728
Emelen Ucceli,bmarriage6e@cnbc.com,1166552693,3,119621,3,27761
Hannis Craw,xsandwithpl@loc.gov,9558379474,3,104706,2,22140
Kaylee Albinson,gcoulthardn5@infoseek.co.jp,6427286178,2,79488,2,37659
Karin Langstrath,cevitts9s@qq.com,2381537337,3,67296,3,24075
Joanie Darkins,lpropper5u@4shared.com,2245159661,2,95118,1,25624
Dan Beiderbeck,rscotlandm7@icq.com,4886314828,4,124717,2,38823
Gerrard Huggon,sbrotherheadcu@usnews.com,1194029545,5,90232,2,31674
Kirsti de Grey,wmattaus4b@ucoz.com,3919417391,3,83835,3,21820
Gwenore Tomblin,bransom6i@gmpg.org,7907237952,3,113814,2,29133
Kathlin Mayou,cpawlickif4@biglobe.ne.jp,7723133017,2,96241,3,35821
Wernher Arndtsen,ablain6r@bigcartel.com,9871850983,4,88189,2,26659
Maurizio Edworthye,wantuk9e@bloglovin.com,9174684426,3,81672,2,23087
Audy Boothebie,fleggonon@nyu.edu,7234750437,4,89559,1,39127
Abbye MacCurlye,chaine9v@wunderground.com,8535371570,2,99923,3,22599
Briggs Mea,kkobieladl@studiopress.com,6233471984,4,106939,1,38852
Maxy Tassaker,jlabrouep0@msu.edu,6821762811,3,91286,3,23658
Eugenius Ninotti,jminichillo66@bloglovin.com,3277913614,1,92590,3,35978
Veronika Rentalll,epaulusch2@dropbox.com,9463703040,4,115299,1,23932
Ruby Schnieder,ewelch8c@multiply.com,9641506938,3,131605,4,39557
Lynelle Kingzeth,glackielt@webnode.com,4902505115,5,60223,3,33863
Sidonia Slewcock,cbrasenernw@altervista.org,5667493196,3,35586,1,29016
Devy Drain,hogdahlj7@answers.com,8192555340,4,93158,1,45079
Lorette Durnell,fdyett4s@amazonaws.com,1076880885,0,68656,3,29311
Garrik Gerald,drasellnx@photobucket.com,8205563021,4,56959,4,33173
Allyn Wynch,amarquezg9@patch.com,9486666984,3,99060,2,30023
Mel Screwton,hhumbyc8@intel.com,7533388520,4,68056,2,48188
Korney Gut,lcussib@godaddy.com,1648931781,2,90629,3,29670
Sianna Brennen,bversonjy@networkadvertising.org,7541755773,2,60188,2,34397
Shawna Allcott,dwhight4y@umich.edu,6904479959,4,79869,3,20723
Ottilie Tidgewell,lshoesmithn7@statcounter.com,9996108837,4,127570,4,30965
Agatha Sclanders,koleagham7w@patch.com,6554240890,2,93753,3,32480
Tiebold Rumford,dpaunsford8k@fda.gov,5218767668,1,88124,3,35201
Mercedes Worster,edewesc7@cdc.gov,8802343515,4,92253,1,34642
Eve Rozenzweig,dmcnelis8v@gnu.org,8352310029,3,51483,3,31999
Killian Abbess,geates3q@trellian.com,7532823552,4,60018,1,33834
Dall Santorini,mdrablei8@usa.gov,8563602076,6,120782,0,21471
Del Jallin,lscandrett39@google.pl,2333430741,3,71901,3,38945
Cazzie Dayley,rbyatt21@skype.com,3577779474,3,85105,2,28397
Delmor Calltone,hhumbyc8@intel.com,4212012690,2,94238,3,38123
Benita Balbeck,rbernholtq0@cmu.edu,5652250053,3,75590,0,358
Blithe Gullberg,kvandrielbv@epa.gov,2846866780,4,83320,2,20218
Amble Bartkowiak,bcrinsonj8@whitehouse.gov,5001429941,3,80837,1,31900
Gael Allot,marnson3l@ucoz.ru,9505024101,1,84561,2,11809
Leora Habbal,hcookson3@dailymotion.com,2566556976,4,64646,0,30244
Callie Billingsly,cbatesond9@about.me,5489721834,3,88200,2,32761
Yorker Tortoishell,rpaskell1x@sbwire.com,2855204007,4,58359,3,30785
Zechariah Burdoun,asemeredmk@slideshare.net,1247717234,2,67629,3,32069
Cicily Owers,kbidwelln8@tinyurl.com,2021563412,2,58656,1,37016
Raye Mulligan,bprinne6o@123-reg.co.uk,9163274999,2,71167,1,31127
Ariadne Manuello,hwhitingtonj5@buzzfeed.com,8834216027,3,90645,1,28315
Brendon Wyldish,greisenberg9a@berkeley.edu,1652336219,3,70038,3,30214
Saraann Kell,aappsrq@reverbnation.com,4188556966,4,31224,2,32813
Keefer Pichmann,mmathe2o@netlog.com,2314875339,4,108527,3,21858
Florella Domerque,dhickisson5d@so-net.ne.jp,4137384417,3,79945,2,25686
Noemi Balchin,sbrotherheadcu@usnews.com,4912029935,2,107893,2,28075
Gibby Harbron,gnaniam@linkedin.com,3385018688,3,71459,1,27672
Poul Eannetta,cadshed68@seattletimes.com,6063234048,2,103700,1,27442
Donal Andrelli,ifalkindere5@myspace.com,6109471658,3,103434,2,28816
Gerrie Davys,cpawlickif4@biglobe.ne.jp,5758475748,3,67909,-1,15743
Fleurette Newbatt,dokellie@addtoany.com,2669747803,4,87845,1,22527
Jennie Riepl,ewalbyhw@china.com.cn,5454851137,4,100929,2,31065
Leigha Poacher,brassell71@latimes.com,7987326003,2,97537,0,41483
Milena Eede,dbakhrushinio@etsy.com,7044834660,2,42814,2,29489
Dexter Soulsby,fkulasjd@tiny.cc,2356289304,2,63026,3,32046
Town Jozwik,kcosensdr@prweb.com,3503088413,2,67480,2,40572
Philippa de Marco,cwhittingtonp4@deviantart.com,8006356593,1,55333,2,37294
Camila Hartles,forrocks1a@virginia.edu,5544953391,3,91689,3,32620
Adrienne Madders,bolorenshawnl@europa.eu,8178732410,3,96996,1,26996
Rozele Hickin,ldennickd7@flickr.com,8492979937,3,106629,3,34736
Laryssa Zanetello,mdonnanhx@tinyurl.com,2255936622,1,90965,2,34855
Filia Barlass,hsurridgeo1@freewebs.com,8957556609,3,50160,4,29114
Latrina Baptie,cevitts9s@qq.com,9729391187,3,73318,4,20857
Talbot Zorro,wmattaus4b@ucoz.com,6003973816,4,80387,2,27442
Glyn Jonuzi,csalter91@examiner.com,8548843788,4,88385,2,31020
Dorita Hallex,sslesser82@simplemachines.org,1133961029,4,38788,2,24306
De Alvin,dcaughte96@surveymonkey.com,6621394026,3,120756,1,24223
Duke Dondon,hpavolilloo4@google.com,8089371375,2,98548,0,36058
Lauren Francklin,tjeffcoatjl@paginegialle.it,3959469040,2,59526,3,25157
Major Frake,ajohnstoneha@sina.com.cn,9982746920,3,101318,2,28727
Gardie Lippard,bfaderd4@mozilla.com,3555056685,3,92076,4,27174
Katerina Andreassen,cmacpeakehv@google.it,2698148701,6,94359,2,41545
Donia Blockwell,jbaptisteg8@vinaora.com,2026621059,5,82758,1,38886
Marabel Dymoke,mshackelr2@bbb.org,2886125047,2,69192,2,37667
Roseann Killingbeck,kpaulw@nasa.gov,9559633806,3,81621,0,21142
Kean Ablitt,drasellnx@photobucket.com,2851007332,2,108180,0,34710
Howard Holwell,wantuk9e@bloglovin.com,3418245523,2,26615,1,40500
Gisela Doggrell,ngregolincd@desdev.cn,5147763820,3,75387,0,32591
Forest Walthew,scawson9p@people.com.cn,1609732234,3,115329,4,18955
Raine Lowles,bpieterickga@netvibes.com,2488582495,2,65428,2,21229
Dani Malt,biwanickibq@clickbank.net,7502623533,3,110556,2,26121
Helge O'Crigan,awilloughbyaf@shinystat.com,5803247690,4,75667,3,29125
Kim Dumbell,lpresnalld@home.pl,5707002487,2,104899,2,38802
Faye Elecum,nlardnarbk@ftc.gov,3389331291,1,98068,3,30120
Dulciana Downing,vrassmann61@etsy.com,9301347296,3,91026,2,31432
Jody Dignon,cwoolmoreey@reference.com,2599863607,2,120469,0,27413
Antonina Trewhella,jchimienti9o@fc2.com,1648330162,5,98085,3,24368
Earlie Chaulk,lschankelborgb2@seesaa.net,6453199415,1,113014,1,40310
Lesley MacNaughton,lthurlbeckoz@army.mil,4224542425,4,128643,1,27198
Charyl Brobeck,acastello9g@uiuc.edu,4727436393,2,102414,2,28972
Lauretta Harcase,kstaubyn2g@mozilla.org,5208526790,2,88943,2,20604
Julie Sapena,lpropper5u@4shared.com,4582589614,5,62212,3,34558
Kerk Stearnes,aeplettmj@ftc.gov,2155807811,2,89549,0,30755
Matty Joost,csmallridgec9@dyndns.org,3597384783,1,65611,3,36807
Melicent Fackrell,imccalisterfb@ustream.tv,5836351206,3,74144,2,33883
Rawley Fonso,ndimmerim@blinklist.com,4378346098,3,103874,3,35862
Carri Merwood,tmoreing2r@facebook.com,6891199528,2,65946,3,19896
Kippie Van Dalen,skildeafa@nydailynews.com,3226436393,3,46537,2,22376
Erinn Kempson,gattwoolpp@pinterest.com,9002845225,3,93377,2,38249
Misty Brayson,twingeattc5@youtu.be,4902218454,2,92996,1,39409
Carney Dickens,lsumshon98@google.cn,5311036460,2,90059,3,31850
Thornton Buxam,jellensph@vinaora.com,5579224571,2,65411,1,31565
Cecelia Donoher,gfrogleynv@ebay.com,8829621604,3,53054,2,19837
Nevile Roseburgh,tcosynsgj@usatoday.com,6687176434,4,80625,2,29760
Carter Rayman,dconantqq@list-manage.com,5393197022,4,99031,1,19400
Corinna McIlherran,bgavrielfm@skype.com,6447758358,4,59262,3,24557
Nanete Tash,nlaxennb@so-net.ne.jp,1247812258,3,77073,1,14095
Erny Clearie,gholtonct@wufoo.com,7022462290,2,62621,4,20644
Brittaney Jonin,cdober3m@home.pl,4276273371,4,73570,2,32657
Romeo Mityukov,cpawlickif4@biglobe.ne.jp,8472333747,2,85939,1,30730
Mitch Waller-Bridge,bransom6i@gmpg.org,5381524188,4,101533,2,28016
Manny Yglesia,odunbobinh0@zdnet.com,6186625989,3,35389,1,29476
Carmel Twiddy,alambillionmq@people.com.cn,3594624620,1,93771,2,35053
Clint Mercey,tenglishkf@wired.com,6486547920,2,67554,1,35454
Gallard Godbert,ccolclough35@cafepress.com,4351210417,3,89517,3,22857
Aimee Slafford,wraatzea@printfriendly.com,9161105303,2,94296,1,33465
Eveleen Skerman,tenglishkf@wired.com,5456001071,6,63791,3,25286
Donn Brislen,dbullarcl@elpais.com,4749134937,5,101097,3,34734
Raviv Barthram,wvanne4k@miitbeian.gov.cn,7927270446,3,61649,1,18674
Blake Oldam,ryantsurevcq@wix.com,2939744540,3,61805,3,20489
Ahmed Fidgeon,wnarriea1@example.com,9615133536,3,86094,3,23818
Kipp Duffill,mpengellyhy@prweb.com,5025651948,2,89438,3,37949
Lilyan Dorkens,mbeevis5b@ihg.com,4795975741,1,78206,0,23359
Cthrine Ludye,ajohnstoneha@sina.com.cn,6811109173,3,50098,2,30050
Alessandro Cervantes,clandsbury4c@google.cn,6621032442,2,89557,1,30710
Anica Ellicott,rliccardi2l@hao123.com,5588127719,2,73753,2,16010
Sibeal Bril,hdorinnc@dion.ne.jp,6742870540,2,93124,1,36079
Jenny Esler,gnaniam@linkedin.com,8562132902,2,82085,3,27180
Leeann Skeene,nyeomans7e@google.com.hk,7388124155,3,115989,1,26057
Flo Hutchens,mcornbell4g@imageshack.us,3399681825,3,108331,1,41904
Gaylord Kenforth,fleggonon@nyu.edu,5353323187,1,68154,3,38969
Michel Ferebee,flygoe8y@home.pl,3517699274,3,101174,2,29345
Denys Fransewich,gcoulthardn5@infoseek.co.jp,4021489413,4,94651,1,33251
Ingunna Orwin,bleppingtone2@gizmodo.com,6434927557,4,116235,1,29980
Antonetta Adamov,ameadowsqn@creativecommons.org,2339524634,5,114757,3,35949
Lewes Havill,cszymonowiczmh@usda.gov,8107791695,2,89661,1,32782
Manny Blaker,mcornbell4g@imageshack.us,1189102027,2,82331,2,20945
Kerrin Fortnon,jzavattierit@webs.com,7428975164,5,107581,2,30444
Tandie McCahey,tdikesk0@ebay.com,6879185434,5,95773,0,40192
Orren Slight,tvanyatin1v@bigcartel.com,2334448965,3,65869,1,36040
Tiffy Cregg,lmeaddowcroftk4@simplemachines.org,7715180130,4,52216,2,40683
Jackelyn Perrin,obucherh@jimdo.com,2448263690,3,97136,1,32877
Katalin Mapholm,gcoulthardn5@infoseek.co.jp,1059329479,3,90841,3,43913
Parry Braden,emellando@bloglines.com,4617628524,1,57836,0,36572
Chaunce Sobey,tmoreing2r@facebook.com,1941614354,4,50455,3,32334
Elden Abba,mtracyhc@twitpic.com,8989077156,2,89891,0,25780
Sibbie Simmens,pgritsaevlz@nytimes.com,6673329313,2,82304,3,27481
Daveen Moulin,rmacdunleavy43@sphinn.com,6004482177,3,86487,2,28082
Salomon Adamsen,rivimeykr@hubpages.com,2951396461,-1,83876,2,27135
Odilia Gremane,amainstoneak@homestead.com,3516444462,1,75716,3,36446
Cary Tungay,lrableau7m@xing.com,4565314479,4,60819,2,37043
Mildred Edon,kharmar8i@tinypic.com,4592323367,3,99636,4,34050
Gibby Croasdale,hogdahlj7@answers.com,5077189509,3,100774,1,34465
Ciro Newcom,rwhyard7i@soup.io,9521066764,2,81092,2,35987
Jan Petrozzi,mdrablei8@usa.gov,1632980359,3,74019,4,32148
Teodorico Steeden,jibertdu@oracle.com,1162956477,4,97384,3,30550
Cyndie Beasant,creany41@addtoany.com,5507647302,4,106327,2,24076
Carilyn Stocks,kdundredge3t@yellowpages.com,1791574132,3,80897,3,33171
Don Pavitt,emeedendorpe22@hugedomains.com,2073278161,3,101285,2,37673
Alphonse Ambrosi,bmarriage6e@cnbc.com,1919747110,3,115399,3,25173
Dominic Abbet,lchoat4h@nature.com,3797759110,2,80085,2,37276
Zena Lahy,vsnyder5p@wikipedia.org,7578543499,3,60281,2,33643
Rania Clayborn,maxupow@themeforest.net,4467762443,3,96248,2,33785
Alexis McGrae,cbayston74@whitehouse.gov,6435077490,3,99508,3,19462
Lorens Reekie,sheinle7x@elegantthemes.com,6371812905,2,94011,3,34321
Helena McMechan,marlingjs@cbslocal.com,8322303641,4,84280,4,26433
Banky Beckley,tlechmerefz@quantcast.com,8238600334,3,76942,2,35734
Joni Sein,kfricke5g@flavors.me,6041279873,3,88920,2,23992
Reta Zecchini,avangoaq@seattletimes.com,6422578346,1,98750,1,18720
Dulcy Roskams,tbonsalejj@patch.com,3179745500,3,92560,2,29714
Ed Gubbin,rburry6j@so-net.ne.jp,7496929356,4,75368,2,21695
Leah Tredinnick,hhearonsq2@nba.com,1713574313,2,105931,1,33936
Dolley Corradetti,wlindoresqb@multiply.com,6082546699,3,124139,2,42472
Felizio Hardwin,tlickessro@cdbaby.com,9676262738,4,73552,1,28770
Terri Connors,gpikettfp@admin.ch,5294728657,2,97169,1,33463
Luisa Inott,warraultlx@acquirethisname.com,2684645695,4,72067,4,35888
Lilas Matyatin,cwreakes5a@cisco.com,8033714637,3,105564,2,45110
Tabby Giral,bkanek3@timesonline.co.uk,1346170655,5,78199,0,24038
Joaquin MacAindreis,cfaich88@wufoo.com,7261885343,4,71003,3,34553
Richart Hubbart,lkorb5z@senate.gov,5646878802,4,96857,2,24632
Kanya Sarjeant,hogdahlj7@answers.com,5317006315,4,81902,3,34109
Aloise O'Rudden,cbardwalle1@admin.ch,3061068210,4,78993,1,35276
Nil Worham,mbulliventog@yale.edu,4578415954,3,70159,0,24213
Shandra Jahnig,oswyerpy@oaic.gov.au,8031710190,4,76550,3,38634
Rivy Costell,aeplettmj@ftc.gov,6701122971,4,108144,4,28041
Nero Parkisson,kcraykemb@csmonitor.com,3035786283,3,88141,1,32296
Lian Falco,fpottagepo@nifty.com,7334725839,4,72851,2,49272
Rosabelle Walak,soutridgepq@hud.gov,7803332848,2,103538,3,32987
Melloney Luberti,etatershallm1@unblog.fr,5778303304,4,88376,1,32405
Valentino Gillman,grathmell48@rakuten.co.jp,1729934619,2,73729,2,30127
Gloriane Chrystal,cwoolmoreey@reference.com,5476148235,3,90721,2,32413
Alard Geffinger,akemmey20@soup.io,5829069921,4,83284,3,19946
Addie Lyard,mdmiseke3@abc.net.au,2664021714,4,93896,1,33475
Tarra Jerrams,hbirchenough6b@plala.or.jp,3236825069,4,62247,1,39432
Langsdon Broom,mbulliventog@yale.edu,9589319802,1,118113,0,37074
Melony Hovee,bransom6i@gmpg.org,3003507130,4,87246,2,16952
Gweneth Mattiello,bpieterickga@netvibes.com,2321090797,3,85486,1,13884
Koren Peltz,oswyerpy@oaic.gov.au,7599230444,3,100320,3,16399
Pembroke Froggatt,cburet54@newsvine.com,5271271362,3,43571,0,42057
Shantee Ingrem,soutridgepq@hud.gov,8841921020,2,123389,3,36200
Aloysius Gresser,bbedrosianiv@ftc.gov,9097906417,3,48792,3,26659
Corie Paynes,cfaich88@wufoo.com,9577391592,4,107222,3,23573
Karlee Cases,sslesser82@simplemachines.org,9428647757,3,106814,4,30567
Heidie Hawksworth,wbrasteda6@about.me,7591812424,3,89730,0,28136
Shoshanna Hainge,cbroome4w@dailymail.co.uk,6908758954,3,65592,2,25689
Jolyn Gley,alukehurstlv@youtu.be,2098043662,4,78478,1,36585
Colan Adamovicz,wmardell2u@eepurl.com,3365283994,2,74125,2,19820
Breena Robbeke,lanyenead@kickstarter.com,5991117037,2,98051,1,37291
Slade Spinley,greisenberg9a@berkeley.edu,4426618453,4,117288,2,27034
Bronson Folley,umaidmentd3@vk.com,2108805628,3,90319,2,31372
Kurt Whiskerd,creany41@addtoany.com,2141459020,3,110971,3,41496
Chrissie Tomkys,vshellibeer83@biglobe.ne.jp,7323855460,3,76320,1,37026
Natalie Tipping,ebrandsma2z@behance.net,4391543947,5,95704,1,31829
Cherey Blandamere,aswainstonds@ihg.com,2918322876,3,113676,2,22846
Major Marcinkowski,aaymer7g@shinystat.com,9102707258,3,106454,3,14985
Elmore Ibberson,tdomnineyby@istockphoto.com,6098039443,3,78354,3,31220
Suzie Klemz,cwhittingtonp4@deviantart.com,4194901286,3,72158,2,36146
Toinette Deverille,tlechmerefz@quantcast.com,8336952134,5,89344,4,35623
Corenda Summerhayes,bmacenelly2b@hud.gov,9462021796,2,74804,2,31335
Cahra Smallwood,sgilgryst8h@flavors.me,3241481316,3,94199,2,38046
Kennett Folkerd,falway37@ebay.co.uk,6623763119,2,86805,3,34674
Dionisio Lauret,twingeattc5@youtu.be,4334869594,4,78230,2,25810
Lionello Bracey,sgilgryst8h@flavors.me,9805616678,4,38348,2,32725
Trudi Ickowicz,hsilbergt@plala.or.jp,4105686185,4,54659,1,33379
Barby Mityushin,mjoselovitchjo@weather.com,2984210315,4,125036,4,33156
Natassia Dennistoun,ifalkindere5@myspace.com,7723358923,2,73074,3,42727
Lacy Duckhouse,cbanfield2j@china.com.cn,7053326077,2,87548,1,30603
Teresita Langhorn,sslesser82@simplemachines.org,1236726593,3,83971,0,27309
Wittie Klinck,bgavrielfm@skype.com,8913835889,3,104576,3,27797
Rania Benck,wbrasteda6@about.me,1777203743,4,58612,2,40466
Vachel Elwin,jknuckleskh@wikia.com,7575505386,2,92590,0,32578
Ariana Robbs,jtennewellop@china.com.cn,6857054504,2,91395,2,22790
Clare Gerson,aprovostah@adobe.com,7645097164,3,64944,2,27244
Avigdor Culleford,dconantqq@list-manage.com,5458892909,2,99593,2,24813
Bevan Janos,dbullarcl@elpais.com,3987294214,4,73470,1,18410
Calvin Gunner,avangoaq@seattletimes.com,8294489097,3,74212,2,18580
Izaak Burnsell,ljuste64@vistaprint.com,2951466638,5,85548,1,29001
Ardyth Jefferys,lferencowiczqs@networksolutions.com,4354731106,2,89982,2,34286
Derek Colwell,gcoulthardn5@infoseek.co.jp,3824365922,5,77037,4,37073
Dalia Hyndley,wbudgea0@sitemeter.com,5845123782,4,94709,2,36832
Diann Colbeck,emellando@bloglines.com,6803504908,4,93313,2,21568
Jermaine Shurlock,cdarrington8u@sohu.com,7922237408,1,83016,1,25456
Dorella Blinde,mcornbell4g@imageshack.us,6883559114,2,67866,2,44629
Jedediah Cripps,lsprake7f@ucsd.edu,5546768814,3,86658,0,32972
Zed Carnson,bmarriage6e@cnbc.com,5413736327,3,35054,1,30031
Judi Ellins,greisenberg9a@berkeley.edu,7377089682,4,88635,2,31336
Magdalen Tickner,darbuckeliz@unc.edu,5031686699,2,82101,2,34895
Marielle Sherbrooke,gvanbaaren5m@ox.ac.uk,3188806556,4,109294,1,32348
Silvana Rowston,aurquhartpt@cnbc.com,4539681693,2,93160,3,33900
Sibilla Keegan,mgherardimv@sphinn.com,7538688975,2,109097,2,27175
Gallagher Andriesse,rklimkiewichdo@tmall.com,1117001169,3,114407,1,30128
Bax Bonsey,skildeafa@nydailynews.com,9649009946,3,92561,1,46783
Mack Curedale,asutor1f@prlog.org,4744539716,4,111310,2,36808
Blinni Pimley,mridderfy@ow.ly,8537994752,3,98458,2,29462
Edan Baudassi,wmattaus4b@ucoz.com,1795965163,3,61425,2,23915
Adrian Thor,ahaldon1@goo.gl,8064511008,4,97906,1,25770
Gilberto Fidgett,dwhight4y@umich.edu,4692682147,2,104124,3,20699
Merrick Abraham,ggurwoodb1@photobucket.com,5265909398,2,76095,2,28241
Myrilla McNea,ljorcke5w@vimeo.com,8093489133,5,103359,3,38507
Eberhard Marfell,rdowreybj@netvibes.com,1967480630,3,79727,1,42078
Andras Cleatherow,cbroome4w@dailymail.co.uk,1795075454,3,77805,1,27835
Reggis Idenden,cchisolm3b@xinhuanet.com,4285516127,2,38143,3,17975
Clyve Craufurd,rliccardi2l@hao123.com,3207624711,1,94596,3,22142
Shirl Streight,mdunrige29@1688.com,7563971001,3,81724,1,37868
Brooke Snelman,avangoaq@seattletimes.com,6512091588,3,110509,1,26084
Natty Palphramand,pforker5e@rediff.com,7326839806,3,64615,0,28105
Hendrick MacCafferky,lconrartrj@google.com.au,9277704150,3,97508,1,35850
Tillie Fenby,bbessantaw@google.com,4835636294,2,66230,3,33920
Vinnie Heggison,gpaye8g@europa.eu,4497004648,2,56888,1,21598
Valli Bullough,mpechlj@rambler.ru,6679015824,1,84237,1,39674
Hugues Bliss,fkensitmy@walmart.com,7393105802,4,56891,1,25803
Joyan Cossans,trampleeq9@typepad.com,7439748158,4,49741,2,38313
Bill Leinthall,avangoaq@seattletimes.com,4227166279,2,89752,2,19180
Horace Emlyn,nyeomans7e@google.com.hk,2448669570,4,39896,2,28333
Adriaens Hopewell,vrassmann61@etsy.com,9682343613,4,84154,0,26675
Frederic Sazio,lconrartrj@google.com.au,9411857378,3,90203,3,26060
Joceline Oakeshott,lkorb5z@senate.gov,9169036034,2,82202,2,34968
Nobie Southerton,kcoarsere8@nydailynews.com,8158086601,3,65110,2,38517
Krisha Banisch,darbuckeliz@unc.edu,4137136844,3,62928,2,24353
Karlis Jasiak,jellensph@vinaora.com,6745262530,4,83235,1,28709
Gerick Pantone,dbadinip8@youtube.com,8274181545,3,52139,2,25712
Olivie Rudolph,tbuftonkb@flickr.com,1416337991,3,106574,1,22833
Allyn D'Aubney,emellando@bloglines.com,2057670115,2,75271,1,31551
Aland Bellows,mgreenan2y@miibeian.gov.cn,7325913783,4,73628,3,29242
Ardyth McLaggan,wpitkaithlylk@si.edu,7376030706,2,101599,1,29646
Arlyn McGinnis,mdrablei8@usa.gov,8632769021,3,80931,1,33619
Cloe Alway,mcornbell4g@imageshack.us,5336494999,2,40455,3,42477
Alessandra Poker,dhalvorsenq4@pagesperso-orange.fr,8402628070,3,71149,0,33758
Fayina Quarterman,rnorcuttk8@goodreads.com,4588740523,3,42344,4,20289
Zea Pirozzi,aellikerg7@indiegogo.com,6146329369,4,126539,3,42009
Heriberto Nequest,csumner31@google.ca,1822508858,1,83600,2,26000
Geneva Reddings,abruyntjes75@moonfruit.com,6791979833,2,51180,0,32307
Ellynn Hunn,dbadinip8@youtube.com,6335100947,5,43870,2,25209
Carleen Starsmeare,ggradley6v@slashdot.org,6635007207,5,72663,2,28130
Henry Albin,ccolclough35@cafepress.com,6606284436,3,68131,2,28899
Kirbie Dicker,hslanymu@irs.gov,6619178744,2,77426,2,30512
Afton Carnalan,cmcquorkellcz@pbs.org,4447357977,3,85275,1,36527
Merle Leadley,rewlesdv@cornell.edu,9002588692,2,75128,0,34548
Abigale Leavold,kpaulw@nasa.gov,2367196761,3,60048,2,25639
Xena Cruikshank,asutor1f@prlog.org,3413893507,5,88999,1,16254
Peri Casina,bprinne6o@123-reg.co.uk,1238539390,3,76375,3,28899
Gregor Heggadon,sgartsyder4@1688.com,2935997069,1,63082,3,39958
Brenden Kilduff,ggurwoodb1@photobucket.com,3627917367,3,112966,0,37585
Rickard Staterfield,hgrahl7@utexas.edu,8979835077,3,91255,3,30466
Bert Santore,rdowreybj@netvibes.com,2293485512,3,95131,2,34693
Lorraine Brislane,oduggen89@marriott.com,9529072084,3,86241,0,29324
Daniella Rosenkrantz,ewalbyhw@china.com.cn,1451056713,1,80243,2,24127
Augustus Dimond,djarreltet@nyu.edu,3481024679,5,94820,2,42355
Marrissa Petrashkov,hgrahl7@utexas.edu,8337210961,4,76217,2,22444
Bambi Hanks,kplumbl6@friendfeed.com,3669339913,3,108584,1,27551
Di Roger,ccolclough35@cafepress.com,4974646373,3,84772,1,22510
Jeanelle Villaret,lbelhommee6@springer.com,3471667687,2,73142,2,33929
Terencio Raitt,cbatesond9@about.me,7769963729,3,64020,3,23259
Ashlie Putley,mallchin1h@gmpg.org,1941470534,2,65133,1,19393
Whitby Shankle,wsindelloq@google.co.uk,1691631944,3,90303,2,31572
Christopher McGlade,awilloughbyaf@shinystat.com,1342697603,6,85128,2,33957
Shelia Galloway,obucherh@jimdo.com,4001369146,5,123522,2,36749
Waite Emblow,ngregolincd@desdev.cn,3216824922,4,79756,3,42533
Quincy Mandeville,wbudgea0@sitemeter.com,6585586984,2,72807,4,32166
Fax Murkin,ascoonik@tripadvisor.com,5586197881,4,27319,3,30597
Charisse Goodlud,cmcquorkellcz@pbs.org,1933995980,1,103742,0,29858
Amity Bansal,fkixme@wufoo.com,7366286254,3,87081,1,23458
Cherianne Bramah,docorhaneee@ehow.com,1224104932,3,57623,0,25828
Trenna Wetherell,wfiellero5@cafepress.com,6646999845,4,85465,3,35477
Abbey McGavigan,tmalstermc@techcrunch.com,8646303524,4,74353,1,31311
Correy Muddimer,marnson3l@ucoz.ru,4322451936,3,84061,1,34000
Huey Pitkin,gnewartbt@ocn.ne.jp,7747304030,4,87581,2,40579
York Haywood,esturdgess1n@bluehost.com,4181005849,2,82956,2,31380
Adi Espinha,sfillsn9@prnewswire.com,3119259985,3,88459,3,26075
Verine Fridlington,mtrevainb4@imgur.com,4208771601,1,64576,1,37539
Wheeler Wooler,kcuerdallba@friendfeed.com,1568249693,2,131829,3,29313
Corrie Raithbie,ebridgespx@cbsnews.com,1472696513,4,51763,2,26415
Lory Cowton,lsumshon98@google.cn,5293114104,4,71448,3,25892
Horten Gouck,wbosson3s@artisteer.com,7816279293,3,114093,2,29774
Winne Ealles,ecapelj1@craigslist.org,3687794189,3,93446,3,34678
Emelia Segar,bwhitlowge@buzzfeed.com,5309029307,3,61271,2,23549
Loralie Hassen,marnson3l@ucoz.ru,9078732428,3,90622,3,33393
Jolene Eskriet,aharwinnk@weebly.com,3568327815,2,75948,2,31298
Dasha Raff,tphillott6t@devhub.com,5009861004,4,147863,2,21637
Grange Orneles,ewelch8c@multiply.com,3151084085,3,80737,3,27828
Davidson Eyckelbeck,epriddied0@eepurl.com,1063117629,2,76819,3,26667
Kriste Hotson,hyaneev90@chronoengine.com,2728124677,4,38262,3,16095
Petunia Dumbrill,dmarymankx@zdnet.com,5889416842,2,60984,4,28914
Kerk Duffill,mpechlj@rambler.ru,2504795541,4,91622,3,32054
Serene Piller,gassandri8m@patch.com,1517226732,2,52241,2,30188
Lanie Tortis,jminichillo66@bloglovin.com,9851609424,2,80075,3,46939
Henrieta Jikylls,dkimmingscp@wikispaces.com,6217004829,2,44864,2,34912
Bancroft Kinnock,dpaunsford8k@fda.gov,8624228241,2,54348,3,35534
Rex Fernanando,glakesk1@army.mil,3677942452,4,63635,2,20283
Saul Cullimore,ppadyhh@hexun.com,2108938859,4,63476,2,32908
Brietta Lownds,aellikerg7@indiegogo.com,7589898157,3,70391,3,27943
Urbano Swadon,cfaich88@wufoo.com,3861600549,4,79229,0,24029
Jocko Tait,gholtonct@wufoo.com,1762423181,3,81832,3,31819
Adey Patience,ifalkindere5@myspace.com,5171598707,3,70586,3,19316
Lotti Bayley,edewesc7@cdc.gov,6034355324,3,80471,2,32874
Jens Rosenhaupt,gvanbaaren5m@ox.ac.uk,8829269783,4,120306,2,27301
Lita Sictornes,tdomnineyby@istockphoto.com,5161513962,3,105318,3,29890
Cristen Richardsson,gtwiddyl5@smh.com.au,4287035749,5,60271,3,25905
Lyon Kaspar,erodgersonfe@barnesandnoble.com,8156330180,3,89631,1,39181
Henderson Longrigg,falway37@ebay.co.uk,7278353937,3,91803,2,30225
Agata Farlam,lcussib@godaddy.com,8696262063,3,104509,2,25942
Fanechka Dugmore,lpropper5u@4shared.com,4416056450,3,92730,1,30542
Conant Quare,forrocks1a@virginia.edu,2813415071,3,67176,1,30460
Jeramie Aylen,amarquezg9@patch.com,4055462128,3,112448,1,31426
Brice Rechert,htribell9i@netvibes.com,2797376333,3,89426,2,27913
Fawnia Vannuchi,vhewson4x@reddit.com,2927300516,3,57218,3,26656
Sebastiano Lockhart,mflaubertny@t-online.de,8826750656,3,97438,2,30921
Donnajean Vatini,trampleeq9@typepad.com,6683848892,4,120879,1,23910
Ruben Pollastrino,lchinar3@biglobe.ne.jp,7839832660,3,61871,1,29717
Lemuel Brideau,ccolclough35@cafepress.com,4312018370,2,70849,4,36419
Adriana Pizzie,hrelph57@github.com,5068336930,4,62600,1,17339
Garry Alsina,cevitts9s@qq.com,2075907182,4,88902,2,29410
Enriqueta Carlett,tbuftonkb@flickr.com,8112533250,3,80378,4,29440
Sosanna Macauley,mcornbell4g@imageshack.us,1759926611,4,83983,3,38579
Jean Moncaster,ibierlingjk@bloomberg.com,6135436888,2,77023,3,34074
Moritz Durward,lkorb5z@senate.gov,8937227827,2,90851,5,26035
Rodolphe Groome,aellikerg7@indiegogo.com,4196636750,3,97734,1,31741
Jillene Qualtrough,aaymer7g@shinystat.com,9508501069,3,54558,2,26522
Judon Cathie,emellando@bloglines.com,4655911654,3,35990,3,31140
Lezley Ogilvy,dhilleyko@163.com,9395130834,2,77478,1,25459
Neils Farlam,aellikerg7@indiegogo.com,5146975145,3,70465,3,43177
Clare Road,jtourotnz@discovery.com,6341105203,4,79751,4,21815
Joly Coolican,hwhitingtonj5@buzzfeed.com,2634704133,3,47023,1,34799
Melamie Quittonden,ahaldon1@goo.gl,1806268770,3,68589,4,29091
Joleen Condit,plethabridgef1@ed.gov,5178917665,5,100984,2,22800
Bone Baysting,bolorenshawnl@europa.eu,6341419646,3,53777,2,24003
Kimmi Buie,jskaidkg@aboutads.info,2382142534,6,77612,2,27356
Misti Featherstonhalgh,darbuckeliz@unc.edu,4661467746,3,91821,1,28958
Chelsea Eldered,mshackelr2@bbb.org,6504931667,3,117705,2,39121
Garrick Lockey,lanyenead@kickstarter.com,3855403228,3,77183,1,44840
Broderic Calcutt,odunbobinh0@zdnet.com,2148593370,3,58920,2,20800
Jude Burren,nbarenskyfn@who.int,8868857594,2,97268,3,26910
Silva Rook,rnorcuttk8@goodreads.com,7128628534,2,108693,2,30092
Hildegaard Chenery,hdorinnc@dion.ne.jp,2198204872,1,71492,3,25253
Zechariah Reedick,cmacpeakehv@google.it,1855693232,4,66913,2,29546
Myrlene Rennick,bbedrosianiv@ftc.gov,6942036442,1,100565,2,24259
Helaina Slimme,tcowgillit@cargocollective.com,2677085013,2,118612,4,30756
Hollyanne Lucas,pclampe84@purevolume.com,1468844858,2,65880,1,23933
Tomas Seedman,edewesc7@cdc.gov,1742971309,4,48457,2,20128
Justinian Gaspar,bleppingtone2@gizmodo.com,7186361836,4,89615,2,36527
Mayor Frill,tpristnorno@cyberchimps.com,3026696107,4,87483,2,27763
Ilaire Hawarden,awilloughbyaf@shinystat.com,3303357143,4,102111,1,16166
Audrey Pischoff,cwhittingtonp4@deviantart.com,4608478764,4,87791,1,35029
Odelinda Jindrak,pdechellep@patch.com,6844596830,2,95138,1,38578
Emmye Trinke,vbaiyleci@amazon.de,2119318426,3,83280,1,31078
Dunn Ingliby,tphillott6t@devhub.com,4919864096,1,73030,2,24461
Traci Backwell,clamputt5l@upenn.edu,5883172684,5,94202,1,20911
Ingaborg Braunfeld,nrattrie3z@ycombinator.com,6998634299,4,121339,1,24381
Kingsley Worner,nrattrie3z@ycombinator.com,8979517517,2,61251,1,17710
Aryn Handford,hogdahlj7@answers.com,8294412446,4,64631,2,31912
Margarette Chantler,wnarriea1@example.com,9158773473,2,93430,2,30295
Megan Altofts,asnap18@wired.com,4727801003,4,109304,2,28992
Everard Scathard,cchisolm3b@xinhuanet.com,4942762169,3,65140,2,29391
Gregor Dyble,sgernerhs@yahoo.co.jp,3234309087,3,105945,4,30299
Goraud Pirouet,slording80@stanford.edu,6238577572,3,74210,1,26966
Benjamen Crownshaw,ccutfordj6@phpbb.com,9677528528,4,90089,1,39165
Consalve Drache,alukehurstlv@youtu.be,6399593740,2,85077,1,25444
Stevana Plackstone,lferencowiczqs@networksolutions.com,2385274877,3,72777,2,26556
Keefer Drewry,jdinnagend@desdev.cn,3051553816,3,70937,1,44184
Riobard Vaskin,fkulasjd@tiny.cc,7824724603,4,113807,1,31660
Percy Thombleson,sgernerhs@yahoo.co.jp,3261312663,2,100186,4,35337
Alwyn McQuaide,dhickisson5d@so-net.ne.jp,7997037019,3,89482,2,15440
Pippy Lyffe,abirchillpz@seattletimes.com,4126294372,3,77488,2,30039
Nefen Mc Carroll,htribell9i@netvibes.com,6693787256,3,130850,0,37554
Aguie Roussel,rcaustonho@instagram.com,4369068288,3,58956,2,31354
Theresa Josephov,ggurwoodb1@photobucket.com,7604893144,5,63206,1,29803
