cnewlandsin@cafepress.com,Economy Sewage Plan,nsurrqp@meetup.com,Not Applicable,0
tlifton9q@zdnet.com,Standard Home Cleaning Plan,jmccuffierq@dailymail.co.uk,Not Applicable,0
esnookesln@buzzfeed.com,Economy Home Cleaning Plan,cranfieldcg@freewebs.com,Not Applicable,0
mbaudyi4@walmart.com,Basic Babysitting Plan,hyakunchikovdx@plala.or.jp,Not Applicable,0
lmardlerc@tripod.com,Premium Babysitting Plan,ccroysdalept@istockphoto.com,Not Applicable,0
mquaintance4t@washingtonpost.com,Economy Internet Plan,hbateman5e@gizmodo.com,Not Applicable,0
hgehringerpm@reference.com,Premium Car Insurance Plan,ykinghamml@noaa.gov,Not Applicable,0
gwhistlecraft2i@storify.com,Economy Babysitting Plan,fstonemano4@sun.com,Not Applicable,0
mtate1u@dyndns.org,Platinum Sewage Plan,fportail6v@xinhuanet.com,Not Applicable,0
dosgerbyge@odnoklassniki.ru,Basic Home Cleaning Plan,cranfieldcg@freewebs.com,Not Applicable,0
mbynelu@vimeo.com,Basic Water Supply Plan,mlamswood53@trellian.com,Not Applicable,0
kbardwell2n@qq.com,Premium Cable Plan,mavrahamofff9@constantcontact.com,Not Applicable,0
mdotterillq1@facebook.com,Platinum Babysitting Plan,ccroysdalept@istockphoto.com,Not Applicable,0
wbatieok@deliciousdays.com,Platinum Car Insurance Plan,ykinghamml@noaa.gov,Not Applicable,0
givashnikov5i@skyrock.com,Standard Cellular Plan,lagassqs@mozilla.com,Not Applicable,0
bpettisalldi@slideshare.net,Basic Sewage Plan,nsurrqp@meetup.com,Not Applicable,0
bbeetham2p@amazon.co.jp,Economy Home Insurance Plan,fmattausl0@wiley.com,Not Applicable,0
tbourkel3@hugedomains.com,Economy Home Insurance Plan,shuggardpg@over-blog.com,Not Applicable,0
bvardencq@t-online.de,Premium Gas Plan,agenever5g@timesonline.co.uk,Not Applicable,0
bdunphyfl@nps.gov,Platinum Device Insurance Plan,nmilroyg0@miitbeian.gov.cn,Not Applicable,0
rdezuani5k@blogs.com,Standard Home Insurance Plan,fmattausl0@wiley.com,Not Applicable,0
tbaldwinpy@is.gd,Premium Sewage Plan,aparlor12@etsy.com,Not Applicable,0
ghousecroftgl@prnewswire.com,Premium Mortgage Plan,dgyded2@stanford.edu,Not Applicable,0
vperriee3@sbwire.com,Basic Home Cleaning Plan,cranfieldcg@freewebs.com,Not Applicable,0
mcrippill4y@aboutads.info,Premium Home Cleaning Plan,badolfhv@taobao.com,Not Applicable,0
bbartunekfd@cdbaby.com,Platinum Device Insurance Plan,nmilroyg0@miitbeian.gov.cn,Not Applicable,0
rmcbrearty11@deviantart.com,Economy Cable Plan,mavrahamofff9@constantcontact.com,Not Applicable,0
rpennockks@posterous.com,Basic Cable Plan,mavrahamofff9@constantcontact.com,Not Applicable,0
cfullbrookh0@ca.gov,Basic Health Insurance Plan,dgotlingrh@samsung.com,Not Applicable,0
cigog5@blogs.com,Premium Device Insurance Plan,ahutleyql@umn.edu,Not Applicable,0
trudramd0@shareasale.com,Premium Home Insurance Plan,ekarlik3q@networkadvertising.org,Not Applicable,0
bdunphyfl@nps.gov,Basic Sewage Plan,nsurrqp@meetup.com,Not Applicable,0
gpurkispk@woothemes.com,Standard Home Cleaning Plan,jmccuffierq@dailymail.co.uk,Not Applicable,0
gunwinslq@histats.com,Economy Gas Plan,agenever5g@timesonline.co.uk,Not Applicable,0
alodevickip@google.com.au,Premium Cellular Plan,fgillionbe@xrea.com,Not Applicable,0
mgowen71@ezinearticles.com,Premium Mortgage Plan,spaveloy@symantec.com,Not Applicable,0
cgoulterpl@ucsd.edu,Economy Mortgage Plan,wderilla3@freewebs.com,Not Applicable,0
kcumberledge6v@foxnews.com,Platinum Device Insurance Plan,nmilroyg0@miitbeian.gov.cn,Not Applicable,0
mgowen71@ezinearticles.com,Basic Home Cleaning Plan,bfeldbrin3p@newyorker.com,Not Applicable,0
rfrays81@privacy.gov.au,Platinum Mortgage Plan,abrassmr@tinyurl.com,Not Applicable,0
ggrayleyij@phoca.cz,Basic Internet Plan,msutordc@alexa.com,Not Applicable,0
marterc9@narod.ru,Economy Health Insurance Plan,sjacsonf7@symantec.com,Not Applicable,0
lmardlerc@tripod.com,Economy Internet Plan,hbateman5e@gizmodo.com,Not Applicable,0
rfrays81@privacy.gov.au,Economy Cellular Plan,lagassqs@mozilla.com,Not Applicable,0
oowlner6d@etsy.com,Economy Cellular Plan,fgillionbe@xrea.com,Not Applicable,0
kpettingillqp@usatoday.com,Premium Electricity Plan,rnarisy@thetimes.co.uk,Not Applicable,0
mgallanderspo@princeton.edu,Economy Health Insurance Plan,bcharnockhc@vkontakte.ru,Not Applicable,0
gbeachamp2j@marketwatch.com,Premium Babysitting Plan,fstonemano4@sun.com,Not Applicable,0
tmaffihx@dropbox.com,Platinum Mortgage Plan,dgyded2@stanford.edu,Not Applicable,0
mbaudyi4@walmart.com,Economy Health Insurance Plan,sbarensnq@mit.edu,Not Applicable,0
bdunphyfl@nps.gov,Platinum Water Supply Plan,rarnoldr8@csmonitor.com,Not Applicable,0
lmckennanre@privacy.gov.au,Standard Home Cleaning Plan,bfeldbrin3p@newyorker.com,Not Applicable,0
ssowtene8@msu.edu,Platinum Sewage Plan,aparlor12@etsy.com,Not Applicable,0
mgianneschima@soundcloud.com,Premium Home Insurance Plan,jrosina3j@macromedia.com,Not Applicable,0
plabrumd@ezinearticles.com,Platinum Lawncare Plan,ccockaymecp@naver.com,Not Applicable,0
arusbridge77@ihg.com,Basic Babysitting Plan,hyakunchikovdx@plala.or.jp,Not Applicable,0
cascrofte3g@mtv.com,Economy Home Insurance Plan,ekarlik3q@networkadvertising.org,Not Applicable,0
esnookesln@buzzfeed.com,Basic Transport Plan,bbrunt45@behance.net,Not Applicable,0
lmardlerc@tripod.com,Premium Security Plan,tgobbettka@telegraph.co.uk,Not Applicable,0
cgarthshorek4@bigcartel.com,Basic Home Insurance Plan,jrosina3j@macromedia.com,Not Applicable,0
kyon5n@comcast.net,Premium Babysitting Plan,fstonemano4@sun.com,Not Applicable,0
ztante7j@ehow.com,Standard Electricity Plan,rnarisy@thetimes.co.uk,Not Applicable,0
fgurgeha@apache.org,Standard Home Insurance Plan,shuggardpg@over-blog.com,Not Applicable,0
bvallentin83@loc.gov,Standard Sewage Plan,aparlor12@etsy.com,Not Applicable,0
lmardlerc@tripod.com,Economy Security Plan,hrickeard78@t-online.de,Not Applicable,0
egamen5@purevolume.com,Economy Home Cleaning Plan,badolfhv@taobao.com,Not Applicable,0
gboutellierqb@diigo.com,Basic Water Supply Plan,mlamswood53@trellian.com,Not Applicable,0
aottewellm3@dailymotion.com,Basic Home Cleaning Plan,ifishlyc2@privacy.gov.au,Not Applicable,0
dveltman3f@zimbio.com,Economy Sewage Plan,fportail6v@xinhuanet.com,Not Applicable,0
scurnnok3e@jalbum.net,Standard Lawncare Plan,ccockaymecp@naver.com,Not Applicable,0
oentres8b@behance.net,Economy Transport Plan,khambridge6z@xing.com,Not Applicable,0
eweed54@bloglines.com,Premium Health Insurance Plan,dgotlingrh@samsung.com,Not Applicable,0
bwinesd3@newsvine.com,Platinum Electricity Plan,ebillanya4@indiegogo.com,Not Applicable,0
lmckennanre@privacy.gov.au,Premium Home Cleaning Plan,jmccuffierq@dailymail.co.uk,Not Applicable,0
hdonkeci@amazon.com,Economy Sewage Plan,kskipp7a@dyndns.org,Not Applicable,0
aklimushev5p@marriott.com,Platinum Home Cleaning Plan,bfeldbrin3p@newyorker.com,Not Applicable,0
vcashamih@behance.net,Platinum Transport Plan,ekaubischfo@spotify.com,Not Applicable,0
kpetzoltr2@amazonaws.com,Premium Water Supply Plan,rarnoldr8@csmonitor.com,Not Applicable,0
cfeilden7t@hhs.gov,Economy Cellular Plan,lagassqs@mozilla.com,Not Applicable,0
djenceyqg@theguardian.com,Economy Babysitting Plan,fstonemano4@sun.com,Not Applicable,0
mmobberleykf@ifeng.com,Premium Home Cleaning Plan,badolfhv@taobao.com,Not Applicable,0
cpriddlej@apple.com,Standard Home Cleaning Plan,badolfhv@taobao.com,Not Applicable,0
rlowtenfc@pen.io,Economy Mortgage Plan,spaveloy@symantec.com,Not Applicable,0
ktettah@dailymail.co.uk,Premium Sewage Plan,nsurrqp@meetup.com,Not Applicable,0
kgagerbb@uiuc.edu,Economy Internet Plan,hbateman5e@gizmodo.com,Not Applicable,0
ssciacovelli4s@amazon.com,Standard Sewage Plan,aparlor12@etsy.com,Not Applicable,0
aandrichj0@google.it,Standard Home Insurance Plan,fmattausl0@wiley.com,Not Applicable,0
frosenauer97@blog.com,Platinum Gas Plan,gpiercylp@nydailynews.com,Not Applicable,0
marterc9@narod.ru,Economy Car Insurance Plan,ykinghamml@noaa.gov,Not Applicable,0
abygottny@moonfruit.com,Platinum Babysitting Plan,fstonemano4@sun.com,Not Applicable,0
everlindefi@google.ru,Premium Home Cleaning Plan,jmccuffierq@dailymail.co.uk,Not Applicable,0
hdemseyi7@ed.gov,Premium Sewage Plan,kskipp7a@dyndns.org,Not Applicable,0
whuntressby@scribd.com,Platinum Gas Plan,gpiercylp@nydailynews.com,Not Applicable,0
mrowthm7@sakura.ne.jp,Premium Health Insurance Plan,agenever5g@timesonline.co.uk,Not Applicable,0
bnapletonl2@oakley.com,Basic Security Plan,tgobbettka@telegraph.co.uk,Not Applicable,0
gkobeltgz@wired.com,Platinum Lawncare Plan,ccockaymecp@naver.com,Not Applicable,0
llynnettp3@tamu.edu,Standard Device Insurance Plan,nmilroyg0@miitbeian.gov.cn,Not Applicable,0
aryamls@networkadvertising.org,Basic Electricity Plan,ebillanya4@indiegogo.com,Not Applicable,0
lbladder4o@ftc.gov,Premium Electricity Plan,mtrinder6n@jigsy.com,Not Applicable,0
kpetzoltr2@amazonaws.com,Basic Electricity Plan,rnarisy@thetimes.co.uk,Not Applicable,0
cbrennandjx@mayoclinic.com,Premium Home Insurance Plan,shuggardpg@over-blog.com,Not Applicable,0
bmccaughrenf9@state.gov,Economy Internet Plan,hbateman5e@gizmodo.com,Not Applicable,0
hjarreda8@microsoft.com,Basic Home Insurance Plan,ekarlik3q@networkadvertising.org,Not Applicable,0
pbenthamld@domainmarket.com,Basic Mortgage Plan,abrassmr@tinyurl.com,Not Applicable,0
narlottlz@timesonline.co.uk,Standard Gas Plan,gpiercylp@nydailynews.com,Not Applicable,0
ksmelley2q@salon.com,Economy Life Insurance Plan,mbonnickg3@hubpages.com,Not Applicable,0
apetterspn@e-recht24.de,Premium Health Insurance Plan,dgotlingrh@samsung.com,Not Applicable,0
shalledayps@go.com,Economy Water Supply Plan,mlamswood53@trellian.com,Not Applicable,0
fsatford6t@fastcompany.com,Premium Security Plan,tgobbettka@telegraph.co.uk,Not Applicable,0
mblampiedhn@wix.com,Premium Home Cleaning Plan,badolfhv@taobao.com,Not Applicable,0
llynnettp3@tamu.edu,Standard Security Plan,hrickeard78@t-online.de,Not Applicable,0
lguilaynn8@ed.gov,Premium Electricity Plan,mtrinder6n@jigsy.com,Not Applicable,0
ksmelley2q@salon.com,Basic Security Plan,hrickeard78@t-online.de,Not Applicable,0
mgibbenet@princeton.edu,Platinum Device Insurance Plan,ahutleyql@umn.edu,Not Applicable,0
mgrimmolby8k@nhs.uk,Economy Sewage Plan,lmicorl@ucoz.ru,Not Applicable,0
cnewlandsin@cafepress.com,Standard Mortgage Plan,dgyded2@stanford.edu,Not Applicable,0
wshaylerbh@yelp.com,Basic Life Insurance Plan,mbonnickg3@hubpages.com,Not Applicable,0
mdumphryoa@mozilla.org,Standard Home Insurance Plan,fmattausl0@wiley.com,Not Applicable,0
mbourgeoish6@flavors.me,Economy Mortgage Plan,spaveloy@symantec.com,Not Applicable,0
egamen5@purevolume.com,Economy Home Cleaning Plan,jmccuffierq@dailymail.co.uk,Not Applicable,0
cfeilden7t@hhs.gov,Basic Mortgage Plan,dgyded2@stanford.edu,Not Applicable,0
tayrs7i@w3.org,Platinum Babysitting Plan,ccroysdalept@istockphoto.com,Not Applicable,0
rtomblingdo@blogger.com,Economy Home Cleaning Plan,jmccuffierq@dailymail.co.uk,Not Applicable,0
dshearstoner1@ftc.gov,Standard Water Supply Plan,mlamswood53@trellian.com,Not Applicable,0
rkaas1n@sphinn.com,Basic Device Insurance Plan,nmilroyg0@miitbeian.gov.cn,Not Applicable,0
kmadre42@apache.org,Platinum Babysitting Plan,fstonemano4@sun.com,Not Applicable,0
lhammerbergert@github.com,Standard Babysitting Plan,fstonemano4@sun.com,Not Applicable,0
tmenchentonol@mapy.cz,Standard Home Cleaning Plan,badolfhv@taobao.com,Not Applicable,0
fsatford6t@fastcompany.com,Premium Security Plan,tgobbettka@telegraph.co.uk,Not Applicable,0
acreak8f@auda.org.au,Economy Home Insurance Plan,jrosina3j@macromedia.com,Not Applicable,0
roddboyri@java.com,Basic Electricity Plan,rnarisy@thetimes.co.uk,Not Applicable,0
cgrishuninbn@bloglines.com,Platinum Home Cleaning Plan,cranfieldcg@freewebs.com,Not Applicable,0
cghidini1j@vkontakte.ru,Basic Sewage Plan,nsurrqp@meetup.com,Not Applicable,0
vbrydonlo@freewebs.com,Premium Home Insurance Plan,jrosina3j@macromedia.com,Not Applicable,0
lgarrettsqr@redcross.org,Standard Device Insurance Plan,ahutleyql@umn.edu,Not Applicable,0
lhammerbergert@github.com,Premium Home Cleaning Plan,badolfhv@taobao.com,Not Applicable,0
kkellarz@amazonaws.com,Economy Mortgage Plan,wderilla3@freewebs.com,Not Applicable,0
frubartellih8@walmart.com,Standard Lawncare Plan,ccockaymecp@naver.com,Not Applicable,0
wmumbeymj@hp.com,Economy Electricity Plan,bthalmi@house.gov,Not Applicable,0
mgrimmolby8k@nhs.uk,Economy Sewage Plan,lmicorl@ucoz.ru,Not Applicable,0
fgurgeha@apache.org,Standard Home Cleaning Plan,bfeldbrin3p@newyorker.com,Not Applicable,0
sfootittp1@wired.com,Premium Internet Plan,msutordc@alexa.com,Not Applicable,0
hbootherpz@meetup.com,Basic Device Insurance Plan,nmilroyg0@miitbeian.gov.cn,Not Applicable,0
smccartneyem@topsy.com,Premium Home Cleaning Plan,cranfieldcg@freewebs.com,Not Applicable,0
drudderham4@drupal.org,Platinum Electricity Plan,rnarisy@thetimes.co.uk,Not Applicable,0
gundyqc@independent.co.uk,Premium Health Insurance Plan,dgotlingrh@samsung.com,Not Applicable,0
rwatkissc@dell.com,Standard Mortgage Plan,spaveloy@symantec.com,Not Applicable,0
cburchfield65@quantcast.com,Basic Health Insurance Plan,sbarensnq@mit.edu,Not Applicable,0
mgrimmolby8k@nhs.uk,Basic Internet Plan,msutordc@alexa.com,Not Applicable,0
jchetwin3u@nationalgeographic.com,Platinum Babysitting Plan,ccroysdalept@istockphoto.com,Not Applicable,0
lcockleyec@cam.ac.uk,Standard Home Cleaning Plan,jmccuffierq@dailymail.co.uk,Not Applicable,0
lwarham1t@weather.com,Basic Device Insurance Plan,ahutleyql@umn.edu,Not Applicable,0
mblampiedhn@wix.com,Basic Security Plan,hrickeard78@t-online.de,Not Applicable,0
lvicentg7@canalblog.com,Economy Home Cleaning Plan,jmccuffierq@dailymail.co.uk,Not Applicable,0
roddboyri@java.com,Basic Mortgage Plan,abrassmr@tinyurl.com,Not Applicable,0
rfrays81@privacy.gov.au,Premium Mortgage Plan,wderilla3@freewebs.com,Not Applicable,0
ggrayleyij@phoca.cz,Standard Health Insurance Plan,sjacsonf7@symantec.com,Not Applicable,0
bgrimwade47@forbes.com,Platinum Security Plan,tgobbettka@telegraph.co.uk,Not Applicable,0
rczaplag6@ed.gov,Basic Home Cleaning Plan,cranfieldcg@freewebs.com,Not Applicable,0
edouberday39@altervista.org,Basic Lawncare Plan,ccockaymecp@naver.com,Not Applicable,0
kpardewf4@ucoz.com,Standard Home Cleaning Plan,bfeldbrin3p@newyorker.com,Not Applicable,0
bvardencq@t-online.de,Standard Device Insurance Plan,nmilroyg0@miitbeian.gov.cn,Not Applicable,0
lkolyaginp9@wsj.com,Platinum Health Insurance Plan,sjacsonf7@symantec.com,Not Applicable,0
pbayldon8q@mozilla.org,Economy Gas Plan,agenever5g@timesonline.co.uk,Not Applicable,0
tmaffihx@dropbox.com,Basic Car Insurance Plan,ykinghamml@noaa.gov,Not Applicable,0
mcollis7c@soup.io,Premium Gas Plan,gpiercylp@nydailynews.com,Not Applicable,0
lhammerbergert@github.com,Platinum Gas Plan,gpiercylp@nydailynews.com,Not Applicable,0
mgowen71@ezinearticles.com,Economy Home Insurance Plan,ekarlik3q@networkadvertising.org,Not Applicable,0
lricoald8n@printfriendly.com,Premium Water Supply Plan,rarnoldr8@csmonitor.com,Not Applicable,0
aklarzynskint@google.ca,Premium Internet Plan,msutordc@alexa.com,Not Applicable,0
ryashin1a@indiatimes.com,Economy Device Insurance Plan,nmilroyg0@miitbeian.gov.cn,Not Applicable,0
hmariangp@amazonaws.com,Platinum Health Insurance Plan,dgotlingrh@samsung.com,Not Applicable,0
apetterspn@e-recht24.de,Platinum Mortgage Plan,abrassmr@tinyurl.com,Not Applicable,0
mcaenlh@google.co.jp,Platinum Mortgage Plan,evallentine6o@drupal.org,Not Applicable,0
hcurnokkq3@unc.edu,Basic Babysitting Plan,fstonemano4@sun.com,Not Applicable,0
syatesk@indiatimes.com,Premium Cellular Plan,fgillionbe@xrea.com,Not Applicable,0
bwhistlecraft7o@theguardian.com,Economy Internet Plan,hbateman5e@gizmodo.com,Not Applicable,0
wcorckp4@paginegialle.it,Economy Gas Plan,agenever5g@timesonline.co.uk,Not Applicable,0
sdoak4p@tinypic.com,Standard Home Insurance Plan,ekarlik3q@networkadvertising.org,Not Applicable,0
cmounfield7q@goo.gl,Premium Electricity Plan,ebillanya4@indiegogo.com,Not Applicable,0
jguild2b@slashdot.org,Platinum Mortgage Plan,dgyded2@stanford.edu,Not Applicable,0
ddikelindv@opera.com,Economy Babysitting Plan,fstonemano4@sun.com,Not Applicable,0
schyuertonpr@fc2.com,Basic Sewage Plan,nsurrqp@meetup.com,Not Applicable,0
rczaplag6@ed.gov,Standard Babysitting Plan,fstonemano4@sun.com,Not Applicable,0
cfuzzardm5@ifeng.com,Economy Transport Plan,ekaubischfo@spotify.com,Not Applicable,0
aovittsjg@ning.com,Standard Electricity Plan,rnarisy@thetimes.co.uk,Not Applicable,0
trudramd0@shareasale.com,Economy Home Cleaning Plan,cranfieldcg@freewebs.com,Not Applicable,0
nbitchenerp5@themeforest.net,Standard Health Insurance Plan,agenever5g@timesonline.co.uk,Not Applicable,0
mgrimmolby8k@nhs.uk,Standard Sewage Plan,aparlor12@etsy.com,Not Applicable,0
fdybell1e@theguardian.com,Premium Cellular Plan,lagassqs@mozilla.com,Not Applicable,0
codonohue40@tuttocitta.it,Platinum Transport Plan,khambridge6z@xing.com,Not Applicable,0
jrennekedr@discovery.com,Economy Security Plan,tgobbettka@telegraph.co.uk,Not Applicable,0
mfrango96@histats.com,Basic Transport Plan,khambridge6z@xing.com,Not Applicable,0
trudramd0@shareasale.com,Economy Electricity Plan,mtrinder6n@jigsy.com,Not Applicable,0
tguillart4n@nih.gov,Premium Transport Plan,khambridge6z@xing.com,Not Applicable,0
abanvilleid@state.gov,Economy Electricity Plan,bthalmi@house.gov,Not Applicable,0
cloveguarda1@vinaora.com,Premium Home Cleaning Plan,cranfieldcg@freewebs.com,Not Applicable,0
lwarham1t@weather.com,Economy Home Insurance Plan,shuggardpg@over-blog.com,Not Applicable,0
bbartunekfd@cdbaby.com,Standard Device Insurance Plan,ahutleyql@umn.edu,Not Applicable,0
apavesemq@paypal.com,Basic Home Cleaning Plan,cranfieldcg@freewebs.com,Not Applicable,0
cascrofte3g@mtv.com,Standard Internet Plan,msutordc@alexa.com,Not Applicable,0
lnobbsf6@google.pl,Standard Cellular Plan,lagassqs@mozilla.com,Not Applicable,0
kosesnane9z@about.com,Basic Sewage Plan,fportail6v@xinhuanet.com,Not Applicable,0
mdowkerpi@europa.eu,Standard Mortgage Plan,spaveloy@symantec.com,Not Applicable,0
cilling6y@wired.com,Basic Car Insurance Plan,ykinghamml@noaa.gov,Not Applicable,0
mbaudyi4@walmart.com,Basic Water Supply Plan,mlamswood53@trellian.com,Not Applicable,0
ksmelley2q@salon.com,Platinum Sewage Plan,aparlor12@etsy.com,Not Applicable,0
psamuelskt@jugem.jp,Basic Security Plan,hrickeard78@t-online.de,Not Applicable,0
awegenercb@issuu.com,Platinum Sewage Plan,aparlor12@etsy.com,Not Applicable,0
ldeaconsonj1@samsung.com,Economy Internet Plan,hbateman5e@gizmodo.com,Not Applicable,0
trossonng@jigsy.com,Basic Babysitting Plan,hyakunchikovdx@plala.or.jp,Not Applicable,0
fsatford6t@fastcompany.com,Premium Device Insurance Plan,nmilroyg0@miitbeian.gov.cn,Not Applicable,0
abanvilleid@state.gov,Premium Cable Plan,mavrahamofff9@constantcontact.com,Not Applicable,0
tcroall0@infoseek.co.jp,Premium Home Cleaning Plan,jmccuffierq@dailymail.co.uk,Not Applicable,0
rjurczykj7@xinhuanet.com,Economy Internet Plan,hbateman5e@gizmodo.com,Not Applicable,0
ltoffel68@weibo.com,Basic Electricity Plan,bthalmi@house.gov,Not Applicable,0
jleblanc5a@utexas.edu,Standard Sewage Plan,nsurrqp@meetup.com,Not Applicable,0
mmctrustyky@samsung.com,Premium Cellular Plan,lagassqs@mozilla.com,Not Applicable,0
aryamls@networkadvertising.org,Economy Health Insurance Plan,dgotlingrh@samsung.com,Not Applicable,0
dgress8e@go.com,Premium Mortgage Plan,spaveloy@symantec.com,Not Applicable,0
tmilbymi@free.fr,Premium Sewage Plan,fportail6v@xinhuanet.com,Not Applicable,0
mgianneschima@soundcloud.com,Standard Cellular Plan,lagassqs@mozilla.com,Not Applicable,0
lmardlerc@tripod.com,Premium Gas Plan,gpiercylp@nydailynews.com,Not Applicable,0
rpulhameo@pagesperso-orange.fr,Platinum Cellular Plan,fgillionbe@xrea.com,Not Applicable,0
mfrango96@histats.com,Platinum Home Cleaning Plan,bfeldbrin3p@newyorker.com,Not Applicable,0
jcordell90@sakura.ne.jp,Basic Sewage Plan,lmicorl@ucoz.ru,Not Applicable,0
sswan7u@digg.com,Basic Gas Plan,agenever5g@timesonline.co.uk,Not Applicable,0
athunderchiefm2@typepad.com,Standard Car Insurance Plan,ykinghamml@noaa.gov,Not Applicable,0
whuntressby@scribd.com,Platinum Security Plan,hrickeard78@t-online.de,Not Applicable,0
wshaylerbh@yelp.com,Premium Home Insurance Plan,jrosina3j@macromedia.com,Not Applicable,0
csoot1k@skype.com,Economy Home Cleaning Plan,ifishlyc2@privacy.gov.au,Not Applicable,0
tdentonkv@oracle.com,Platinum Home Cleaning Plan,bfeldbrin3p@newyorker.com,Not Applicable,0
sskeggs9@naver.com,Economy Device Insurance Plan,nmilroyg0@miitbeian.gov.cn,Not Applicable,0
jheddonpu@lulu.com,Economy Mortgage Plan,evallentine6o@drupal.org,Not Applicable,0
whuntressby@scribd.com,Basic Health Insurance Plan,sjacsonf7@symantec.com,Not Applicable,0
sygoequ@jalbum.net,Basic Electricity Plan,rnarisy@thetimes.co.uk,Not Applicable,0
emcsporrinjr@macromedia.com,Basic Cable Plan,mavrahamofff9@constantcontact.com,Not Applicable,0
dsparkwill9o@arizona.edu,Standard Device Insurance Plan,nmilroyg0@miitbeian.gov.cn,Not Applicable,0
lhammerbergert@github.com,Platinum Sewage Plan,aparlor12@etsy.com,Not Applicable,0
kmayburyiq@yahoo.com,Basic Device Insurance Plan,nmilroyg0@miitbeian.gov.cn,Not Applicable,0
nespinola4m@imdb.com,Platinum Sewage Plan,fportail6v@xinhuanet.com,Not Applicable,0
nsowle6b@nationalgeographic.com,Basic Sewage Plan,lmicorl@ucoz.ru,Not Applicable,0
lfrankens@pcworld.com,Platinum Health Insurance Plan,agenever5g@timesonline.co.uk,Not Applicable,0
hcoileyo0@dmoz.org,Economy Sewage Plan,kskipp7a@dyndns.org,Not Applicable,0
rhaireko@simplemachines.org,Standard Home Insurance Plan,shuggardpg@over-blog.com,Not Applicable,0
gharmantql@bluehost.com,Economy Home Insurance Plan,shuggardpg@over-blog.com,Not Applicable,0
rkaas1n@sphinn.com,Platinum Device Insurance Plan,ahutleyql@umn.edu,Not Applicable,0
dkerijt@php.net,Premium Health Insurance Plan,agenever5g@timesonline.co.uk,Not Applicable,0
swelbrock1i@theatlantic.com,Standard Mortgage Plan,evallentine6o@drupal.org,Not Applicable,0
troakesbs@npr.org,Platinum Home Cleaning Plan,ifishlyc2@privacy.gov.au,Not Applicable,0
vperriee3@sbwire.com,Economy Home Insurance Plan,ekarlik3q@networkadvertising.org,Not Applicable,0
ggorickqm@theatlantic.com,Standard Cable Plan,mavrahamofff9@constantcontact.com,Not Applicable,0
cpenningtono9@prlog.org,Basic Babysitting Plan,hyakunchikovdx@plala.or.jp,Not Applicable,0
hbrandon4z@dropbox.com,Standard Device Insurance Plan,nmilroyg0@miitbeian.gov.cn,Not Applicable,0
rbaptistaga@icq.com,Premium Security Plan,hrickeard78@t-online.de,Not Applicable,0
akenyon2u@engadget.com,Standard Sewage Plan,aparlor12@etsy.com,Not Applicable,0
femneyl4@vinaora.com,Basic Home Cleaning Plan,jmccuffierq@dailymail.co.uk,Not Applicable,0
smarquesskp@aol.com,Standard Sewage Plan,fportail6v@xinhuanet.com,Not Applicable,0
mmacpeaked1@gnu.org,Platinum Internet Plan,msutordc@alexa.com,Not Applicable,0
ipallaschg@ycombinator.com,Basic Water Supply Plan,mlamswood53@trellian.com,Not Applicable,0
cfuzzardm5@ifeng.com,Standard Home Cleaning Plan,bfeldbrin3p@newyorker.com,Not Applicable,0
lkolyaginp9@wsj.com,Platinum Sewage Plan,fportail6v@xinhuanet.com,Not Applicable,0
tmilbymi@free.fr,Premium Health Insurance Plan,dgotlingrh@samsung.com,Not Applicable,0
kmayburyiq@yahoo.com,Premium Cellular Plan,lagassqs@mozilla.com,Not Applicable,0
dmurkinhr@economist.com,Economy Health Insurance Plan,agenever5g@timesonline.co.uk,Not Applicable,0
bboltax@wired.com,Basic Electricity Plan,ebillanya4@indiegogo.com,Not Applicable,0
kcumberledge6v@foxnews.com,Premium Security Plan,hrickeard78@t-online.de,Not Applicable,0
eaugierm@a8.net,Premium Babysitting Plan,fstonemano4@sun.com,Not Applicable,0
hgreg8s@wunderground.com,Premium Home Cleaning Plan,bfeldbrin3p@newyorker.com,Not Applicable,0
dclayal@mlb.com,Platinum Sewage Plan,aparlor12@etsy.com,Not Applicable,0
rjurczykj7@xinhuanet.com,Economy Lawncare Plan,ccockaymecp@naver.com,Not Applicable,0
nsherrard9j@t.co,Basic Transport Plan,bbrunt45@behance.net,Not Applicable,0
mblampiedhn@wix.com,Economy Babysitting Plan,hyakunchikovdx@plala.or.jp,Not Applicable,0
mcanaanbf@census.gov,Standard Lawncare Plan,ccockaymecp@naver.com,Not Applicable,0
halpin3t@senate.gov,Premium Transport Plan,bbrunt45@behance.net,Not Applicable,0
arusbridge77@ihg.com,Economy Internet Plan,msutordc@alexa.com,Not Applicable,0
ehebden9t@paypal.com,Premium Mortgage Plan,abrassmr@tinyurl.com,Not Applicable,0
anapoleone15@ifeng.com,Standard Health Insurance Plan,agenever5g@timesonline.co.uk,Not Applicable,0
vcashamih@behance.net,Basic Water Supply Plan,mlamswood53@trellian.com,Not Applicable,0
lgarrettsqr@redcross.org,Premium Life Insurance Plan,mbonnickg3@hubpages.com,Not Applicable,0
kmattocksis@economist.com,Premium Water Supply Plan,mlamswood53@trellian.com,Not Applicable,0
ybiaggettirg@illinois.edu,Basic Internet Plan,msutordc@alexa.com,Not Applicable,0
rzanninijo@ftc.gov,Basic Home Cleaning Plan,cranfieldcg@freewebs.com,Not Applicable,0
zjull2x@privacy.gov.au,Standard Health Insurance Plan,bcharnockhc@vkontakte.ru,Not Applicable,0
ssclater57@cargocollective.com,Platinum Transport Plan,bbrunt45@behance.net,Not Applicable,0
pbenthamld@domainmarket.com,Economy Health Insurance Plan,dgotlingrh@samsung.com,Not Applicable,0
wcreamfr@weather.com,Premium Mortgage Plan,spaveloy@symantec.com,Not Applicable,0
rzanninijo@ftc.gov,Platinum Electricity Plan,ebillanya4@indiegogo.com,Not Applicable,0
bbeetham2p@amazon.co.jp,Premium Home Cleaning Plan,cranfieldcg@freewebs.com,Not Applicable,0
agyenes9e@people.com.cn,Platinum Cellular Plan,fgillionbe@xrea.com,Not Applicable,0
gharmantql@bluehost.com,Basic Device Insurance Plan,ahutleyql@umn.edu,Not Applicable,0
roddboyri@java.com,Standard Life Insurance Plan,mbonnickg3@hubpages.com,Not Applicable,0
ebogaysig@webnode.com,Platinum Gas Plan,gpiercylp@nydailynews.com,Not Applicable,0
jcolpusc1@guardian.co.uk,Premium Sewage Plan,nsurrqp@meetup.com,Not Applicable,0
tfrancecioneai@cafepress.com,Basic Water Supply Plan,mlamswood53@trellian.com,Not Applicable,0
tmilbymi@free.fr,Premium Internet Plan,msutordc@alexa.com,Not Applicable,0
mbretherick4h@linkedin.com,Premium Water Supply Plan,mlamswood53@trellian.com,Not Applicable,0
ccartmillni@illinois.edu,Standard Sewage Plan,fportail6v@xinhuanet.com,Not Applicable,0
camiableqo@typepad.com,Standard Electricity Plan,bthalmi@house.gov,Not Applicable,0
rpenkethjp@macromedia.com,Basic Health Insurance Plan,dgotlingrh@samsung.com,Not Applicable,0
rloble7m@stanford.edu,Economy Babysitting Plan,fstonemano4@sun.com,Not Applicable,0
sfootittp1@wired.com,Premium Electricity Plan,rnarisy@thetimes.co.uk,Not Applicable,0
kcumberledge6v@foxnews.com,Basic Home Insurance Plan,jrosina3j@macromedia.com,Not Applicable,0
epilgram7l@jimdo.com,Premium Transport Plan,khambridge6z@xing.com,Not Applicable,0
ztante7j@ehow.com,Standard Internet Plan,hbateman5e@gizmodo.com,Not Applicable,0
fjoratf8@tamu.edu,Basic Babysitting Plan,hyakunchikovdx@plala.or.jp,Not Applicable,0
tdibiagi5e@umn.edu,Economy Home Cleaning Plan,ifishlyc2@privacy.gov.au,Not Applicable,0
mbaudyi4@walmart.com,Economy Home Cleaning Plan,badolfhv@taobao.com,Not Applicable,0
wshaylerbh@yelp.com,Standard Security Plan,hrickeard78@t-online.de,Not Applicable,0
rraynoroj@clickbank.net,Economy Device Insurance Plan,nmilroyg0@miitbeian.gov.cn,Not Applicable,0
ooulet6k@google.com.au,Basic Lawncare Plan,ccockaymecp@naver.com,Not Applicable,0
rmcclevertyou@com.com,Basic Sewage Plan,nsurrqp@meetup.com,Not Applicable,0
idusting38@ed.gov,Economy Electricity Plan,bthalmi@house.gov,Not Applicable,0
rshaefer8j@samsung.com,Standard Gas Plan,gpiercylp@nydailynews.com,Not Applicable,0
gkarlsenoz@scientificamerican.com,Premium Babysitting Plan,ccroysdalept@istockphoto.com,Not Applicable,0
bdonisiiw@joomla.org,Premium Electricity Plan,bthalmi@house.gov,Not Applicable,0
agyenes9e@people.com.cn,Platinum Home Insurance Plan,ekarlik3q@networkadvertising.org,Not Applicable,0
mbaudyi4@walmart.com,Premium Sewage Plan,fportail6v@xinhuanet.com,Not Applicable,0
hmariangp@amazonaws.com,Premium Home Insurance Plan,jrosina3j@macromedia.com,Not Applicable,0
cbengtssonmt@sourceforge.net,Standard Home Insurance Plan,fmattausl0@wiley.com,Not Applicable,0
trudramd0@shareasale.com,Premium Cellular Plan,lagassqs@mozilla.com,Not Applicable,0
ngavrielli1z@netlog.com,Standard Home Cleaning Plan,jmccuffierq@dailymail.co.uk,Not Applicable,0
frubinov2k@engadget.com,Premium Sewage Plan,aparlor12@etsy.com,Not Applicable,0
cfurminger6@engadget.com,Economy Home Insurance Plan,fmattausl0@wiley.com,Not Applicable,0
lallinhc@csmonitor.com,Platinum Babysitting Plan,hyakunchikovdx@plala.or.jp,Not Applicable,0
jleblanc5a@utexas.edu,Basic Sewage Plan,nsurrqp@meetup.com,Not Applicable,0
sygoequ@jalbum.net,Premium Mortgage Plan,dgyded2@stanford.edu,Not Applicable,0
aovittsjg@ning.com,Economy Babysitting Plan,fstonemano4@sun.com,Not Applicable,0
lkiossel9b@cargocollective.com,Premium Mortgage Plan,wderilla3@freewebs.com,Not Applicable,0
ccartmillni@illinois.edu,Standard Home Cleaning Plan,badolfhv@taobao.com,Not Applicable,0
ktettah@dailymail.co.uk,Economy Health Insurance Plan,dgotlingrh@samsung.com,Not Applicable,0
lkolyaginp9@wsj.com,Economy Water Supply Plan,mlamswood53@trellian.com,Not Applicable,0
bbeetham2p@amazon.co.jp,Platinum Cable Plan,mavrahamofff9@constantcontact.com,Not Applicable,0
mtate1u@dyndns.org,Standard Mortgage Plan,abrassmr@tinyurl.com,Not Applicable,0
bnapletonl2@oakley.com,Standard Home Cleaning Plan,jmccuffierq@dailymail.co.uk,Not Applicable,0
lbillsonht@fda.gov,Premium Gas Plan,gpiercylp@nydailynews.com,Not Applicable,0
lwellingaw@who.int,Premium Mortgage Plan,spaveloy@symantec.com,Not Applicable,0
mdotterillq1@facebook.com,Premium Home Insurance Plan,shuggardpg@over-blog.com,Not Applicable,0
mfrango96@histats.com,Basic Health Insurance Plan,sjacsonf7@symantec.com,Not Applicable,0
everlindefi@google.ru,Economy Health Insurance Plan,sjacsonf7@symantec.com,Not Applicable,0
mscowenmz@sogou.com,Economy Life Insurance Plan,mbonnickg3@hubpages.com,Not Applicable,0
dgrimblebya0@wix.com,Premium Electricity Plan,bthalmi@house.gov,Not Applicable,0
weidlerqy@multiply.com,Basic Sewage Plan,fportail6v@xinhuanet.com,Not Applicable,0
tkelleherp@narod.ru,Standard Security Plan,hrickeard78@t-online.de,Not Applicable,0
mgianneschima@soundcloud.com,Premium Security Plan,hrickeard78@t-online.de,Not Applicable,0
rmoppett27@addtoany.com,Premium Babysitting Plan,ccroysdalept@istockphoto.com,Not Applicable,0
hgehringerpm@reference.com,Economy Security Plan,tgobbettka@telegraph.co.uk,Not Applicable,0
bbeartupm6@qq.com,Standard Water Supply Plan,mlamswood53@trellian.com,Not Applicable,0
vcashamih@behance.net,Platinum Lawncare Plan,ccockaymecp@naver.com,Not Applicable,0
cpatriche73@cbsnews.com,Basic Electricity Plan,bthalmi@house.gov,Not Applicable,0
nkorn7f@skyrock.com,Basic Water Supply Plan,rarnoldr8@csmonitor.com,Not Applicable,0
ljackalin3a@meetup.com,Premium Health Insurance Plan,dgotlingrh@samsung.com,Not Applicable,0
pbenthamld@domainmarket.com,Basic Device Insurance Plan,ahutleyql@umn.edu,Not Applicable,0
aryamls@networkadvertising.org,Basic Babysitting Plan,hyakunchikovdx@plala.or.jp,Not Applicable,0
cascrofte3g@mtv.com,Basic Internet Plan,msutordc@alexa.com,Not Applicable,0
smarquesskp@aol.com,Basic Water Supply Plan,rarnoldr8@csmonitor.com,Not Applicable,0
kmayburyiq@yahoo.com,Economy Home Insurance Plan,ekarlik3q@networkadvertising.org,Not Applicable,0
zjull2x@privacy.gov.au,Basic Babysitting Plan,hyakunchikovdx@plala.or.jp,Not Applicable,0
sbern3b@accuweather.com,Economy Water Supply Plan,mlamswood53@trellian.com,Not Applicable,0
jdaice9s@wiley.com,Platinum Sewage Plan,nsurrqp@meetup.com,Not Applicable,0
rhaireko@simplemachines.org,Premium Mortgage Plan,wderilla3@freewebs.com,Not Applicable,0
mumanbo@slate.com,Premium Security Plan,hrickeard78@t-online.de,Not Applicable,0
ehebden9t@paypal.com,Basic Device Insurance Plan,ahutleyql@umn.edu,Not Applicable,0
lallinhc@csmonitor.com,Premium Security Plan,hrickeard78@t-online.de,Not Applicable,0
vperriee3@sbwire.com,Basic Cellular Plan,fgillionbe@xrea.com,Not Applicable,0
emicklewicz9d@psu.edu,Standard Health Insurance Plan,agenever5g@timesonline.co.uk,Not Applicable,0
hdeverr5@wp.com,Platinum Babysitting Plan,fstonemano4@sun.com,Not Applicable,0
mdowkerpi@europa.eu,Economy Gas Plan,agenever5g@timesonline.co.uk,Not Applicable,0
eboldenhk@nifty.com,Economy Electricity Plan,bthalmi@house.gov,Not Applicable,0
ewalentaqd@howstuffworks.com,Standard Mortgage Plan,evallentine6o@drupal.org,Not Applicable,0
pharrill12@google.it,Premium Gas Plan,agenever5g@timesonline.co.uk,Not Applicable,0
lwellingaw@who.int,Platinum Device Insurance Plan,ahutleyql@umn.edu,Not Applicable,0
jheddonpu@lulu.com,Basic Internet Plan,msutordc@alexa.com,Not Applicable,0
rbaptistaga@icq.com,Premium Device Insurance Plan,nmilroyg0@miitbeian.gov.cn,Not Applicable,0
cpriddlej@apple.com,Economy Electricity Plan,ebillanya4@indiegogo.com,Not Applicable,0
etweedy6x@cmu.edu,Platinum Mortgage Plan,wderilla3@freewebs.com,Not Applicable,0
kmacgeenk@bbb.org,Platinum Internet Plan,hbateman5e@gizmodo.com,Not Applicable,0
ooulet6k@google.com.au,Economy Home Cleaning Plan,badolfhv@taobao.com,Not Applicable,0
tkezorcn@dailymotion.com,Economy Mortgage Plan,evallentine6o@drupal.org,Not Applicable,0
wshaylerbh@yelp.com,Economy Babysitting Plan,hyakunchikovdx@plala.or.jp,Not Applicable,0
kmattocksis@economist.com,Standard Home Insurance Plan,fmattausl0@wiley.com,Not Applicable,0
troakesbs@npr.org,Standard Home Cleaning Plan,bfeldbrin3p@newyorker.com,Not Applicable,0
hcurnokkq3@unc.edu,Platinum Internet Plan,msutordc@alexa.com,Not Applicable,0
ngavrielli1z@netlog.com,Platinum Mortgage Plan,abrassmr@tinyurl.com,Not Applicable,0
gtyrie33@answers.com,Platinum Electricity Plan,mtrinder6n@jigsy.com,Not Applicable,0
izutev@comcast.net,Basic Electricity Plan,rnarisy@thetimes.co.uk,Not Applicable,0
bwinesd3@newsvine.com,Standard Mortgage Plan,spaveloy@symantec.com,Not Applicable,0
avyvyanp8@dell.com,Economy Lawncare Plan,ccockaymecp@naver.com,Not Applicable,0
garnaul@about.me,Premium Water Supply Plan,mlamswood53@trellian.com,Not Applicable,0
lschruyernm@1688.com,Economy Transport Plan,ekaubischfo@spotify.com,Not Applicable,0
csandars2v@indiegogo.com,Basic Home Cleaning Plan,ifishlyc2@privacy.gov.au,Not Applicable,0
cmaskallaa@facebook.com,Economy Device Insurance Plan,nmilroyg0@miitbeian.gov.cn,Not Applicable,0
dternottme@smh.com.au,Economy Home Cleaning Plan,badolfhv@taobao.com,Not Applicable,0
jbarliel1@123-reg.co.uk,Basic Electricity Plan,ebillanya4@indiegogo.com,Not Applicable,0
ghousecroftgl@prnewswire.com,Premium Device Insurance Plan,nmilroyg0@miitbeian.gov.cn,Not Applicable,0
rnannizziia@ebay.co.uk,Economy Cable Plan,mavrahamofff9@constantcontact.com,Not Applicable,0
jhazeleymm@amazonaws.com,Economy Sewage Plan,fportail6v@xinhuanet.com,Not Applicable,0
tguillart4n@nih.gov,Platinum Cellular Plan,fgillionbe@xrea.com,Not Applicable,0
dgress8e@go.com,Standard Transport Plan,ekaubischfo@spotify.com,Not Applicable,0
sygoequ@jalbum.net,Premium Home Cleaning Plan,cranfieldcg@freewebs.com,Not Applicable,0
ooulet6k@google.com.au,Standard Home Cleaning Plan,ifishlyc2@privacy.gov.au,Not Applicable,0
fvalintinern@seattletimes.com,Platinum Babysitting Plan,ccroysdalept@istockphoto.com,Not Applicable,0
wcorckp4@paginegialle.it,Basic Sewage Plan,aparlor12@etsy.com,Not Applicable,0
cfuzzardm5@ifeng.com,Economy Internet Plan,hbateman5e@gizmodo.com,Not Applicable,0
frubartellih8@walmart.com,Basic Babysitting Plan,hyakunchikovdx@plala.or.jp,Not Applicable,0
gkarlsenoz@scientificamerican.com,Premium Health Insurance Plan,dgotlingrh@samsung.com,Not Applicable,0
bwhistlecraft7o@theguardian.com,Standard Lawncare Plan,ccockaymecp@naver.com,Not Applicable,0
izutev@comcast.net,Premium Mortgage Plan,spaveloy@symantec.com,Not Applicable,0
cascrofte3g@mtv.com,Platinum Security Plan,hrickeard78@t-online.de,Not Applicable,0
tmilbymi@free.fr,Standard Mortgage Plan,wderilla3@freewebs.com,Not Applicable,0
lallinhc@csmonitor.com,Platinum Sewage Plan,fportail6v@xinhuanet.com,Not Applicable,0
bpettisalldi@slideshare.net,Standard Device Insurance Plan,nmilroyg0@miitbeian.gov.cn,Not Applicable,0
egamen5@purevolume.com,Basic Home Insurance Plan,fmattausl0@wiley.com,Not Applicable,0
nbitchenerp5@themeforest.net,Platinum Cellular Plan,fgillionbe@xrea.com,Not Applicable,0
lfassambx@plala.or.jp,Basic Home Cleaning Plan,cranfieldcg@freewebs.com,Not Applicable,0
akenyon2u@engadget.com,Premium Home Cleaning Plan,bfeldbrin3p@newyorker.com,Not Applicable,0
ksmelley2q@salon.com,Basic Electricity Plan,ebillanya4@indiegogo.com,Not Applicable,0
dshearstoner1@ftc.gov,Economy Home Cleaning Plan,badolfhv@taobao.com,Not Applicable,0
mgrimmolby8k@nhs.uk,Standard Home Insurance Plan,fmattausl0@wiley.com,Not Applicable,0
lfassambx@plala.or.jp,Premium Water Supply Plan,rarnoldr8@csmonitor.com,Not Applicable,0
mcraytonhi@ca.gov,Premium Water Supply Plan,mlamswood53@trellian.com,Not Applicable,0
nespinola4m@imdb.com,Premium Security Plan,tgobbettka@telegraph.co.uk,Not Applicable,0
swhithorn8u@51.la,Basic Home Cleaning Plan,bfeldbrin3p@newyorker.com,Not Applicable,0
ztante7j@ehow.com,Premium Home Cleaning Plan,cranfieldcg@freewebs.com,Not Applicable,0
kmayburyiq@yahoo.com,Basic Home Cleaning Plan,ifishlyc2@privacy.gov.au,Not Applicable,0
lricoald8n@printfriendly.com,Premium Home Insurance Plan,ekarlik3q@networkadvertising.org,Not Applicable,0
mtate1u@dyndns.org,Standard Water Supply Plan,mlamswood53@trellian.com,Not Applicable,0
ggrayleyij@phoca.cz,Economy Babysitting Plan,hyakunchikovdx@plala.or.jp,Not Applicable,0
dkerijt@php.net,Platinum Mortgage Plan,abrassmr@tinyurl.com,Not Applicable,0
lwellingaw@who.int,Premium Electricity Plan,bthalmi@house.gov,Not Applicable,0
oowlner6d@etsy.com,Economy Electricity Plan,bthalmi@house.gov,Not Applicable,0
dbeddow26@free.fr,Basic Device Insurance Plan,nmilroyg0@miitbeian.gov.cn,Not Applicable,0
dternottme@smh.com.au,Premium Home Cleaning Plan,jmccuffierq@dailymail.co.uk,Not Applicable,0
becclesaller@ustream.tv,Basic Cable Plan,mavrahamofff9@constantcontact.com,Not Applicable,0
mcanaanbf@census.gov,Economy Water Supply Plan,rarnoldr8@csmonitor.com,Not Applicable,0
cmaskallaa@facebook.com,Standard Lawncare Plan,ccockaymecp@naver.com,Not Applicable,0
idusting38@ed.gov,Economy Internet Plan,hbateman5e@gizmodo.com,Not Applicable,0
lwarham1t@weather.com,Basic Home Cleaning Plan,bfeldbrin3p@newyorker.com,Not Applicable,0
lkiossel9b@cargocollective.com,Basic Car Insurance Plan,ykinghamml@noaa.gov,Not Applicable,0
trudramd0@shareasale.com,Premium Home Cleaning Plan,cranfieldcg@freewebs.com,Not Applicable,0
rcastrillolg@paypal.com,Platinum Lawncare Plan,ccockaymecp@naver.com,Not Applicable,0
aandrichj0@google.it,Standard Sewage Plan,aparlor12@etsy.com,Not Applicable,0
ldeaconsonj1@samsung.com,Basic Cable Plan,mavrahamofff9@constantcontact.com,Not Applicable,0
wshaylerbh@yelp.com,Platinum Health Insurance Plan,dgotlingrh@samsung.com,Not Applicable,0
ewalentaqd@howstuffworks.com,Standard Health Insurance Plan,dgotlingrh@samsung.com,Not Applicable,0
rfrays81@privacy.gov.au,Basic Mortgage Plan,abrassmr@tinyurl.com,Not Applicable,0
hdeverr5@wp.com,Premium Home Cleaning Plan,badolfhv@taobao.com,Not Applicable,0
llynnettp3@tamu.edu,Economy Home Cleaning Plan,cranfieldcg@freewebs.com,Not Applicable,0
ebogaysig@webnode.com,Basic Mortgage Plan,dgyded2@stanford.edu,Not Applicable,0
swhithorn8u@51.la,Platinum Mortgage Plan,spaveloy@symantec.com,Not Applicable,0
kackenheadb0@infoseek.co.jp,Platinum Cellular Plan,fgillionbe@xrea.com,Not Applicable,0
cpenningtono9@prlog.org,Basic Home Cleaning Plan,cranfieldcg@freewebs.com,Not Applicable,0
pbenthamld@domainmarket.com,Premium Home Cleaning Plan,ifishlyc2@privacy.gov.au,Not Applicable,0
ndouglassjm@nytimes.com,Basic Gas Plan,agenever5g@timesonline.co.uk,Not Applicable,0
pandinofj@jugem.jp,Basic Home Insurance Plan,ekarlik3q@networkadvertising.org,Not Applicable,0
emcsporrinjr@macromedia.com,Economy Home Cleaning Plan,jmccuffierq@dailymail.co.uk,Not Applicable,0
pwhittershw@lulu.com,Standard Gas Plan,gpiercylp@nydailynews.com,Not Applicable,0
hkurtis2s@phpbb.com,Premium Car Insurance Plan,ykinghamml@noaa.gov,Not Applicable,0
egamen5@purevolume.com,Basic Health Insurance Plan,agenever5g@timesonline.co.uk,Not Applicable,0
meaggerrd@dot.gov,Standard Transport Plan,bbrunt45@behance.net,Not Applicable,0
tdibiagi5e@umn.edu,Premium Electricity Plan,rnarisy@thetimes.co.uk,Not Applicable,0
sscogginsfz@buzzfeed.com,Standard Electricity Plan,bthalmi@house.gov,Not Applicable,0
rtomblingdo@blogger.com,Platinum Health Insurance Plan,bcharnockhc@vkontakte.ru,Not Applicable,0
ccorington2m@aol.com,Basic Cellular Plan,fgillionbe@xrea.com,Not Applicable,0
kmattocksis@economist.com,Economy Internet Plan,hbateman5e@gizmodo.com,Not Applicable,0
mblampiedhn@wix.com,Premium Security Plan,hrickeard78@t-online.de,Not Applicable,0
ohutchence70@blogtalkradio.com,Standard Babysitting Plan,fstonemano4@sun.com,Not Applicable,0
nespinola4m@imdb.com,Platinum Electricity Plan,ebillanya4@indiegogo.com,Not Applicable,0
oentres8b@behance.net,Platinum Gas Plan,gpiercylp@nydailynews.com,Not Applicable,0
cfuzzardm5@ifeng.com,Economy Internet Plan,msutordc@alexa.com,Not Applicable,0
ggorickqm@theatlantic.com,Economy Gas Plan,agenever5g@timesonline.co.uk,Not Applicable,0
tbourkel3@hugedomains.com,Standard Home Cleaning Plan,jmccuffierq@dailymail.co.uk,Not Applicable,0
halpin3t@senate.gov,Economy Sewage Plan,aparlor12@etsy.com,Not Applicable,0
aryamls@networkadvertising.org,Standard Sewage Plan,aparlor12@etsy.com,Not Applicable,0
nespinola4m@imdb.com,Economy Internet Plan,msutordc@alexa.com,Not Applicable,0
scurnnok3e@jalbum.net,Platinum Mortgage Plan,abrassmr@tinyurl.com,Not Applicable,0
mumanbo@slate.com,Premium Health Insurance Plan,dgotlingrh@samsung.com,Not Applicable,0
dgress8e@go.com,Economy Home Cleaning Plan,badolfhv@taobao.com,Not Applicable,0
aolyhanekz@nhs.uk,Basic Transport Plan,khambridge6z@xing.com,Not Applicable,0
ksmelley2q@salon.com,Platinum Sewage Plan,fportail6v@xinhuanet.com,Not Applicable,0
efeatenby8i@theglobeandmail.com,Platinum Electricity Plan,rnarisy@thetimes.co.uk,Not Applicable,0
fpeskettlp@youku.com,Premium Health Insurance Plan,agenever5g@timesonline.co.uk,Not Applicable,0
kpardewf4@ucoz.com,Premium Mortgage Plan,wderilla3@freewebs.com,Not Applicable,0
ninfantino66@a8.net,Economy Transport Plan,khambridge6z@xing.com,Not Applicable,0
becclesaller@ustream.tv,Premium Home Cleaning Plan,bfeldbrin3p@newyorker.com,Not Applicable,0
lcarvell1m@cargocollective.com,Standard Lawncare Plan,ccockaymecp@naver.com,Not Applicable,0
wcreamfr@weather.com,Premium Home Cleaning Plan,cranfieldcg@freewebs.com,Not Applicable,0
jguild2b@slashdot.org,Platinum Security Plan,tgobbettka@telegraph.co.uk,Not Applicable,0
nbitchenerp5@themeforest.net,Premium Transport Plan,bbrunt45@behance.net,Not Applicable,0
gundyqc@independent.co.uk,Economy Internet Plan,hbateman5e@gizmodo.com,Not Applicable,0
lfrankens@pcworld.com,Economy Home Cleaning Plan,jmccuffierq@dailymail.co.uk,Not Applicable,0
evedenyakin3k@ox.ac.uk,Economy Health Insurance Plan,sjacsonf7@symantec.com,Not Applicable,0
mumanbo@slate.com,Economy Mortgage Plan,wderilla3@freewebs.com,Not Applicable,0
dbrisardo1@addthis.com,Basic Cellular Plan,fgillionbe@xrea.com,Not Applicable,0
garnaul@about.me,Standard Gas Plan,gpiercylp@nydailynews.com,Not Applicable,0
trudramd0@shareasale.com,Economy Home Insurance Plan,fmattausl0@wiley.com,Not Applicable,0
jleblanc5a@utexas.edu,Basic Babysitting Plan,hyakunchikovdx@plala.or.jp,Not Applicable,0
mcanaanbf@census.gov,Platinum Gas Plan,gpiercylp@nydailynews.com,Not Applicable,0
ktettah@dailymail.co.uk,Economy Health Insurance Plan,sjacsonf7@symantec.com,Not Applicable,0
lkolyaginp9@wsj.com,Premium Security Plan,tgobbettka@telegraph.co.uk,Not Applicable,0
hcoileyo0@dmoz.org,Premium Transport Plan,khambridge6z@xing.com,Not Applicable,0
wcorckp4@paginegialle.it,Platinum Security Plan,tgobbettka@telegraph.co.uk,Not Applicable,0
rdezuani5k@blogs.com,Economy Electricity Plan,mtrinder6n@jigsy.com,Not Applicable,0
rskarra5@mtv.com,Platinum Home Cleaning Plan,ifishlyc2@privacy.gov.au,Not Applicable,0
ddikelindv@opera.com,Basic Health Insurance Plan,agenever5g@timesonline.co.uk,Not Applicable,0
mgowen71@ezinearticles.com,Platinum Gas Plan,gpiercylp@nydailynews.com,Not Applicable,0
lallinhc@csmonitor.com,Premium Life Insurance Plan,mbonnickg3@hubpages.com,Not Applicable,0
lmoodycliffela@omniture.com,Basic Babysitting Plan,hyakunchikovdx@plala.or.jp,Not Applicable,0
scoppockei@slideshare.net,Premium Transport Plan,ekaubischfo@spotify.com,Not Applicable,0
codonohue40@tuttocitta.it,Platinum Mortgage Plan,abrassmr@tinyurl.com,Not Applicable,0
rpulhameo@pagesperso-orange.fr,Standard Home Insurance Plan,ekarlik3q@networkadvertising.org,Not Applicable,0
ksmelley2q@salon.com,Economy Babysitting Plan,hyakunchikovdx@plala.or.jp,Not Applicable,0
vcashamih@behance.net,Basic Mortgage Plan,abrassmr@tinyurl.com,Not Applicable,0
gharmantql@bluehost.com,Basic Health Insurance Plan,bcharnockhc@vkontakte.ru,Not Applicable,0
swelbrock1i@theatlantic.com,Premium Cable Plan,mavrahamofff9@constantcontact.com,Not Applicable,0
meaggerrd@dot.gov,Basic Sewage Plan,nsurrqp@meetup.com,Not Applicable,0
gpurkispk@woothemes.com,Economy Babysitting Plan,hyakunchikovdx@plala.or.jp,Not Applicable,0
aibbettc3@irs.gov,Premium Mortgage Plan,wderilla3@freewebs.com,Not Applicable,0
kcharlickar@stumbleupon.com,Standard Transport Plan,bbrunt45@behance.net,Not Applicable,0
troakesbs@npr.org,Economy Home Cleaning Plan,badolfhv@taobao.com,Not Applicable,0
cilling6y@wired.com,Economy Mortgage Plan,evallentine6o@drupal.org,Not Applicable,0
ehebden9t@paypal.com,Standard Sewage Plan,nsurrqp@meetup.com,Not Applicable,0
mbotting7a@about.com,Basic Sewage Plan,nsurrqp@meetup.com,Not Applicable,0
cbrennandjx@mayoclinic.com,Economy Home Insurance Plan,ekarlik3q@networkadvertising.org,Not Applicable,0
wcreamfr@weather.com,Standard Health Insurance Plan,dgotlingrh@samsung.com,Not Applicable,0
nkorn7f@skyrock.com,Basic Water Supply Plan,mlamswood53@trellian.com,Not Applicable,0
cloveguarda1@vinaora.com,Basic Transport Plan,bbrunt45@behance.net,Not Applicable,0
eaugierm@a8.net,Premium Cellular Plan,fgillionbe@xrea.com,Not Applicable,0
agyenes9e@people.com.cn,Standard Home Insurance Plan,shuggardpg@over-blog.com,Not Applicable,0
kpetzoltr2@amazonaws.com,Platinum Mortgage Plan,evallentine6o@drupal.org,Not Applicable,0
kchesley78@google.co.uk,Premium Health Insurance Plan,sbarensnq@mit.edu,Not Applicable,0
eaugierm@a8.net,Basic Electricity Plan,ebillanya4@indiegogo.com,Not Applicable,0
lkiossel9b@cargocollective.com,Basic Sewage Plan,fportail6v@xinhuanet.com,Not Applicable,0
nbitchenerp5@themeforest.net,Basic Water Supply Plan,rarnoldr8@csmonitor.com,Not Applicable,0
hmacklamqa@biblegateway.com,Standard Sewage Plan,aparlor12@etsy.com,Not Applicable,0
ljackalin3a@meetup.com,Premium Gas Plan,gpiercylp@nydailynews.com,Not Applicable,0
hcoileyo0@dmoz.org,Standard Babysitting Plan,ccroysdalept@istockphoto.com,Not Applicable,0
cgoulterpl@ucsd.edu,Platinum Electricity Plan,ebillanya4@indiegogo.com,Not Applicable,0
cnewlandsin@cafepress.com,Premium Sewage Plan,nsurrqp@meetup.com,Not Applicable,0
smccartneyem@topsy.com,Basic Security Plan,tgobbettka@telegraph.co.uk,Not Applicable,0
jlibbiemc@nationalgeographic.com,Platinum Gas Plan,gpiercylp@nydailynews.com,Not Applicable,0
nkorn7f@skyrock.com,Basic Lawncare Plan,ccockaymecp@naver.com,Not Applicable,0
cilling6y@wired.com,Platinum Health Insurance Plan,dgotlingrh@samsung.com,Not Applicable,0
wshaylerbh@yelp.com,Platinum Transport Plan,khambridge6z@xing.com,Not Applicable,0
roddboyri@java.com,Basic Electricity Plan,mtrinder6n@jigsy.com,Not Applicable,0
ninfantino66@a8.net,Basic Water Supply Plan,mlamswood53@trellian.com,Not Applicable,0
ebogaysig@webnode.com,Economy Cellular Plan,fgillionbe@xrea.com,Not Applicable,0
gharmantql@bluehost.com,Premium Home Cleaning Plan,cranfieldcg@freewebs.com,Not Applicable,0
nsiggens4l@tinyurl.com,Premium Internet Plan,msutordc@alexa.com,Not Applicable,0
apetterspn@e-recht24.de,Basic Home Cleaning Plan,bfeldbrin3p@newyorker.com,Not Applicable,0
bvardencq@t-online.de,Standard Cellular Plan,fgillionbe@xrea.com,Not Applicable,0
rlowtenfc@pen.io,Basic Transport Plan,bbrunt45@behance.net,Not Applicable,0
tmaffihx@dropbox.com,Standard Cellular Plan,fgillionbe@xrea.com,Not Applicable,0
apablofy@amazon.de,Standard Device Insurance Plan,ahutleyql@umn.edu,Not Applicable,0
gundyqc@independent.co.uk,Premium Health Insurance Plan,agenever5g@timesonline.co.uk,Not Applicable,0
mtate1u@dyndns.org,Economy Electricity Plan,bthalmi@house.gov,Not Applicable,0
mfrango96@histats.com,Basic Device Insurance Plan,ahutleyql@umn.edu,Not Applicable,0
bgrentil@shinystat.com,Economy Health Insurance Plan,bcharnockhc@vkontakte.ru,Not Applicable,0
hmacknielyo4@yandex.ru,Economy Gas Plan,agenever5g@timesonline.co.uk,Not Applicable,0
rmoppett27@addtoany.com,Economy Device Insurance Plan,nmilroyg0@miitbeian.gov.cn,Not Applicable,0
bdohrmannch@aol.com,Economy Mortgage Plan,wderilla3@freewebs.com,Not Applicable,0
tfrancecioneai@cafepress.com,Basic Sewage Plan,fportail6v@xinhuanet.com,Not Applicable,0
apetterspn@e-recht24.de,Premium Home Cleaning Plan,badolfhv@taobao.com,Not Applicable,0
cfullbrookh0@ca.gov,Platinum Home Insurance Plan,ekarlik3q@networkadvertising.org,Not Applicable,0
msalmong2@comcast.net,Platinum Home Cleaning Plan,bfeldbrin3p@newyorker.com,Not Applicable,0
kcumberledge6v@foxnews.com,Platinum Transport Plan,bbrunt45@behance.net,Not Applicable,0
aryamls@networkadvertising.org,Standard Cellular Plan,lagassqs@mozilla.com,Not Applicable,0
lcarvell1m@cargocollective.com,Standard Home Insurance Plan,shuggardpg@over-blog.com,Not Applicable,0
gpurkispk@woothemes.com,Premium Babysitting Plan,ccroysdalept@istockphoto.com,Not Applicable,0
dgrimblebya0@wix.com,Economy Security Plan,hrickeard78@t-online.de,Not Applicable,0
hconklinnj@liveinternet.ru,Basic Security Plan,hrickeard78@t-online.de,Not Applicable,0
ztante7j@ehow.com,Standard Lawncare Plan,ccockaymecp@naver.com,Not Applicable,0
ssciacovelli4s@amazon.com,Basic Water Supply Plan,rarnoldr8@csmonitor.com,Not Applicable,0
sbraddocko2@trellian.com,Premium Electricity Plan,mtrinder6n@jigsy.com,Not Applicable,0
vcashamih@behance.net,Basic Health Insurance Plan,sbarensnq@mit.edu,Not Applicable,0
ssowtene8@msu.edu,Basic Mortgage Plan,dgyded2@stanford.edu,Not Applicable,0
hmariangp@amazonaws.com,Standard Internet Plan,msutordc@alexa.com,Not Applicable,0
ghousecroftgl@prnewswire.com,Premium Water Supply Plan,rarnoldr8@csmonitor.com,Not Applicable,0
frubinov2k@engadget.com,Standard Health Insurance Plan,bcharnockhc@vkontakte.ru,Not Applicable,0
trossonng@jigsy.com,Basic Home Insurance Plan,ekarlik3q@networkadvertising.org,Not Applicable,0
abanvilleid@state.gov,Basic Home Insurance Plan,ekarlik3q@networkadvertising.org,Not Applicable,0
sdoak4p@tinypic.com,Standard Electricity Plan,rnarisy@thetimes.co.uk,Not Applicable,0
jcordell90@sakura.ne.jp,Platinum Sewage Plan,fportail6v@xinhuanet.com,Not Applicable,0
jbrilleman1y@pinterest.com,Premium Mortgage Plan,wderilla3@freewebs.com,Not Applicable,0
mgianneschima@soundcloud.com,Economy Home Cleaning Plan,cranfieldcg@freewebs.com,Not Applicable,0
whuntressby@scribd.com,Economy Mortgage Plan,wderilla3@freewebs.com,Not Applicable,0
nlarganag@wisc.edu,Premium Sewage Plan,aparlor12@etsy.com,Not Applicable,0
dgrimblebya0@wix.com,Premium Babysitting Plan,hyakunchikovdx@plala.or.jp,Not Applicable,0
mgowen71@ezinearticles.com,Standard Health Insurance Plan,bcharnockhc@vkontakte.ru,Not Applicable,0
mgrimmolby8k@nhs.uk,Economy Transport Plan,khambridge6z@xing.com,Not Applicable,0
wmumbeymj@hp.com,Premium Health Insurance Plan,agenever5g@timesonline.co.uk,Not Applicable,0
aklarzynskint@google.ca,Platinum Mortgage Plan,abrassmr@tinyurl.com,Not Applicable,0
cgrishuninbn@bloglines.com,Standard Health Insurance Plan,sbarensnq@mit.edu,Not Applicable,0
aandrichj0@google.it,Premium Transport Plan,khambridge6z@xing.com,Not Applicable,0
ljackalin3a@meetup.com,Premium Babysitting Plan,fstonemano4@sun.com,Not Applicable,0
ckyston0@ning.com,Basic Water Supply Plan,mlamswood53@trellian.com,Not Applicable,0
dosgerbyge@odnoklassniki.ru,Platinum Home Cleaning Plan,bfeldbrin3p@newyorker.com,Not Applicable,0
wcreamfr@weather.com,Economy Electricity Plan,bthalmi@house.gov,Not Applicable,0
lmckennanre@privacy.gov.au,Basic Cellular Plan,fgillionbe@xrea.com,Not Applicable,0
csoot1k@skype.com,Premium Cellular Plan,lagassqs@mozilla.com,Not Applicable,0
hconklinnj@liveinternet.ru,Premium Transport Plan,bbrunt45@behance.net,Not Applicable,0
bdunphyfl@nps.gov,Platinum Sewage Plan,aparlor12@etsy.com,Not Applicable,0
kcumberledge6v@foxnews.com,Premium Home Insurance Plan,fmattausl0@wiley.com,Not Applicable,0
tmenchentonol@mapy.cz,Economy Gas Plan,agenever5g@timesonline.co.uk,Not Applicable,0
mcrippill4y@aboutads.info,Economy Babysitting Plan,fstonemano4@sun.com,Not Applicable,0
vperriee3@sbwire.com,Premium Home Insurance Plan,fmattausl0@wiley.com,Not Applicable,0
hvanacci4a@ihg.com,Premium Health Insurance Plan,dgotlingrh@samsung.com,Not Applicable,0
zjull2x@privacy.gov.au,Platinum Gas Plan,gpiercylp@nydailynews.com,Not Applicable,0
oentres8b@behance.net,Premium Cellular Plan,fgillionbe@xrea.com,Not Applicable,0
obeavorsl5@wired.com,Premium Home Cleaning Plan,jmccuffierq@dailymail.co.uk,Not Applicable,0
sdoak4p@tinypic.com,Premium Health Insurance Plan,dgotlingrh@samsung.com,Not Applicable,0
ccartmillni@illinois.edu,Platinum Sewage Plan,aparlor12@etsy.com,Not Applicable,0
twateridgek9@jigsy.com,Basic Lawncare Plan,ccockaymecp@naver.com,Not Applicable,0
mfrango96@histats.com,Basic Car Insurance Plan,ykinghamml@noaa.gov,Not Applicable,0
gkarlsenoz@scientificamerican.com,Standard Electricity Plan,bthalmi@house.gov,Not Applicable,0
scoppockei@slideshare.net,Standard Gas Plan,gpiercylp@nydailynews.com,Not Applicable,0
amanvelljl@squidoo.com,Economy Sewage Plan,kskipp7a@dyndns.org,Not Applicable,0
lhammerbergert@github.com,Premium Gas Plan,gpiercylp@nydailynews.com,Not Applicable,0
mdowkerpi@europa.eu,Platinum Babysitting Plan,ccroysdalept@istockphoto.com,Not Applicable,0
eweed54@bloglines.com,Standard Electricity Plan,bthalmi@house.gov,Not Applicable,0
rbegind6@usatoday.com,Economy Home Cleaning Plan,cranfieldcg@freewebs.com,Not Applicable,0
lbillsonht@fda.gov,Premium Internet Plan,msutordc@alexa.com,Not Applicable,0
gglastonbury5l@flickr.com,Standard Home Insurance Plan,fmattausl0@wiley.com,Not Applicable,0
narlottlz@timesonline.co.uk,Platinum Health Insurance Plan,bcharnockhc@vkontakte.ru,Not Applicable,0
ngavrielli1z@netlog.com,Platinum Sewage Plan,fportail6v@xinhuanet.com,Not Applicable,0
evedenyakin3k@ox.ac.uk,Standard Sewage Plan,nsurrqp@meetup.com,Not Applicable,0
lhammerbergert@github.com,Platinum Home Insurance Plan,ekarlik3q@networkadvertising.org,Not Applicable,0
ngiggcs@bigcartel.com,Premium Mortgage Plan,evallentine6o@drupal.org,Not Applicable,0
nkorn7f@skyrock.com,Standard Mortgage Plan,abrassmr@tinyurl.com,Not Applicable,0
tayrs7i@w3.org,Premium Sewage Plan,fportail6v@xinhuanet.com,Not Applicable,0
gharmantql@bluehost.com,Premium Babysitting Plan,fstonemano4@sun.com,Not Applicable,0
abanvilleid@state.gov,Economy Babysitting Plan,fstonemano4@sun.com,Not Applicable,0
hdeverr5@wp.com,Platinum Mortgage Plan,spaveloy@symantec.com,Not Applicable,0
wstandering7v@friendfeed.com,Platinum Mortgage Plan,evallentine6o@drupal.org,Not Applicable,0
rnarracottlc@hp.com,Basic Sewage Plan,nsurrqp@meetup.com,Not Applicable,0
vcashamih@behance.net,Platinum Babysitting Plan,hyakunchikovdx@plala.or.jp,Not Applicable,0
jcordell90@sakura.ne.jp,Standard Device Insurance Plan,ahutleyql@umn.edu,Not Applicable,0
lwellingaw@who.int,Basic Water Supply Plan,mlamswood53@trellian.com,Not Applicable,0
athunderchiefm2@typepad.com,Economy Cellular Plan,lagassqs@mozilla.com,Not Applicable,0
ssclater57@cargocollective.com,Premium Cellular Plan,lagassqs@mozilla.com,Not Applicable,0
rbegind6@usatoday.com,Platinum Transport Plan,ekaubischfo@spotify.com,Not Applicable,0
gkeetchdp@hostgator.com,Premium Security Plan,hrickeard78@t-online.de,Not Applicable,0
kpetzoltr2@amazonaws.com,Premium Sewage Plan,aparlor12@etsy.com,Not Applicable,0
deddies9y@foxnews.com,Standard Cellular Plan,lagassqs@mozilla.com,Not Applicable,0
ddikelindv@opera.com,Economy Home Cleaning Plan,badolfhv@taobao.com,Not Applicable,0
swelbrock1i@theatlantic.com,Premium Sewage Plan,aparlor12@etsy.com,Not Applicable,0
sswan7u@digg.com,Platinum Security Plan,tgobbettka@telegraph.co.uk,Not Applicable,0
mgibbenet@princeton.edu,Standard Mortgage Plan,abrassmr@tinyurl.com,Not Applicable,0
oleamonl6@godaddy.com,Standard Electricity Plan,rnarisy@thetimes.co.uk,Not Applicable,0
tkezorcn@dailymotion.com,Economy Sewage Plan,nsurrqp@meetup.com,Not Applicable,0
skurtisqh@t-online.de,Standard Cable Plan,mavrahamofff9@constantcontact.com,Not Applicable,0
rzanninijo@ftc.gov,Standard Home Cleaning Plan,jmccuffierq@dailymail.co.uk,Not Applicable,0
pbenthamld@domainmarket.com,Standard Device Insurance Plan,ahutleyql@umn.edu,Not Applicable,0
swhithorn8u@51.la,Premium Transport Plan,ekaubischfo@spotify.com,Not Applicable,0
jchetwin3u@nationalgeographic.com,Standard Cellular Plan,lagassqs@mozilla.com,Not Applicable,0
jcolpusc1@guardian.co.uk,Basic Electricity Plan,ebillanya4@indiegogo.com,Not Applicable,0
rculmer9a@omniture.com,Platinum Sewage Plan,aparlor12@etsy.com,Not Applicable,0
sskeggs9@naver.com,Economy Mortgage Plan,spaveloy@symantec.com,Not Applicable,0
mtate1u@dyndns.org,Premium Electricity Plan,mtrinder6n@jigsy.com,Not Applicable,0
arusbridge77@ihg.com,Basic Electricity Plan,ebillanya4@indiegogo.com,Not Applicable,0
ccartmillni@illinois.edu,Economy Internet Plan,msutordc@alexa.com,Not Applicable,0
hdonkeci@amazon.com,Economy Sewage Plan,nsurrqp@meetup.com,Not Applicable,0
wbatieok@deliciousdays.com,Standard Cellular Plan,lagassqs@mozilla.com,Not Applicable,0
kmattocksis@economist.com,Basic Sewage Plan,fportail6v@xinhuanet.com,Not Applicable,0
epilgram7l@jimdo.com,Basic Sewage Plan,kskipp7a@dyndns.org,Not Applicable,0
fsatford6t@fastcompany.com,Basic Gas Plan,agenever5g@timesonline.co.uk,Not Applicable,0
nsquirrellj9@washingtonpost.com,Standard Sewage Plan,aparlor12@etsy.com,Not Applicable,0
ccorington2m@aol.com,Economy Device Insurance Plan,ahutleyql@umn.edu,Not Applicable,0
kpettingillqp@usatoday.com,Economy Internet Plan,hbateman5e@gizmodo.com,Not Applicable,0
tdibiagi5e@umn.edu,Premium Transport Plan,bbrunt45@behance.net,Not Applicable,0
schyuertonpr@fc2.com,Basic Home Insurance Plan,shuggardpg@over-blog.com,Not Applicable,0
givashnikov5i@skyrock.com,Economy Electricity Plan,bthalmi@house.gov,Not Applicable,0
fgurgeha@apache.org,Premium Device Insurance Plan,nmilroyg0@miitbeian.gov.cn,Not Applicable,0
jheddonpu@lulu.com,Economy Mortgage Plan,dgyded2@stanford.edu,Not Applicable,0
rfrays81@privacy.gov.au,Premium Home Insurance Plan,jrosina3j@macromedia.com,Not Applicable,0
csoot1k@skype.com,Standard Transport Plan,ekaubischfo@spotify.com,Not Applicable,0
tguillart4n@nih.gov,Economy Transport Plan,ekaubischfo@spotify.com,Not Applicable,0
fjoratf8@tamu.edu,Premium Security Plan,tgobbettka@telegraph.co.uk,Not Applicable,0
nsherrard9j@t.co,Standard Home Cleaning Plan,badolfhv@taobao.com,Not Applicable,0
fgurgeha@apache.org,Platinum Electricity Plan,ebillanya4@indiegogo.com,Not Applicable,0
cnewlandsin@cafepress.com,Standard Sewage Plan,kskipp7a@dyndns.org,Not Applicable,0
rpulhameo@pagesperso-orange.fr,Basic Internet Plan,hbateman5e@gizmodo.com,Not Applicable,0
kosesnane9z@about.com,Platinum Mortgage Plan,abrassmr@tinyurl.com,Not Applicable,0
sfootittp1@wired.com,Basic Health Insurance Plan,dgotlingrh@samsung.com,Not Applicable,0
bgrimwade47@forbes.com,Economy Internet Plan,msutordc@alexa.com,Not Applicable,0
bofogertyno@theglobeandmail.com,Economy Home Cleaning Plan,jmccuffierq@dailymail.co.uk,Not Applicable,0
avyvyanp8@dell.com,Economy Home Insurance Plan,ekarlik3q@networkadvertising.org,Not Applicable,0
nwoodington1l@lycos.com,Basic Transport Plan,bbrunt45@behance.net,Not Applicable,0
irendellfx@pbs.org,Standard Water Supply Plan,mlamswood53@trellian.com,Not Applicable,0
dternottme@smh.com.au,Basic Device Insurance Plan,ahutleyql@umn.edu,Not Applicable,0
grouchdm@vkontakte.ru,Basic Life Insurance Plan,mbonnickg3@hubpages.com,Not Applicable,0
rkaas1n@sphinn.com,Basic Mortgage Plan,abrassmr@tinyurl.com,Not Applicable,0
lcockleyec@cam.ac.uk,Platinum Home Insurance Plan,fmattausl0@wiley.com,Not Applicable,0
ebeddingham31@cpanel.net,Basic Device Insurance Plan,ahutleyql@umn.edu,Not Applicable,0
nsherrard9j@t.co,Platinum Sewage Plan,nsurrqp@meetup.com,Not Applicable,0
mgowen71@ezinearticles.com,Platinum Sewage Plan,nsurrqp@meetup.com,Not Applicable,0
kpetzoltr2@amazonaws.com,Economy Home Insurance Plan,shuggardpg@over-blog.com,Not Applicable,0
hcurnokkq3@unc.edu,Standard Lawncare Plan,ccockaymecp@naver.com,Not Applicable,0
aottewellm3@dailymotion.com,Standard Babysitting Plan,fstonemano4@sun.com,Not Applicable,0
rshaxbykg@vimeo.com,Economy Home Cleaning Plan,badolfhv@taobao.com,Not Applicable,0
mbynelu@vimeo.com,Standard Device Insurance Plan,nmilroyg0@miitbeian.gov.cn,Not Applicable,0
smccartneyem@topsy.com,Platinum Transport Plan,khambridge6z@xing.com,Not Applicable,0
ggorickqm@theatlantic.com,Platinum Transport Plan,ekaubischfo@spotify.com,Not Applicable,0
mbaudyi4@walmart.com,Basic Electricity Plan,bthalmi@house.gov,Not Applicable,0
mcrippill4y@aboutads.info,Economy Home Insurance Plan,jrosina3j@macromedia.com,Not Applicable,0
vbrydonlo@freewebs.com,Economy Internet Plan,hbateman5e@gizmodo.com,Not Applicable,0
lmatveiko8r@hc360.com,Platinum Gas Plan,gpiercylp@nydailynews.com,Not Applicable,0
jheddonpu@lulu.com,Standard Mortgage Plan,dgyded2@stanford.edu,Not Applicable,0
mcollis7c@soup.io,Premium Electricity Plan,bthalmi@house.gov,Not Applicable,0
tkezorcn@dailymotion.com,Basic Home Cleaning Plan,cranfieldcg@freewebs.com,Not Applicable,0
mmobberleykf@ifeng.com,Premium Mortgage Plan,spaveloy@symantec.com,Not Applicable,0
esnookesln@buzzfeed.com,Standard Home Cleaning Plan,bfeldbrin3p@newyorker.com,Not Applicable,0
vcashamih@behance.net,Economy Transport Plan,ekaubischfo@spotify.com,Not Applicable,0
mgianneschima@soundcloud.com,Basic Home Cleaning Plan,bfeldbrin3p@newyorker.com,Not Applicable,0
ztante7j@ehow.com,Economy Home Cleaning Plan,jmccuffierq@dailymail.co.uk,Not Applicable,0
dmurkinhr@economist.com,Basic Water Supply Plan,mlamswood53@trellian.com,Not Applicable,0
pharrill12@google.it,Economy Sewage Plan,lmicorl@ucoz.ru,Not Applicable,0
rmcbrearty11@deviantart.com,Platinum Transport Plan,khambridge6z@xing.com,Not Applicable,0
oentres8b@behance.net,Premium Home Insurance Plan,jrosina3j@macromedia.com,Not Applicable,0
mrowthm7@sakura.ne.jp,Basic Home Cleaning Plan,cranfieldcg@freewebs.com,Not Applicable,0
djenceyqg@theguardian.com,Basic Transport Plan,bbrunt45@behance.net,Not Applicable,0
cilling6y@wired.com,Platinum Health Insurance Plan,dgotlingrh@samsung.com,Not Applicable,0
lhammerbergert@github.com,Premium Gas Plan,agenever5g@timesonline.co.uk,Not Applicable,0
bbeetham2p@amazon.co.jp,Basic Cellular Plan,fgillionbe@xrea.com,Not Applicable,0
bmccaughrenf9@state.gov,Basic Babysitting Plan,hyakunchikovdx@plala.or.jp,Not Applicable,0
rpenkethjp@macromedia.com,Economy Gas Plan,agenever5g@timesonline.co.uk,Not Applicable,0
mmctrustyky@samsung.com,Economy Electricity Plan,bthalmi@house.gov,Not Applicable,0
vcashamih@behance.net,Economy Health Insurance Plan,dgotlingrh@samsung.com,Not Applicable,0
gpurkispk@woothemes.com,Basic Device Insurance Plan,nmilroyg0@miitbeian.gov.cn,Not Applicable,0
twarfield6c@cbsnews.com,Economy Babysitting Plan,hyakunchikovdx@plala.or.jp,Not Applicable,0
gwhistlecraft2i@storify.com,Premium Electricity Plan,bthalmi@house.gov,Not Applicable,0
schyuertonpr@fc2.com,Premium Home Cleaning Plan,cranfieldcg@freewebs.com,Not Applicable,0
mdotterillq1@facebook.com,Premium Home Cleaning Plan,badolfhv@taobao.com,Not Applicable,0
dmurkinhr@economist.com,Basic Electricity Plan,mtrinder6n@jigsy.com,Not Applicable,0
mmingoaz@youtube.com,Platinum Mortgage Plan,abrassmr@tinyurl.com,Not Applicable,0
cmaskallaa@facebook.com,Economy Home Cleaning Plan,cranfieldcg@freewebs.com,Not Applicable,0
ewalentaqd@howstuffworks.com,Standard Device Insurance Plan,ahutleyql@umn.edu,Not Applicable,0
ehebden9t@paypal.com,Basic Home Insurance Plan,fmattausl0@wiley.com,Not Applicable,0
mquaintance4t@washingtonpost.com,Economy Internet Plan,msutordc@alexa.com,Not Applicable,0
bbeetham2p@amazon.co.jp,Standard Home Insurance Plan,ekarlik3q@networkadvertising.org,Not Applicable,0
fgurgeha@apache.org,Basic Internet Plan,msutordc@alexa.com,Not Applicable,0
lcommusso3y@dot.gov,Platinum Electricity Plan,ebillanya4@indiegogo.com,Not Applicable,0
kbardwell2n@qq.com,Standard Health Insurance Plan,sjacsonf7@symantec.com,Not Applicable,0
ninfantino66@a8.net,Platinum Device Insurance Plan,ahutleyql@umn.edu,Not Applicable,0
bwinesd3@newsvine.com,Premium Cellular Plan,lagassqs@mozilla.com,Not Applicable,0
mgrimmolby8k@nhs.uk,Premium Babysitting Plan,fstonemano4@sun.com,Not Applicable,0
rlowtenfc@pen.io,Economy Babysitting Plan,fstonemano4@sun.com,Not Applicable,0
rskarra5@mtv.com,Standard Mortgage Plan,evallentine6o@drupal.org,Not Applicable,0
llynnettp3@tamu.edu,Basic Health Insurance Plan,bcharnockhc@vkontakte.ru,Not Applicable,0
bdunphyfl@nps.gov,Premium Health Insurance Plan,agenever5g@timesonline.co.uk,Not Applicable,0
avyvyanp8@dell.com,Basic Sewage Plan,nsurrqp@meetup.com,Not Applicable,0
tmilbymi@free.fr,Economy Water Supply Plan,mlamswood53@trellian.com,Not Applicable,0
hgehringerpm@reference.com,Standard Home Cleaning Plan,jmccuffierq@dailymail.co.uk,Not Applicable,0
mdowkerpi@europa.eu,Platinum Internet Plan,hbateman5e@gizmodo.com,Not Applicable,0
everlindefi@google.ru,Premium Internet Plan,msutordc@alexa.com,Not Applicable,0
rwatkissc@dell.com,Basic Health Insurance Plan,sbarensnq@mit.edu,Not Applicable,0
ssmuthfv@house.gov,Economy Home Cleaning Plan,badolfhv@taobao.com,Not Applicable,0
mtate1u@dyndns.org,Standard Health Insurance Plan,sjacsonf7@symantec.com,Not Applicable,0
wshaylerbh@yelp.com,Economy Home Insurance Plan,shuggardpg@over-blog.com,Not Applicable,0
sswan7u@digg.com,Platinum Cellular Plan,fgillionbe@xrea.com,Not Applicable,0
kbardwell2n@qq.com,Basic Mortgage Plan,abrassmr@tinyurl.com,Not Applicable,0
hdemseyi7@ed.gov,Standard Security Plan,tgobbettka@telegraph.co.uk,Not Applicable,0
aottewellm3@dailymotion.com,Premium Babysitting Plan,hyakunchikovdx@plala.or.jp,Not Applicable,0
kdressellpw@yelp.com,Economy Security Plan,hrickeard78@t-online.de,Not Applicable,0
jbrilleman1y@pinterest.com,Basic Mortgage Plan,wderilla3@freewebs.com,Not Applicable,0
dkerijt@php.net,Economy Transport Plan,khambridge6z@xing.com,Not Applicable,0
cmounfield7q@goo.gl,Basic Babysitting Plan,hyakunchikovdx@plala.or.jp,Not Applicable,0
cstapley9i@salon.com,Economy Internet Plan,hbateman5e@gizmodo.com,Not Applicable,0
kcumberledge6v@foxnews.com,Basic Mortgage Plan,evallentine6o@drupal.org,Not Applicable,0
hcoileyo0@dmoz.org,Premium Babysitting Plan,fstonemano4@sun.com,Not Applicable,0
mgallanderspo@princeton.edu,Premium Home Insurance Plan,shuggardpg@over-blog.com,Not Applicable,0
ddikelindv@opera.com,Standard Gas Plan,gpiercylp@nydailynews.com,Not Applicable,0
aweatherallf2@mozilla.org,Platinum Device Insurance Plan,ahutleyql@umn.edu,Not Applicable,0
mantrum3s@scribd.com,Economy Home Cleaning Plan,cranfieldcg@freewebs.com,Not Applicable,0
njimsonfk@ed.gov,Standard Security Plan,tgobbettka@telegraph.co.uk,Not Applicable,0
cfurminger6@engadget.com,Standard Security Plan,tgobbettka@telegraph.co.uk,Not Applicable,0
lvicentg7@canalblog.com,Basic Health Insurance Plan,dgotlingrh@samsung.com,Not Applicable,0
vperriee3@sbwire.com,Premium Health Insurance Plan,dgotlingrh@samsung.com,Not Applicable,0
dclayal@mlb.com,Standard Sewage Plan,lmicorl@ucoz.ru,Not Applicable,0
marterc9@narod.ru,Standard Health Insurance Plan,agenever5g@timesonline.co.uk,Not Applicable,0
kmayburyiq@yahoo.com,Basic Transport Plan,bbrunt45@behance.net,Not Applicable,0
cascrofte3g@mtv.com,Basic Mortgage Plan,dgyded2@stanford.edu,Not Applicable,0
thanigan6j@icq.com,Premium Health Insurance Plan,agenever5g@timesonline.co.uk,Not Applicable,0
sskeggs9@naver.com,Premium Mortgage Plan,dgyded2@stanford.edu,Not Applicable,0
kchesley78@google.co.uk,Standard Babysitting Plan,ccroysdalept@istockphoto.com,Not Applicable,0
ktettah@dailymail.co.uk,Platinum Health Insurance Plan,dgotlingrh@samsung.com,Not Applicable,0
sbern3b@accuweather.com,Standard Security Plan,hrickeard78@t-online.de,Not Applicable,0
wcreamfr@weather.com,Basic Home Cleaning Plan,badolfhv@taobao.com,Not Applicable,0
hcurnokkq3@unc.edu,Platinum Device Insurance Plan,ahutleyql@umn.edu,Not Applicable,0
jdaice9s@wiley.com,Platinum Home Cleaning Plan,bfeldbrin3p@newyorker.com,Not Applicable,0
jbarliel1@123-reg.co.uk,Standard Health Insurance Plan,bcharnockhc@vkontakte.ru,Not Applicable,0
apablofy@amazon.de,Basic Water Supply Plan,mlamswood53@trellian.com,Not Applicable,0
gglastonbury5l@flickr.com,Economy Health Insurance Plan,sbarensnq@mit.edu,Not Applicable,0
rmcbrearty11@deviantart.com,Platinum Cellular Plan,fgillionbe@xrea.com,Not Applicable,0
smccartneyem@topsy.com,Standard Home Insurance Plan,ekarlik3q@networkadvertising.org,Not Applicable,0
mumanbo@slate.com,Platinum Home Cleaning Plan,bfeldbrin3p@newyorker.com,Not Applicable,0
grouchdm@vkontakte.ru,Standard Health Insurance Plan,sjacsonf7@symantec.com,Not Applicable,0
gfrancombev@thetimes.co.uk,Premium Cellular Plan,fgillionbe@xrea.com,Not Applicable,0
hdeverr5@wp.com,Basic Cable Plan,mavrahamofff9@constantcontact.com,Not Applicable,0
ghousecroftgl@prnewswire.com,Platinum Mortgage Plan,abrassmr@tinyurl.com,Not Applicable,0
everlindefi@google.ru,Standard Sewage Plan,aparlor12@etsy.com,Not Applicable,0
nkorn7f@skyrock.com,Economy Gas Plan,agenever5g@timesonline.co.uk,Not Applicable,0
cfuzzardm5@ifeng.com,Standard Home Cleaning Plan,jmccuffierq@dailymail.co.uk,Not Applicable,0
drudderham4@drupal.org,Platinum Electricity Plan,ebillanya4@indiegogo.com,Not Applicable,0
vcashamih@behance.net,Standard Babysitting Plan,ccroysdalept@istockphoto.com,Not Applicable,0
cassercg@ftc.gov,Platinum Water Supply Plan,rarnoldr8@csmonitor.com,Not Applicable,0
lcockleyec@cam.ac.uk,Basic Gas Plan,agenever5g@timesonline.co.uk,Not Applicable,0
pbayldon8q@mozilla.org,Platinum Mortgage Plan,evallentine6o@drupal.org,Not Applicable,0
lgarrettsqr@redcross.org,Standard Home Insurance Plan,fmattausl0@wiley.com,Not Applicable,0
jchetwin3u@nationalgeographic.com,Economy Health Insurance Plan,sbarensnq@mit.edu,Not Applicable,0
cfuzzardm5@ifeng.com,Platinum Electricity Plan,ebillanya4@indiegogo.com,Not Applicable,0
schyuertonpr@fc2.com,Basic Babysitting Plan,fstonemano4@sun.com,Not Applicable,0
cgrishuninbn@bloglines.com,Basic Electricity Plan,mtrinder6n@jigsy.com,Not Applicable,0
mdowkerpi@europa.eu,Economy Life Insurance Plan,mbonnickg3@hubpages.com,Not Applicable,0
lcarvell1m@cargocollective.com,Platinum Device Insurance Plan,ahutleyql@umn.edu,Not Applicable,0
hbootherpz@meetup.com,Economy Babysitting Plan,hyakunchikovdx@plala.or.jp,Not Applicable,0
rnannizziia@ebay.co.uk,Platinum Mortgage Plan,spaveloy@symantec.com,Not Applicable,0
bbeartupm6@qq.com,Economy Health Insurance Plan,sbarensnq@mit.edu,Not Applicable,0
mmacpeaked1@gnu.org,Premium Sewage Plan,fportail6v@xinhuanet.com,Not Applicable,0
akenyon2u@engadget.com,Premium Sewage Plan,aparlor12@etsy.com,Not Applicable,0
nsherrard9j@t.co,Premium Babysitting Plan,ccroysdalept@istockphoto.com,Not Applicable,0
ltoffel68@weibo.com,Basic Device Insurance Plan,ahutleyql@umn.edu,Not Applicable,0
akinforth1w@ted.com,Basic Lawncare Plan,ccockaymecp@naver.com,Not Applicable,0
epilgram7l@jimdo.com,Economy Transport Plan,ekaubischfo@spotify.com,Not Applicable,0
fpeskettlp@youku.com,Standard Gas Plan,gpiercylp@nydailynews.com,Not Applicable,0
kyon5n@comcast.net,Economy Sewage Plan,kskipp7a@dyndns.org,Not Applicable,0
eboldenhk@nifty.com,Platinum Device Insurance Plan,ahutleyql@umn.edu,Not Applicable,0
akirkmanlx@altervista.org,Economy Health Insurance Plan,sjacsonf7@symantec.com,Not Applicable,0
dclayal@mlb.com,Economy Car Insurance Plan,ykinghamml@noaa.gov,Not Applicable,0
mbynelu@vimeo.com,Premium Babysitting Plan,ccroysdalept@istockphoto.com,Not Applicable,0
ggorickqm@theatlantic.com,Platinum Sewage Plan,nsurrqp@meetup.com,Not Applicable,0
mgrimmolby8k@nhs.uk,Premium Mortgage Plan,wderilla3@freewebs.com,Not Applicable,0
lbillsonht@fda.gov,Standard Home Insurance Plan,jrosina3j@macromedia.com,Not Applicable,0
cgrishuninbn@bloglines.com,Economy Sewage Plan,nsurrqp@meetup.com,Not Applicable,0
csoot1k@skype.com,Standard Sewage Plan,nsurrqp@meetup.com,Not Applicable,0
dveltman3f@zimbio.com,Premium Cable Plan,mavrahamofff9@constantcontact.com,Not Applicable,0
dmurkinhr@economist.com,Basic Home Insurance Plan,ekarlik3q@networkadvertising.org,Not Applicable,0
sbern3b@accuweather.com,Premium Electricity Plan,ebillanya4@indiegogo.com,Not Applicable,0
nkorn7f@skyrock.com,Premium Home Cleaning Plan,jmccuffierq@dailymail.co.uk,Not Applicable,0
acreak8f@auda.org.au,Basic Internet Plan,hbateman5e@gizmodo.com,Not Applicable,0
lhammerbergert@github.com,Premium Electricity Plan,bthalmi@house.gov,Not Applicable,0
kmattocksis@economist.com,Basic Electricity Plan,bthalmi@house.gov,Not Applicable,0
cgoulterpl@ucsd.edu,Premium Car Insurance Plan,ykinghamml@noaa.gov,Not Applicable,0
whuntressby@scribd.com,Basic Cellular Plan,fgillionbe@xrea.com,Not Applicable,0
becclesaller@ustream.tv,Platinum Gas Plan,gpiercylp@nydailynews.com,Not Applicable,0
mscowenmz@sogou.com,Economy Home Insurance Plan,shuggardpg@over-blog.com,Not Applicable,0
mcanaanbf@census.gov,Platinum Sewage Plan,aparlor12@etsy.com,Not Applicable,0
roddboyri@java.com,Platinum Mortgage Plan,abrassmr@tinyurl.com,Not Applicable,0
trudramd0@shareasale.com,Economy Cable Plan,mavrahamofff9@constantcontact.com,Not Applicable,0
sswan7u@digg.com,Economy Electricity Plan,bthalmi@house.gov,Not Applicable,0
vbrydonlo@freewebs.com,Economy Mortgage Plan,spaveloy@symantec.com,Not Applicable,0
bboltax@wired.com,Basic Electricity Plan,ebillanya4@indiegogo.com,Not Applicable,0
vcashamih@behance.net,Standard Cable Plan,mavrahamofff9@constantcontact.com,Not Applicable,0
sdoak4p@tinypic.com,Platinum Babysitting Plan,ccroysdalept@istockphoto.com,Not Applicable,0
bwinesd3@newsvine.com,Premium Security Plan,hrickeard78@t-online.de,Not Applicable,0
rwatkissc@dell.com,Premium Cellular Plan,fgillionbe@xrea.com,Not Applicable,0
bgrimwade47@forbes.com,Premium Sewage Plan,nsurrqp@meetup.com,Not Applicable,0
zjull2x@privacy.gov.au,Basic Sewage Plan,lmicorl@ucoz.ru,Not Applicable,0
rmcbrearty11@deviantart.com,Premium Cable Plan,mavrahamofff9@constantcontact.com,Not Applicable,0
llynnettp3@tamu.edu,Economy Transport Plan,khambridge6z@xing.com,Not Applicable,0
ljehan6h@fastcompany.com,Premium Mortgage Plan,wderilla3@freewebs.com,Not Applicable,0
apablofy@amazon.de,Economy Home Insurance Plan,ekarlik3q@networkadvertising.org,Not Applicable,0
rmoppett27@addtoany.com,Standard Mortgage Plan,wderilla3@freewebs.com,Not Applicable,0
ybiaggettirg@illinois.edu,Economy Internet Plan,msutordc@alexa.com,Not Applicable,0
lkiossel9b@cargocollective.com,Economy Health Insurance Plan,sbarensnq@mit.edu,Not Applicable,0
wliptrotkc@weather.com,Standard Device Insurance Plan,nmilroyg0@miitbeian.gov.cn,Not Applicable,0
obeavorsl5@wired.com,Premium Home Cleaning Plan,cranfieldcg@freewebs.com,Not Applicable,0
psamuelskt@jugem.jp,Premium Home Cleaning Plan,jmccuffierq@dailymail.co.uk,Not Applicable,0
tmenchentonol@mapy.cz,Standard Car Insurance Plan,ykinghamml@noaa.gov,Not Applicable,0
bdunphyfl@nps.gov,Premium Internet Plan,msutordc@alexa.com,Not Applicable,0
smarquesskp@aol.com,Standard Sewage Plan,kskipp7a@dyndns.org,Not Applicable,0
lmardlerc@tripod.com,Standard Electricity Plan,bthalmi@house.gov,Not Applicable,0
rpulhameo@pagesperso-orange.fr,Platinum Babysitting Plan,ccroysdalept@istockphoto.com,Not Applicable,0
hvanacci4a@ihg.com,Platinum Home Insurance Plan,ekarlik3q@networkadvertising.org,Not Applicable,0
bmccaughrenf9@state.gov,Premium Internet Plan,msutordc@alexa.com,Not Applicable,0
tmilbymi@free.fr,Basic Cellular Plan,fgillionbe@xrea.com,Not Applicable,0
bgoodreadqw@edublogs.org,Premium Life Insurance Plan,mbonnickg3@hubpages.com,Not Applicable,0
rnarracottlc@hp.com,Premium Water Supply Plan,rarnoldr8@csmonitor.com,Not Applicable,0
abygottny@moonfruit.com,Basic Transport Plan,bbrunt45@behance.net,Not Applicable,0
llynnettp3@tamu.edu,Standard Device Insurance Plan,ahutleyql@umn.edu,Not Applicable,0
mbourgeoish6@flavors.me,Platinum Babysitting Plan,hyakunchikovdx@plala.or.jp,Not Applicable,0
jdaice9s@wiley.com,Basic Home Insurance Plan,shuggardpg@over-blog.com,Not Applicable,0
mmobberleykf@ifeng.com,Premium Health Insurance Plan,dgotlingrh@samsung.com,Not Applicable,0
oowlner6d@etsy.com,Standard Home Cleaning Plan,ifishlyc2@privacy.gov.au,Not Applicable,0
kkellarz@amazonaws.com,Basic Home Cleaning Plan,cranfieldcg@freewebs.com,Not Applicable,0
ohutchence70@blogtalkradio.com,Basic Mortgage Plan,abrassmr@tinyurl.com,Not Applicable,0
jdaice9s@wiley.com,Premium Home Cleaning Plan,jmccuffierq@dailymail.co.uk,Not Applicable,0
sswan7u@digg.com,Basic Health Insurance Plan,agenever5g@timesonline.co.uk,Not Applicable,0
ekall8y@ovh.net,Platinum Security Plan,hrickeard78@t-online.de,Not Applicable,0
aklimushev5p@marriott.com,Premium Electricity Plan,ebillanya4@indiegogo.com,Not Applicable,0
weidlerqy@multiply.com,Premium Health Insurance Plan,sbarensnq@mit.edu,Not Applicable,0
nespinola4m@imdb.com,Premium Transport Plan,bbrunt45@behance.net,Not Applicable,0
wcreamfr@weather.com,Standard Home Insurance Plan,jrosina3j@macromedia.com,Not Applicable,0
ewalentaqd@howstuffworks.com,Basic Home Cleaning Plan,cranfieldcg@freewebs.com,Not Applicable,0
tguillart4n@nih.gov,Economy Device Insurance Plan,nmilroyg0@miitbeian.gov.cn,Not Applicable,0
wcreamfr@weather.com,Premium Sewage Plan,aparlor12@etsy.com,Not Applicable,0
rraynoroj@clickbank.net,Basic Mortgage Plan,evallentine6o@drupal.org,Not Applicable,0
garnaul@about.me,Economy Home Cleaning Plan,badolfhv@taobao.com,Not Applicable,0
amanvelljl@squidoo.com,Premium Cellular Plan,lagassqs@mozilla.com,Not Applicable,0
cilling6y@wired.com,Basic Home Insurance Plan,ekarlik3q@networkadvertising.org,Not Applicable,0
swhithorn8u@51.la,Premium Water Supply Plan,mlamswood53@trellian.com,Not Applicable,0
ooulet6k@google.com.au,Premium Gas Plan,gpiercylp@nydailynews.com,Not Applicable,0
rpennockks@posterous.com,Economy Electricity Plan,bthalmi@house.gov,Not Applicable,0
mgrimmolby8k@nhs.uk,Standard Babysitting Plan,ccroysdalept@istockphoto.com,Not Applicable,0
dbrisardo1@addthis.com,Premium Home Insurance Plan,ekarlik3q@networkadvertising.org,Not Applicable,0
wshaylerbh@yelp.com,Standard Lawncare Plan,ccockaymecp@naver.com,Not Applicable,0
rjurczykj7@xinhuanet.com,Basic Security Plan,hrickeard78@t-online.de,Not Applicable,0
kcumberledge6v@foxnews.com,Standard Life Insurance Plan,mbonnickg3@hubpages.com,Not Applicable,0
hmariangp@amazonaws.com,Standard Water Supply Plan,mlamswood53@trellian.com,Not Applicable,0
dkerijt@php.net,Premium Security Plan,hrickeard78@t-online.de,Not Applicable,0
tscammondency@wufoo.com,Premium Cellular Plan,lagassqs@mozilla.com,Not Applicable,0
mdowkerpi@europa.eu,Economy Gas Plan,agenever5g@timesonline.co.uk,Not Applicable,0
tguillart4n@nih.gov,Platinum Electricity Plan,rnarisy@thetimes.co.uk,Not Applicable,0
npriddy4w@bloomberg.com,Platinum Sewage Plan,aparlor12@etsy.com,Not Applicable,0
ccartmillni@illinois.edu,Platinum Gas Plan,gpiercylp@nydailynews.com,Not Applicable,0
emcsporrinjr@macromedia.com,Standard Mortgage Plan,abrassmr@tinyurl.com,Not Applicable,0
tdentonkv@oracle.com,Platinum Home Cleaning Plan,cranfieldcg@freewebs.com,Not Applicable,0
lrebichonb8@home.pl,Basic Cellular Plan,fgillionbe@xrea.com,Not Applicable,0
ggorickqm@theatlantic.com,Economy Life Insurance Plan,mbonnickg3@hubpages.com,Not Applicable,0
ngibbingsr6@instagram.com,Economy Electricity Plan,bthalmi@house.gov,Not Applicable,0
hconklinnj@liveinternet.ru,Standard Lawncare Plan,ccockaymecp@naver.com,Not Applicable,0
jaguirrezabalakk@youku.com,Economy Water Supply Plan,rarnoldr8@csmonitor.com,Not Applicable,0
cpatriche73@cbsnews.com,Premium Health Insurance Plan,sbarensnq@mit.edu,Not Applicable,0
jcordell90@sakura.ne.jp,Premium Home Cleaning Plan,jmccuffierq@dailymail.co.uk,Not Applicable,0
kchesley78@google.co.uk,Standard Cellular Plan,lagassqs@mozilla.com,Not Applicable,0
mcrippill4y@aboutads.info,Platinum Home Cleaning Plan,bfeldbrin3p@newyorker.com,Not Applicable,0
lgarrettsqr@redcross.org,Basic Home Cleaning Plan,bfeldbrin3p@newyorker.com,Not Applicable,0
eboldenhk@nifty.com,Economy Gas Plan,agenever5g@timesonline.co.uk,Not Applicable,0
sbraddocko2@trellian.com,Standard Health Insurance Plan,sbarensnq@mit.edu,Not Applicable,0
rnarracottlc@hp.com,Economy Cellular Plan,fgillionbe@xrea.com,Not Applicable,0
fpeskettlp@youku.com,Basic Internet Plan,hbateman5e@gizmodo.com,Not Applicable,0
mquaintance4t@washingtonpost.com,Standard Transport Plan,ekaubischfo@spotify.com,Not Applicable,0
lwarham1t@weather.com,Standard Electricity Plan,rnarisy@thetimes.co.uk,Not Applicable,0
dosgerbyge@odnoklassniki.ru,Standard Car Insurance Plan,ykinghamml@noaa.gov,Not Applicable,0
frosenauer97@blog.com,Platinum Electricity Plan,ebillanya4@indiegogo.com,Not Applicable,0
vcashamih@behance.net,Economy Home Cleaning Plan,cranfieldcg@freewebs.com,Not Applicable,0
rdezuani5k@blogs.com,Economy Electricity Plan,bthalmi@house.gov,Not Applicable,0
rkaas1n@sphinn.com,Basic Security Plan,hrickeard78@t-online.de,Not Applicable,0
kpetzoltr2@amazonaws.com,Premium Home Cleaning Plan,bfeldbrin3p@newyorker.com,Not Applicable,0
nsiggens4l@tinyurl.com,Platinum Health Insurance Plan,dgotlingrh@samsung.com,Not Applicable,0
edouberday39@altervista.org,Economy Internet Plan,hbateman5e@gizmodo.com,Not Applicable,0
nbitchenerp5@themeforest.net,Economy Sewage Plan,lmicorl@ucoz.ru,Not Applicable,0
wcorckp4@paginegialle.it,Economy Sewage Plan,aparlor12@etsy.com,Not Applicable,0
narlottlz@timesonline.co.uk,Premium Home Cleaning Plan,cranfieldcg@freewebs.com,Not Applicable,0
lkiossel9b@cargocollective.com,Premium Transport Plan,khambridge6z@xing.com,Not Applicable,0
cbrennandjx@mayoclinic.com,Standard Life Insurance Plan,mbonnickg3@hubpages.com,Not Applicable,0
jcordell90@sakura.ne.jp,Economy Babysitting Plan,fstonemano4@sun.com,Not Applicable,0
aklimushev5p@marriott.com,Standard Device Insurance Plan,ahutleyql@umn.edu,Not Applicable,0
ehebden9t@paypal.com,Basic Internet Plan,msutordc@alexa.com,Not Applicable,0
rdezuani5k@blogs.com,Platinum Electricity Plan,ebillanya4@indiegogo.com,Not Applicable,0
mbaudyi4@walmart.com,Basic Health Insurance Plan,dgotlingrh@samsung.com,Not Applicable,0
hconklinnj@liveinternet.ru,Platinum Sewage Plan,aparlor12@etsy.com,Not Applicable,0
wshaylerbh@yelp.com,Economy Sewage Plan,lmicorl@ucoz.ru,Not Applicable,0
emcsporrinjr@macromedia.com,Premium Sewage Plan,fportail6v@xinhuanet.com,Not Applicable,0
ljehan6h@fastcompany.com,Basic Lawncare Plan,ccockaymecp@naver.com,Not Applicable,0
lricoald8n@printfriendly.com,Economy Sewage Plan,lmicorl@ucoz.ru,Not Applicable,0
lkiossel9b@cargocollective.com,Basic Sewage Plan,nsurrqp@meetup.com,Not Applicable,0
rczaplag6@ed.gov,Premium Home Cleaning Plan,badolfhv@taobao.com,Not Applicable,0
lmardlerc@tripod.com,Platinum Cellular Plan,fgillionbe@xrea.com,Not Applicable,0
whuntressby@scribd.com,Premium Home Cleaning Plan,badolfhv@taobao.com,Not Applicable,0
izutev@comcast.net,Premium Security Plan,hrickeard78@t-online.de,Not Applicable,0
sellgoodjy@deviantart.com,Standard Home Cleaning Plan,ifishlyc2@privacy.gov.au,Not Applicable,0
aandrichj0@google.it,Economy Transport Plan,ekaubischfo@spotify.com,Not Applicable,0
tmenchentonol@mapy.cz,Platinum Lawncare Plan,ccockaymecp@naver.com,Not Applicable,0
bpettisalldi@slideshare.net,Basic Cellular Plan,fgillionbe@xrea.com,Not Applicable,0
rzanninijo@ftc.gov,Platinum Sewage Plan,fportail6v@xinhuanet.com,Not Applicable,0
rtomblingdo@blogger.com,Platinum Gas Plan,gpiercylp@nydailynews.com,Not Applicable,0
oleamonl6@godaddy.com,Standard Home Cleaning Plan,bfeldbrin3p@newyorker.com,Not Applicable,0
ryashin1a@indiatimes.com,Premium Babysitting Plan,hyakunchikovdx@plala.or.jp,Not Applicable,0
jdaice9s@wiley.com,Premium Home Cleaning Plan,jmccuffierq@dailymail.co.uk,Not Applicable,0
bmccaughrenf9@state.gov,Platinum Electricity Plan,rnarisy@thetimes.co.uk,Not Applicable,0
rshaxbykg@vimeo.com,Economy Gas Plan,agenever5g@timesonline.co.uk,Not Applicable,0
rbaptistaga@icq.com,Standard Water Supply Plan,mlamswood53@trellian.com,Not Applicable,0
lguilaynn8@ed.gov,Basic Water Supply Plan,rarnoldr8@csmonitor.com,Not Applicable,0
mcrippill4y@aboutads.info,Basic Car Insurance Plan,ykinghamml@noaa.gov,Not Applicable,0
rhaireko@simplemachines.org,Standard Health Insurance Plan,sbarensnq@mit.edu,Not Applicable,0
hconklinnj@liveinternet.ru,Standard Health Insurance Plan,sjacsonf7@symantec.com,Not Applicable,0
arusbridge77@ihg.com,Platinum Cable Plan,mavrahamofff9@constantcontact.com,Not Applicable,0
ztante7j@ehow.com,Premium Gas Plan,agenever5g@timesonline.co.uk,Not Applicable,0
wcorckp4@paginegialle.it,Basic Home Insurance Plan,fmattausl0@wiley.com,Not Applicable,0
mbaudyi4@walmart.com,Premium Home Cleaning Plan,badolfhv@taobao.com,Not Applicable,0
lmatveiko8r@hc360.com,Standard Cellular Plan,lagassqs@mozilla.com,Not Applicable,0
ooulet6k@google.com.au,Premium Sewage Plan,kskipp7a@dyndns.org,Not Applicable,0
tmaffihx@dropbox.com,Premium Babysitting Plan,fstonemano4@sun.com,Not Applicable,0
tlifton9q@zdnet.com,Economy Gas Plan,agenever5g@timesonline.co.uk,Not Applicable,0
awegenercb@issuu.com,Platinum Electricity Plan,mtrinder6n@jigsy.com,Not Applicable,0
kchesley78@google.co.uk,Economy Device Insurance Plan,nmilroyg0@miitbeian.gov.cn,Not Applicable,0
lwarham1t@weather.com,Standard Device Insurance Plan,ahutleyql@umn.edu,Not Applicable,0
sswan7u@digg.com,Economy Home Cleaning Plan,jmccuffierq@dailymail.co.uk,Not Applicable,0
wcorckp4@paginegialle.it,Economy Health Insurance Plan,agenever5g@timesonline.co.uk,Not Applicable,0
esnookesln@buzzfeed.com,Basic Home Insurance Plan,ekarlik3q@networkadvertising.org,Not Applicable,0
aibbettc3@irs.gov,Economy Home Insurance Plan,jrosina3j@macromedia.com,Not Applicable,0
rnannizziia@ebay.co.uk,Economy Internet Plan,hbateman5e@gizmodo.com,Not Applicable,0
clamzedk7@gizmodo.com,Standard Home Cleaning Plan,badolfhv@taobao.com,Not Applicable,0
bvardencq@t-online.de,Basic Water Supply Plan,mlamswood53@trellian.com,Not Applicable,0
mquaintance4t@washingtonpost.com,Platinum Mortgage Plan,spaveloy@symantec.com,Not Applicable,0
egamen5@purevolume.com,Platinum Home Cleaning Plan,bfeldbrin3p@newyorker.com,Not Applicable,0
sbraddocko2@trellian.com,Basic Sewage Plan,fportail6v@xinhuanet.com,Not Applicable,0
hdeverr5@wp.com,Standard Health Insurance Plan,agenever5g@timesonline.co.uk,Not Applicable,0
tkezorcn@dailymotion.com,Standard Transport Plan,ekaubischfo@spotify.com,Not Applicable,0
