"Kuvalis, Borer and Shields",Eddie Bengoechea,Not Applicable,Basic Internet Plan,cdeanen6@comcast.net
"Cruickshank, Pouros and Effertz",Erick Bernucci,Not Applicable,Platinum Babysitting Plan,rmcbrearty11@deviantart.com
Corkery and Sons,Amata Measom,Not Applicable,Platinum Mortgage Plan,irendellfx@pbs.org
Haag-Bins,Maurita Scurry,Not Applicable,Basic Cellular Plan,lhammerbergert@github.com
"Hegmann, Reichert and Donnelly",Whittaker Brommage,Not Applicable,Economy Sewage Plan,hcurnokkq3@unc.edu
"Buckridge, Fay and Denesik",Rochette Grose,Not Applicable,Standard Security Plan,lletchie@jiathis.com
Pollich-Deckow,Karlyn Kirtlan,Not Applicable,Economy Gas Plan,ddikelindv@opera.com
MacGyver Inc,Kirby Tregear,Not Applicable,Economy Home Insurance Plan,wbatieok@deliciousdays.com
"Vandervort, Hirthe and Hirthe",Darleen Noseworthy,Not Applicable,Economy Sewage Plan,kbardwell2n@qq.com
Buckridge LLC,Nikolai Navein,Not Applicable,Platinum Home Cleaning Plan,ybiaggettirg@illinois.edu
Kihn-Nicolas,Ripley Brailsford,Not Applicable,Economy Life Insurance Plan,lkolyaginp9@wsj.com
"Maggio, Schiller and Gusikowski",Thaddus Truter,Not Applicable,Premium Home Insurance Plan,ccartmillni@illinois.edu
Considine-Schroeder,Dagny Breede,Not Applicable,Economy Health Insurance Plan,aandrichj0@google.it
Hansen-Torphy,Shirleen Brangan,Not Applicable,Economy Home Cleaning Plan,mgowen71@ezinearticles.com
"Crist, Stoltenberg and Kemmer",Hyatt Egdale,Not Applicable,Basic Water Supply Plan,mmingoaz@youtube.com
"Hermiston, Conroy and Waters",Penn Brabham,Not Applicable,Standard Mortgage Plan,sbraddocko2@trellian.com
Schowalter Inc,Lenci Koopman,Not Applicable,Standard Health Insurance Plan,gilemn@wikimedia.org
Dooley LLC,Orel Cloy,Not Applicable,Standard Health Insurance Plan,cmaskallaa@facebook.com
Corkery LLC,Arty Bernardet,Not Applicable,Premium Mortgage Plan,jguild2b@slashdot.org
"Koelpin, Hartmann and Zieme",Liana Powdrill,Not Applicable,Economy Electricity Plan,jdaice9s@wiley.com
"Gottlieb, Weber and Altenwerth",Stanford Prisk,Not Applicable,Standard Home Insurance Plan,wcorckp4@paginegialle.it
"Bartoletti, Stroman and Hoeger",Shelia Lukash,Not Applicable,Standard Home Insurance Plan,lgarrettsqr@redcross.org
Medhurst and Sons,Erminia Udie,Not Applicable,Basic Health Insurance Plan,alodevickip@google.com.au
Hyatt LLC,Ina Fleisch,Not Applicable,Basic Security Plan,rbaptistaga@icq.com
Mante and Sons,Hymie Coom,Not Applicable,Economy Babysitting Plan,dmurkinhr@economist.com
"Lang, Von and Orn",Wendall Stoffer,Not Applicable,Standard Sewage Plan,ngavrielli1z@netlog.com
Bailey-Hermann,Derwin Hollyland,Not Applicable,Standard Car Insurance Plan,lrebichonb8@home.pl
"Medhurst, Ullrich and Donnelly",Constantin Duchart,Not Applicable,Standard Home Cleaning Plan,dveltman3f@zimbio.com
Mraz-Thompson,Elva Shufflebotham,Not Applicable,Economy Electricity Plan,rskarra5@mtv.com
"Weimann, Upton and Walsh",Paige Sconce,Not Applicable,Basic Lawncare Plan,apablofy@amazon.de
"Graham, Nicolas and Cummerata",Jules Hanes,Not Applicable,Basic Mortgage Plan,ssyer63@privacy.gov.au
Goldner-Wilkinson,Sargent Radclyffe,Not Applicable,Economy Sewage Plan,bbeetham2p@amazon.co.jp
"Carroll, Hessel and Gleason",Electra Ilyushkin,Not Applicable,Standard Home Cleaning Plan,aweatherallf2@mozilla.org
Koepp Group,Fredric Boylan,Not Applicable,Standard Transport Plan,twarfield6c@cbsnews.com
Pollich-Deckow,Quintilla Prigg,Not Applicable,Economy Gas Plan,atortis87@alibaba.com
Crist and Sons,Alric Calltone,Not Applicable,Platinum Electricity Plan,arentoulds@google.it
Nitzsche Inc,Ciro Dawkes,Not Applicable,Standard Babysitting Plan,ssowtene8@msu.edu
Abernathy-Treutel,Zeb Nuth,Not Applicable,Premium Sewage Plan,lkiossel9b@cargocollective.com
"Flatley, Schaefer and Leuschke",Ivy Faust,Not Applicable,Standard Device Insurance Plan,cpenningtono9@prlog.org
Grant LLC,Fayette McReynold,Not Applicable,Platinum Home Cleaning Plan,dclayal@mlb.com
"Bartoletti, Blick and Torphy",Alisa Jayume,Not Applicable,Basic Cable Plan,givashnikov5i@skyrock.com
"Streich, Brakus and Flatley",Codi Pethrick,Not Applicable,Premium Gas Plan,vcashamih@behance.net
Nienow LLC,Sarina Rouse,Not Applicable,Standard Mortgage Plan,whuntressby@scribd.com
Wehner-McKenzie,Harrie Fillon,Not Applicable,Standard Water Supply Plan,aklarzynskint@google.ca
Wintheiser-Dibbert,Whittaker Brommage,Not Applicable,Standard Device Insurance Plan,hcurnokkq3@unc.edu
"Hand, Runte and MacGyver",Mab Andress,Not Applicable,Basic Transport Plan,weidlerqy@multiply.com
Swift-O'Hara,Drugi Spurriar,Not Applicable,Standard Cellular Plan,jdaice9s@wiley.com
"Hills, Medhurst and Wilkinson",Breanne Levett,Not Applicable,Premium Internet Plan,emcsporrinjr@macromedia.com
MacGyver-Conroy,Calvin Ellse,Not Applicable,Premium Electricity Plan,cgrishuninbn@bloglines.com
"Armstrong, Hickle and Harvey",Noellyn Cornford,Not Applicable,Basic Transport Plan,fsatford6t@fastcompany.com
Corkery LLC,Cullie Hadfield,Not Applicable,Standard Mortgage Plan,wstandering7v@friendfeed.com
"Vandervort, Hirthe and Hirthe",Camala Burwood,Not Applicable,Standard Sewage Plan,lhammerbergert@github.com
MacGyver-Conroy,Rog Yurinov,Not Applicable,Premium Electricity Plan,sskeggs9@naver.com
Nitzsche Inc,Fina Windross,Not Applicable,Premium Babysitting Plan,kchesley78@google.co.uk
Raynor LLC,Chico Scini,Not Applicable,Standard Health Insurance Plan,cfeilden7t@hhs.gov
Medhurst and Sons,Melania Ferrillio,Not Applicable,Platinum Health Insurance Plan,bdunphyfl@nps.gov
"Buckridge, Fay and Denesik",Flss Brockhouse,Not Applicable,Standard Security Plan,mgibbenet@princeton.edu
Bailey-Hermann,Skipper Reed,Not Applicable,Basic Car Insurance Plan,lcockleyec@cam.ac.uk
Corkery and Sons,Vikki Glastonbury,Not Applicable,Basic Mortgage Plan,tmaffihx@dropbox.com
Dooley LLC,Melisse Beckingham,Not Applicable,Economy Health Insurance Plan,aottewellm3@dailymotion.com
Crist and Sons,Lula Stammirs,Not Applicable,Economy Electricity Plan,kpetzoltr2@amazonaws.com
"Hegmann, Reichert and Donnelly",Dorise McCay,Not Applicable,Economy Sewage Plan,ktettah@dailymail.co.uk
"Medhurst, Ullrich and Donnelly",Ileana Storer,Not Applicable,Platinum Home Cleaning Plan,ewalentaqd@howstuffworks.com
Swift-O'Hara,Harriette Varlow,Not Applicable,Premium Cellular Plan,lcarvell1m@cargocollective.com
Koepp Group,Filberte Piggot,Not Applicable,Economy Transport Plan,dbeddow26@free.fr
"Kuvalis, Borer and Shields",Tonie Matteacci,Not Applicable,Economy Internet Plan,sfootittp1@wired.com
Wintheiser-Dibbert,Harald Birrel,Not Applicable,Platinum Device Insurance Plan,mgibbenet@princeton.edu
"Weimann, Upton and Walsh",Shandie Collerd,Not Applicable,Basic Lawncare Plan,mdowkerpi@europa.eu
"Koelpin, Hartmann and Zieme",Jeana Oppy,Not Applicable,Basic Electricity Plan,gkeetchdp@hostgator.com
"Streich, Brakus and Flatley",Chrissie Manclark,Not Applicable,Premium Gas Plan,vcashamih@behance.net
Abernathy-Treutel,Gustie Welfare,Not Applicable,Platinum Sewage Plan,bbartunekfd@cdbaby.com
Buckridge LLC,Janine Plail,Not Applicable,Basic Home Cleaning Plan,eboldenhk@nifty.com
"Gottlieb, Weber and Altenwerth",Diego Stopper,Not Applicable,Premium Home Insurance Plan,rnarracottlc@hp.com
"Graham, Nicolas and Cummerata",Lola MacNally,Not Applicable,Platinum Mortgage Plan,rfrays81@privacy.gov.au
Raynor LLC,Gil Auten,Not Applicable,Economy Health Insurance Plan,rraynoroj@clickbank.net
Nienow LLC,Nessy Dory,Not Applicable,Economy Mortgage Plan,fgurgeha@apache.org
"Bartoletti, Stroman and Hoeger",Irvine Gallienne,Not Applicable,Economy Home Insurance Plan,rnannizziia@ebay.co.uk
Hansen-Torphy,Fidelity Gellert,Not Applicable,Premium Home Cleaning Plan,ggrayleyij@phoca.cz
MacGyver Inc,Berkeley Papes,Not Applicable,Basic Home Insurance Plan,rdezuani5k@blogs.com
"Flatley, Schaefer and Leuschke",Clemente Impleton,Not Applicable,Basic Device Insurance Plan,rraynoroj@clickbank.net
Schowalter Inc,Burgess Geikie,Not Applicable,Premium Health Insurance Plan,hgreg8s@wunderground.com
Hyatt LLC,Therine Talman,Not Applicable,Premium Security Plan,bvallentin83@loc.gov
Mante and Sons,Alano Woloschinski,Not Applicable,Basic Babysitting Plan,rmoppett27@addtoany.com
"Hand, Runte and MacGyver",Trevor Dugan,Not Applicable,Premium Transport Plan,twarfield6c@cbsnews.com
"Maggio, Schiller and Gusikowski",Hendrik Gebby,Not Applicable,Standard Home Insurance Plan,rfrays81@privacy.gov.au
Haag-Bins,Lacie Cullity,Not Applicable,Basic Cellular Plan,oentres8b@behance.net
Wehner-McKenzie,Maurizia Savage,Not Applicable,Premium Water Supply Plan,rjurczykj7@xinhuanet.com
"Crist, Stoltenberg and Kemmer",Brandice Cheasman,Not Applicable,Premium Water Supply Plan,abanvilleid@state.gov
"Lang, Von and Orn",Romonda Bashford,Not Applicable,Platinum Sewage Plan,cbengtssonmt@sourceforge.net
Goldner-Wilkinson,Jere Hansley,Not Applicable,Basic Sewage Plan,mcanaanbf@census.gov
Grant LLC,Aurthur Pitsall,Not Applicable,Standard Home Cleaning Plan,aconing20@woothemes.com
"Armstrong, Hickle and Harvey",Glynnis Wiltshier,Not Applicable,Platinum Transport Plan,aibbettc3@irs.gov
Considine-Schroeder,Hyatt Egdale,Not Applicable,Platinum Health Insurance Plan,mmingoaz@youtube.com
Kihn-Nicolas,Jessica Ortega,Not Applicable,Standard Life Insurance Plan,jguild2b@slashdot.org
Mraz-Thompson,Cortney Forcade,Not Applicable,Premium Electricity Plan,rshaxbykg@vimeo.com
"Carroll, Hessel and Gleason",Riki Spensly,Not Applicable,Premium Home Cleaning Plan,cfeilden7t@hhs.gov
"Bartoletti, Blick and Torphy",Inna Duffett,Not Applicable,Basic Cable Plan,rpenkethjp@macromedia.com
"Hills, Medhurst and Wilkinson",Lola MacNally,Not Applicable,Basic Internet Plan,rfrays81@privacy.gov.au
"Cruickshank, Pouros and Effertz",Chrissy Squibbes,Not Applicable,Premium Babysitting Plan,llynnettp3@tamu.edu
"Hermiston, Conroy and Waters",Shay Woolbrook,Not Applicable,Platinum Mortgage Plan,dclayal@mlb.com
MacGyver-Conroy,Brendan Witchalls,Not Applicable,Basic Electricity Plan,arusbridge77@ihg.com
"Maggio, Schiller and Gusikowski",Lanette Gaines,Not Applicable,Standard Home Insurance Plan,acreak8f@auda.org.au
MacGyver Inc,Derk Kindleysides,Not Applicable,Standard Home Insurance Plan,bbeetham2p@amazon.co.jp
Koepp Group,Ina Bromley,Not Applicable,Economy Transport Plan,fantusch9w@twitter.com
Dooley LLC,Susette Tottem,Not Applicable,Basic Health Insurance Plan,gpurkispk@woothemes.com
"Armstrong, Hickle and Harvey",Sylvester Beyne,Not Applicable,Economy Transport Plan,nespinola4m@imdb.com
Corkery LLC,Zilvia Jacobovitz,Not Applicable,Platinum Mortgage Plan,cbrennandjx@mayoclinic.com
"Bartoletti, Blick and Torphy",Zara Ruffle,Not Applicable,Standard Cable Plan,jdaice9s@wiley.com
Buckridge LLC,Jules Hanes,Not Applicable,Premium Home Cleaning Plan,ssyer63@privacy.gov.au
"Vandervort, Hirthe and Hirthe",Emlyn Ravenscroft,Not Applicable,Standard Sewage Plan,schyuertonpr@fc2.com
Hansen-Torphy,Walther Dubique,Not Applicable,Premium Home Cleaning Plan,jcordell90@sakura.ne.jp
Kihn-Nicolas,Aleen Gready,Not Applicable,Standard Life Insurance Plan,scoppockei@slideshare.net
"Cruickshank, Pouros and Effertz",Barton Kail,Not Applicable,Standard Babysitting Plan,becclesaller@ustream.tv
Mante and Sons,Quintana Angrock,Not Applicable,Basic Babysitting Plan,rkaas1n@sphinn.com
Hyatt LLC,Hilly Giveen,Not Applicable,Platinum Security Plan,mbourgeoish6@flavors.me
"Gottlieb, Weber and Altenwerth",Rana Peppett,Not Applicable,Platinum Home Insurance Plan,grouchdm@vkontakte.ru
Corkery and Sons,Bengt Heliar,Not Applicable,Platinum Mortgage Plan,bbeetham2p@amazon.co.jp
Nienow LLC,Elbertine Shobbrook,Not Applicable,Premium Mortgage Plan,izutev@comcast.net
"Weimann, Upton and Walsh",Inez McGreal,Not Applicable,Standard Lawncare Plan,lmckennanre@privacy.gov.au
Haag-Bins,Halimeda Stapley,Not Applicable,Platinum Cellular Plan,kdressellpw@yelp.com
Medhurst and Sons,Alden Trude,Not Applicable,Premium Health Insurance Plan,bgrimwade47@forbes.com
"Crist, Stoltenberg and Kemmer",Freemon Hubbart,Not Applicable,Basic Water Supply Plan,mmobberleykf@ifeng.com
Abernathy-Treutel,Dyna Macek,Not Applicable,Basic Sewage Plan,ldeaconsonj1@samsung.com
Considine-Schroeder,Irvine Gallienne,Not Applicable,Standard Health Insurance Plan,rnannizziia@ebay.co.uk
Raynor LLC,Waylan Courtier,Not Applicable,Premium Health Insurance Plan,narlottlz@timesonline.co.uk
Goldner-Wilkinson,Daryn Nickoll,Not Applicable,Basic Sewage Plan,hbootherpz@meetup.com
Bailey-Hermann,Matthieu Skilling,Not Applicable,Basic Car Insurance Plan,lfassambx@plala.or.jp
Crist and Sons,Clarie Mohammed,Not Applicable,Basic Electricity Plan,csoot1k@skype.com
"Koelpin, Hartmann and Zieme",Olivette McMurrugh,Not Applicable,Economy Electricity Plan,ptriggs6f@constantcontact.com
Wehner-McKenzie,Kerwin Charteris,Not Applicable,Basic Water Supply Plan,fpeskettlp@youku.com
"Lang, Von and Orn",Susannah Yukhnini,Not Applicable,Economy Sewage Plan,vperriee3@sbwire.com
"Hills, Medhurst and Wilkinson",Ammamaria Luberti,Not Applicable,Premium Internet Plan,kchesley78@google.co.uk
Grant LLC,Nessy Dory,Not Applicable,Standard Home Cleaning Plan,fgurgeha@apache.org
"Hegmann, Reichert and Donnelly",Sasha Ruddle,Not Applicable,Standard Sewage Plan,ghousecroftgl@prnewswire.com
"Streich, Brakus and Flatley",Raphael Pattini,Not Applicable,Standard Gas Plan,efeatenby8i@theglobeandmail.com
Swift-O'Hara,Joana Liverseege,Not Applicable,Premium Cellular Plan,bwhistlecraft7o@theguardian.com
"Hermiston, Conroy and Waters",Hansiain Beert,Not Applicable,Premium Mortgage Plan,kchesley78@google.co.uk
"Medhurst, Ullrich and Donnelly",Pris Tinner,Not Applicable,Premium Home Cleaning Plan,rbaptistaga@icq.com
"Carroll, Hessel and Gleason",Marni Willmetts,Not Applicable,Standard Home Cleaning Plan,frosenauer97@blog.com
"Buckridge, Fay and Denesik",Goldy Merritt,Not Applicable,Premium Security Plan,egamen5@purevolume.com
"Graham, Nicolas and Cummerata",Rog Yurinov,Not Applicable,Basic Mortgage Plan,sskeggs9@naver.com
"Kuvalis, Borer and Shields",Maximilian Hayward,Not Applicable,Economy Internet Plan,jheddonpu@lulu.com
Mraz-Thompson,Egor Fetteplace,Not Applicable,Standard Electricity Plan,agyenes9e@people.com.cn
Nitzsche Inc,Benny Kubek,Not Applicable,Platinum Babysitting Plan,hcoileyo0@dmoz.org
Raynor LLC,Kerrie Miklem,Not Applicable,Economy Gas Plan,plabrumd@ezinearticles.com
"Hand, Runte and MacGyver",Aryn Hartlebury,Not Applicable,Premium Transport Plan,mgowen71@ezinearticles.com
Wintheiser-Dibbert,Dru Latty,Not Applicable,Platinum Device Insurance Plan,jhazeleymm@amazonaws.com
"Flatley, Schaefer and Leuschke",Whittaker Brommage,Not Applicable,Platinum Device Insurance Plan,hcurnokkq3@unc.edu
"Bartoletti, Stroman and Hoeger",Bran Filler,Not Applicable,Standard Home Insurance Plan,whuntressby@scribd.com
Schowalter Inc,Pris Tinner,Not Applicable,Economy Health Insurance Plan,rbaptistaga@icq.com
Crist and Sons,Hendrik Gebby,Not Applicable,Economy Electricity Plan,rfrays81@privacy.gov.au
"Gottlieb, Weber and Altenwerth",Joleen Raulston,Not Applicable,Basic Home Insurance Plan,rczaplag6@ed.gov
"Hand, Runte and MacGyver",Doti Gamon,Not Applicable,Platinum Transport Plan,cascrofte3g@mtv.com
Medhurst and Sons,Federica Humburton,Not Applicable,Basic Health Insurance Plan,ksmelley2q@salon.com
"Crist, Stoltenberg and Kemmer",Antin Licciardiello,Not Applicable,Basic Water Supply Plan,bvardencq@t-online.de
Mraz-Thompson,Jacky Drackford,Not Applicable,Premium Electricity Plan,cmounfield7q@goo.gl
Hyatt LLC,Selle Joselson,Not Applicable,Premium Security Plan,rlowtenfc@pen.io
Hansen-Torphy,Tailor Kalkhoven,Not Applicable,Premium Home Cleaning Plan,eweed54@bloglines.com
"Carroll, Hessel and Gleason",Eddie Bengoechea,Not Applicable,Economy Home Cleaning Plan,cdeanen6@comcast.net
Buckridge LLC,Godiva Ourry,Not Applicable,Platinum Home Cleaning Plan,athunderchiefm2@typepad.com
Abernathy-Treutel,Blaire Oldford,Not Applicable,Premium Sewage Plan,lbillsonht@fda.gov
"Kuvalis, Borer and Shields",Kelley Naden,Not Applicable,Economy Internet Plan,smarquesskp@aol.com
"Armstrong, Hickle and Harvey",Bernadine Parrin,Not Applicable,Basic Transport Plan,mlutwidge1g@ucoz.ru
"Graham, Nicolas and Cummerata",Dottie Metherell,Not Applicable,Standard Mortgage Plan,obeavorsl5@wired.com
"Hills, Medhurst and Wilkinson",Michale Grimsdyke,Not Applicable,Standard Internet Plan,mmobberleykf@ifeng.com
MacGyver-Conroy,Eva Roiz,Not Applicable,Platinum Electricity Plan,cfuzzardm5@ifeng.com
Nienow LLC,Vivianne Hannaby,Not Applicable,Economy Mortgage Plan,bbeartupm6@qq.com
"Bartoletti, Blick and Torphy",Faustine Morigan,Not Applicable,Basic Cable Plan,cloveguarda1@vinaora.com
Pollich-Deckow,Lily Bockmann,Not Applicable,Platinum Gas Plan,bnapletonl2@oakley.com
Pollich-Deckow,Howie Gummer,Not Applicable,Premium Health Insurance Plan,idusting38@ed.gov
"Cruickshank, Pouros and Effertz",Arabelle Franzotto,Not Applicable,Standard Babysitting Plan,fwoottonj3@desdev.cn
Corkery and Sons,Vanda Simonazzi,Not Applicable,Basic Mortgage Plan,cfurminger6@engadget.com
"Maggio, Schiller and Gusikowski",Jessica Ortega,Not Applicable,Basic Home Insurance Plan,jguild2b@slashdot.org
"Vandervort, Hirthe and Hirthe",Nils Humphries,Not Applicable,Platinum Sewage Plan,ghousecroftgl@prnewswire.com
Koepp Group,Natal Trulock,Not Applicable,Standard Transport Plan,apetterspn@e-recht24.de
Considine-Schroeder,Emmanuel Chilton,Not Applicable,Platinum Health Insurance Plan,syatesk@indiatimes.com
Wintheiser-Dibbert,Marrilee Swindells,Not Applicable,Premium Device Insurance Plan,dgrimblebya0@wix.com
"Flatley, Schaefer and Leuschke",Daron Rosengart,Not Applicable,Basic Device Insurance Plan,kkellarz@amazonaws.com
"Bartoletti, Stroman and Hoeger",Lura Arnholdt,Not Applicable,Economy Home Insurance Plan,jcordell90@sakura.ne.jp
"Lang, Von and Orn",Kandy Piffe,Not Applicable,Basic Sewage Plan,mdumphryoa@mozilla.org
"Hermiston, Conroy and Waters",Ezmeralda Chaperlin,Not Applicable,Platinum Mortgage Plan,sswan7u@digg.com
Haag-Bins,Chandler Houtbie,Not Applicable,Basic Cellular Plan,lfrankens@pcworld.com
Kihn-Nicolas,Carlotta Pearn,Not Applicable,Economy Life Insurance Plan,llynnettp3@tamu.edu
Nitzsche Inc,Talbert Baskeyfied,Not Applicable,Basic Babysitting Plan,apetterspn@e-recht24.de
"Buckridge, Fay and Denesik",Yehudit Breadmore,Not Applicable,Basic Security Plan,kgagerbb@uiuc.edu
"Weimann, Upton and Walsh",Ignazio Muckart,Not Applicable,Standard Lawncare Plan,jprimaroloqv@purevolume.com
Mante and Sons,Saba Spohrmann,Not Applicable,Platinum Babysitting Plan,kmayburyiq@yahoo.com
Wehner-McKenzie,Almeda Sliman,Not Applicable,Premium Water Supply Plan,eboldenhk@nifty.com
Schowalter Inc,Yehudit Breadmore,Not Applicable,Standard Health Insurance Plan,kgagerbb@uiuc.edu
Bailey-Hermann,Avery Bolus,Not Applicable,Economy Car Insurance Plan,idusting38@ed.gov
"Streich, Brakus and Flatley",Hansiain Beert,Not Applicable,Standard Gas Plan,kchesley78@google.co.uk
Corkery LLC,Becki Maffei,Not Applicable,Premium Mortgage Plan,ltoffel68@weibo.com
Goldner-Wilkinson,Isidor Pocklington,Not Applicable,Economy Sewage Plan,gwhistlecraft2i@storify.com
Swift-O'Hara,Frederick Sambells,Not Applicable,Standard Cellular Plan,gkobeltgz@wired.com
Grant LLC,Babette Virgin,Not Applicable,Economy Home Cleaning Plan,irendellfx@pbs.org
"Koelpin, Hartmann and Zieme",Orion Hatchell,Not Applicable,Premium Electricity Plan,lletchie@jiathis.com
"Medhurst, Ullrich and Donnelly",Barbee Itzhaki,Not Applicable,Premium Home Cleaning Plan,rjurczykj7@xinhuanet.com
Dooley LLC,Lissie Palister,Not Applicable,Economy Health Insurance Plan,codonohue40@tuttocitta.it
"Hegmann, Reichert and Donnelly",Ray Seth,Not Applicable,Economy Sewage Plan,nsowle6b@nationalgeographic.com
MacGyver Inc,Fabio Chasmoor,Not Applicable,Economy Home Insurance Plan,hkurtis2s@phpbb.com
Haag-Bins,Charmane Varvell,Not Applicable,Premium Cellular Plan,ztante7j@ehow.com
MacGyver Inc,Eduino Flay,Not Applicable,Basic Home Insurance Plan,mdowkerpi@europa.eu
Hansen-Torphy,Willy Theurer,Not Applicable,Standard Home Cleaning Plan,gharmantql@bluehost.com
Corkery LLC,Golda Busen,Not Applicable,Basic Mortgage Plan,schyuertonpr@fc2.com
Corkery and Sons,Parsifal Daniely,Not Applicable,Platinum Mortgage Plan,nbitchenerp5@themeforest.net
"Armstrong, Hickle and Harvey",Geneva Okroy,Not Applicable,Basic Transport Plan,kpettingillqp@usatoday.com
"Buckridge, Fay and Denesik",Godiva Bridges,Not Applicable,Economy Security Plan,evedenyakin3k@ox.ac.uk
Goldner-Wilkinson,Robert Sommersett,Not Applicable,Economy Sewage Plan,sscogginsfz@buzzfeed.com
"Hegmann, Reichert and Donnelly",Meta Bursnoll,Not Applicable,Economy Sewage Plan,ebogaysig@webnode.com
Dooley LLC,Goraud Pearce,Not Applicable,Economy Health Insurance Plan,cfuzzardm5@ifeng.com
"Graham, Nicolas and Cummerata",Ardenia Mostyn,Not Applicable,Platinum Mortgage Plan,trudramd0@shareasale.com
Nienow LLC,Sarena Jakes,Not Applicable,Premium Mortgage Plan,tayrs7i@w3.org
Crist and Sons,Lorrie Amaya,Not Applicable,Premium Electricity Plan,toloinnbt@multiply.com
Raynor LLC,Kyle Bemrose,Not Applicable,Standard Health Insurance Plan,ksmelley2q@salon.com
Grant LLC,Danya Kendell,Not Applicable,Standard Home Cleaning Plan,rtomblingdo@blogger.com
"Lang, Von and Orn",Doug Dowley,Not Applicable,Economy Sewage Plan,bbeetham2p@amazon.co.jp
Mante and Sons,Miguela Skae,Not Applicable,Premium Babysitting Plan,hmacknielyo4@yandex.ru
"Medhurst, Ullrich and Donnelly",Wallie Whiteson,Not Applicable,Basic Home Cleaning Plan,kmcdavidh2@skype.com
MacGyver-Conroy,Pat McGibbon,Not Applicable,Basic Electricity Plan,rkaas1n@sphinn.com
Hyatt LLC,Nessie Nother,Not Applicable,Premium Security Plan,kmacgeenk@bbb.org
"Crist, Stoltenberg and Kemmer",Quinn Kitchinham,Not Applicable,Basic Water Supply Plan,kpetzoltr2@amazonaws.com
"Cruickshank, Pouros and Effertz",Joana Liverseege,Not Applicable,Premium Babysitting Plan,bwhistlecraft7o@theguardian.com
"Hills, Medhurst and Wilkinson",Wendall Stoffer,Not Applicable,Premium Internet Plan,ngavrielli1z@netlog.com
Nitzsche Inc,Scotti Stother,Not Applicable,Premium Babysitting Plan,bwinesd3@newsvine.com
Mraz-Thompson,Iver Sherme,Not Applicable,Economy Electricity Plan,njimsonfk@ed.gov
Considine-Schroeder,Archer Clyde,Not Applicable,Standard Health Insurance Plan,cilling6y@wired.com
Wehner-McKenzie,Erinn Hebbron,Not Applicable,Standard Water Supply Plan,hdemseyi7@ed.gov
Buckridge LLC,Morris Patershall,Not Applicable,Premium Home Cleaning Plan,aklimushev5p@marriott.com
Abernathy-Treutel,Inna Roseburgh,Not Applicable,Platinum Sewage Plan,roddboyri@java.com
Schowalter Inc,Zechariah Trimme,Not Applicable,Premium Health Insurance Plan,nsquirrellj9@washingtonpost.com
"Hermiston, Conroy and Waters",Fabian Burbank,Not Applicable,Platinum Mortgage Plan,lwellingaw@who.int
Swift-O'Hara,Franklin Brimman,Not Applicable,Economy Cellular Plan,bgoodreadqw@edublogs.org
Medhurst and Sons,Melba Champkins,Not Applicable,Premium Health Insurance Plan,bdunphyfl@nps.gov
Bailey-Hermann,Orella Ducrow,Not Applicable,Basic Car Insurance Plan,wcreamfr@weather.com
Pollich-Deckow,Lib Lawtie,Not Applicable,Platinum Health Insurance Plan,esnookesln@buzzfeed.com
"Kuvalis, Borer and Shields",Marion Sillito,Not Applicable,Economy Internet Plan,hmacklamqa@biblegateway.com
"Koelpin, Hartmann and Zieme",Rosamund Dunkerk,Not Applicable,Platinum Electricity Plan,kcumberledge6v@foxnews.com
Wintheiser-Dibbert,Enos Bamforth,Not Applicable,Standard Device Insurance Plan,pbayldon8q@mozilla.org
"Flatley, Schaefer and Leuschke",Brice Kunert,Not Applicable,Platinum Device Insurance Plan,lmardlerc@tripod.com
"Vandervort, Hirthe and Hirthe",Erinn Goseling,Not Applicable,Platinum Sewage Plan,wshaylerbh@yelp.com
"Hand, Runte and MacGyver",Seana Franies,Not Applicable,Basic Transport Plan,mtate1u@dyndns.org
"Bartoletti, Blick and Torphy",Ellette Eeles,Not Applicable,Standard Cable Plan,ndouglassjm@nytimes.com
"Gottlieb, Weber and Altenwerth",Chicky Vasilov,Not Applicable,Economy Home Insurance Plan,tdibiagi5e@umn.edu
"Streich, Brakus and Flatley",Cordi Colley,Not Applicable,Platinum Gas Plan,gundyqc@independent.co.uk
"Maggio, Schiller and Gusikowski",Sheff Woolfoot,Not Applicable,Premium Home Insurance Plan,gbeachamp2j@marketwatch.com
"Carroll, Hessel and Gleason",Astrid Halleday,Not Applicable,Standard Home Cleaning Plan,cmourantbe@go.com
"Bartoletti, Stroman and Hoeger",Bennie Wabey,Not Applicable,Economy Home Insurance Plan,fpeskettlp@youku.com
"Weimann, Upton and Walsh",Trey Leadley,Not Applicable,Basic Lawncare Plan,jleblanc5a@utexas.edu
Kihn-Nicolas,Berkie Dybbe,Not Applicable,Premium Life Insurance Plan,lrivelin46@amazon.co.uk
Koepp Group,Alison Lacky,Not Applicable,Standard Transport Plan,izutev@comcast.net
Corkery LLC,Maurie Goman,Not Applicable,Economy Mortgage Plan,tkezorcn@dailymotion.com
Koepp Group,Lenna Baulch,Not Applicable,Economy Transport Plan,pdavidsene1@taobao.com
Grant LLC,Andree Nipper,Not Applicable,Basic Home Cleaning Plan,ooulet6k@google.com.au
Goldner-Wilkinson,Alla Eckford,Not Applicable,Basic Sewage Plan,pbenthamld@domainmarket.com
"Maggio, Schiller and Gusikowski",Janetta Yonge,Not Applicable,Premium Home Insurance Plan,kpardewf4@ucoz.com
Wehner-McKenzie,Angeli Chappelow,Not Applicable,Economy Water Supply Plan,acreak8f@auda.org.au
Abernathy-Treutel,Shadow Le Barre,Not Applicable,Platinum Sewage Plan,kmadre42@apache.org
MacGyver Inc,Ashlan Orta,Not Applicable,Standard Home Insurance Plan,kmattocksis@economist.com
"Buckridge, Fay and Denesik",Alano Woloschinski,Not Applicable,Platinum Security Plan,rmoppett27@addtoany.com
"Carroll, Hessel and Gleason",Kristo Dyson,Not Applicable,Economy Home Cleaning Plan,apavesemq@paypal.com
"Bartoletti, Stroman and Hoeger",Violet Tonn,Not Applicable,Premium Home Insurance Plan,vperriee3@sbwire.com
"Weimann, Upton and Walsh",Carolee Poznanski,Not Applicable,Platinum Lawncare Plan,troakesbs@npr.org
"Crist, Stoltenberg and Kemmer",Gino Tritten,Not Applicable,Basic Water Supply Plan,wcreamfr@weather.com
Schowalter Inc,Tallie Andrat,Not Applicable,Economy Health Insurance Plan,tguillart4n@nih.gov
"Lang, Von and Orn",Morris Patershall,Not Applicable,Economy Sewage Plan,aklimushev5p@marriott.com
Medhurst and Sons,Candida Braitling,Not Applicable,Premium Health Insurance Plan,ljehan6h@fastcompany.com
Corkery and Sons,Terry Theuss,Not Applicable,Platinum Mortgage Plan,femneyl4@vinaora.com
"Koelpin, Hartmann and Zieme",Merl Galgey,Not Applicable,Basic Electricity Plan,mgianneschima@soundcloud.com
Mraz-Thompson,Hogan Craxford,Not Applicable,Premium Electricity Plan,mongink2@aboutads.info
"Kuvalis, Borer and Shields",Eloise Clowsley,Not Applicable,Economy Internet Plan,ckyston0@ning.com
"Hermiston, Conroy and Waters",Daria Skouling,Not Applicable,Standard Mortgage Plan,ktettah@dailymail.co.uk
Mante and Sons,Fidelity Kerry,Not Applicable,Economy Babysitting Plan,nespinola4m@imdb.com
Wintheiser-Dibbert,Katti Loughney,Not Applicable,Platinum Device Insurance Plan,ewalentaqd@howstuffworks.com
Buckridge LLC,Tonie Matteacci,Not Applicable,Basic Home Cleaning Plan,sfootittp1@wired.com
Dooley LLC,Tedie Marcombe,Not Applicable,Standard Health Insurance Plan,everlindefi@google.ru
"Vandervort, Hirthe and Hirthe",Breena Whittington,Not Applicable,Premium Sewage Plan,cloveguarda1@vinaora.com
Bailey-Hermann,Fayette Bearne,Not Applicable,Platinum Car Insurance Plan,ryashin1a@indiatimes.com
Swift-O'Hara,Reynard Brownlie,Not Applicable,Premium Cellular Plan,aryamls@networkadvertising.org
Nitzsche Inc,Reggie Gunny,Not Applicable,Platinum Babysitting Plan,abygottny@moonfruit.com
Haag-Bins,Jany Elfleet,Not Applicable,Basic Cellular Plan,bpettisalldi@slideshare.net
"Bartoletti, Blick and Torphy",Alla Eckford,Not Applicable,Premium Cable Plan,pbenthamld@domainmarket.com
Pollich-Deckow,Bran Filler,Not Applicable,Platinum Health Insurance Plan,whuntressby@scribd.com
"Hand, Runte and MacGyver",Maryanna Boater,Not Applicable,Premium Transport Plan,rskarra5@mtv.com
"Flatley, Schaefer and Leuschke",Seana Franies,Not Applicable,Economy Device Insurance Plan,mtate1u@dyndns.org
"Hills, Medhurst and Wilkinson",Gray Hanbidge,Not Applicable,Standard Internet Plan,mmctrustyky@samsung.com
Kihn-Nicolas,Kerwin Huckfield,Not Applicable,Platinum Life Insurance Plan,dbrisardo1@addthis.com
MacGyver-Conroy,Clarie Mohammed,Not Applicable,Basic Electricity Plan,csoot1k@skype.com
Hansen-Torphy,Catha Solly,Not Applicable,Standard Home Cleaning Plan,tguillart4n@nih.gov
"Hegmann, Reichert and Donnelly",Jere Hansley,Not Applicable,Basic Sewage Plan,mcanaanbf@census.gov
Pollich-Deckow,Pail Curtiss,Not Applicable,Platinum Gas Plan,nkorn7f@skyrock.com
Hyatt LLC,Whitney Daldry,Not Applicable,Basic Security Plan,ccholoninja@artisteer.com
Crist and Sons,Maighdiln Scrogges,Not Applicable,Basic Electricity Plan,aovittsjg@ning.com
"Armstrong, Hickle and Harvey",Irita Gotling,Not Applicable,Platinum Transport Plan,abygottny@moonfruit.com
"Medhurst, Ullrich and Donnelly",Esma Ditchett,Not Applicable,Premium Home Cleaning Plan,bpettisalldi@slideshare.net
Nienow LLC,Lola Pettiward,Not Applicable,Economy Mortgage Plan,gkarlsenoz@scientificamerican.com
"Streich, Brakus and Flatley",Erinn Hebbron,Not Applicable,Platinum Gas Plan,hdemseyi7@ed.gov
Considine-Schroeder,Becca Berzins,Not Applicable,Platinum Health Insurance Plan,lmardlerc@tripod.com
"Gottlieb, Weber and Altenwerth",Portie Graalman,Not Applicable,Economy Home Insurance Plan,bgrimwade47@forbes.com
"Graham, Nicolas and Cummerata",Wylma Tesh,Not Applicable,Platinum Mortgage Plan,mcraytonhi@ca.gov
"Cruickshank, Pouros and Effertz",Arlin Fidilis,Not Applicable,Economy Babysitting Plan,lcarvell1m@cargocollective.com
"Vandervort, Hirthe and Hirthe",Roberto Kemme,Not Applicable,Economy Sewage Plan,jchetwin3u@nationalgeographic.com
Mante and Sons,Huntington Lesurf,Not Applicable,Basic Babysitting Plan,bwhistlecraft7o@theguardian.com
Wehner-McKenzie,Crystal Becaris,Not Applicable,Basic Water Supply Plan,lwarham1t@weather.com
"Maggio, Schiller and Gusikowski",Joya Witton,Not Applicable,Basic Home Insurance Plan,cghidini1j@vkontakte.ru
Hansen-Torphy,Roderic Castellini,Not Applicable,Standard Home Cleaning Plan,ccartmillni@illinois.edu
Considine-Schroeder,Orelee Scarth,Not Applicable,Standard Health Insurance Plan,mumanbo@slate.com
"Hills, Medhurst and Wilkinson",Austin Gounod,Not Applicable,Basic Internet Plan,whuntressby@scribd.com
Goldner-Wilkinson,Esra Schettini,Not Applicable,Economy Sewage Plan,lallinhc@csmonitor.com
"Cruickshank, Pouros and Effertz",Risa Ronaghan,Not Applicable,Platinum Babysitting Plan,marterc9@narod.ru
"Hegmann, Reichert and Donnelly",Ellene Quesne,Not Applicable,Premium Sewage Plan,dkerijt@php.net
"Koelpin, Hartmann and Zieme",Walther Dubique,Not Applicable,Platinum Electricity Plan,jcordell90@sakura.ne.jp
Medhurst and Sons,Dannel McArthur,Not Applicable,Basic Health Insurance Plan,abanvilleid@state.gov
"Hermiston, Conroy and Waters",Gibb Snasdell,Not Applicable,Platinum Mortgage Plan,abeakea2@homestead.com
"Carroll, Hessel and Gleason",Sharla Kittles,Not Applicable,Premium Home Cleaning Plan,marterc9@narod.ru
Crist and Sons,Audre Copper,Not Applicable,Basic Electricity Plan,jbrilleman1y@pinterest.com
Buckridge LLC,Lelah Shawell,Not Applicable,Basic Home Cleaning Plan,pstagge8g@goodreads.com
Corkery LLC,Aldous Normanville,Not Applicable,Platinum Mortgage Plan,swhithorn8u@51.la
"Graham, Nicolas and Cummerata",Zeb Botfield,Not Applicable,Standard Mortgage Plan,mtate1u@dyndns.org
"Crist, Stoltenberg and Kemmer",Gregoire Cogle,Not Applicable,Basic Water Supply Plan,lnobbsf6@google.pl
MacGyver-Conroy,Arabella Leades,Not Applicable,Premium Electricity Plan,eaugierm@a8.net
Pollich-Deckow,Dannie Agney,Not Applicable,Platinum Gas Plan,sbraddocko2@trellian.com
"Flatley, Schaefer and Leuschke",Hillary Wyllis,Not Applicable,Standard Device Insurance Plan,dternottme@smh.com.au
"Armstrong, Hickle and Harvey",Wilt Aspin,Not Applicable,Premium Transport Plan,lvicentg7@canalblog.com
Bailey-Hermann,Townie Sessuns,Not Applicable,Standard Car Insurance Plan,rmcclevertyou@com.com
Mraz-Thompson,Kelsey Halling,Not Applicable,Standard Electricity Plan,cpriddlej@apple.com
Nienow LLC,Therine Code,Not Applicable,Standard Mortgage Plan,nsowle6b@nationalgeographic.com
Swift-O'Hara,Nigel Wands,Not Applicable,Standard Cellular Plan,bdunphyfl@nps.gov
"Lang, Von and Orn",Gerry Foxten,Not Applicable,Platinum Sewage Plan,llynnettp3@tamu.edu
"Hand, Runte and MacGyver",Joela Benois,Not Applicable,Standard Transport Plan,rcastrillolg@paypal.com
Dooley LLC,Buckie Bartolomeoni,Not Applicable,Economy Health Insurance Plan,sswan7u@digg.com
"Streich, Brakus and Flatley",Palmer Willarton,Not Applicable,Premium Gas Plan,cfullbrookh0@ca.gov
Koepp Group,Jorrie Cordeau],Not Applicable,Standard Transport Plan,jaguirrezabalakk@youku.com
"Medhurst, Ullrich and Donnelly",Dorie Vallender,Not Applicable,Premium Home Cleaning Plan,bnapletonl2@oakley.com
Abernathy-Treutel,Alaric Libbis,Not Applicable,Standard Sewage Plan,asteablerlm@miibeian.gov.cn
Schowalter Inc,Trent Bonafant,Not Applicable,Economy Health Insurance Plan,sbern3b@accuweather.com
Wintheiser-Dibbert,Lindsay Gooderridge,Not Applicable,Standard Device Insurance Plan,bdohrmannch@aol.com
Grant LLC,Veronika Tuttle,Not Applicable,Standard Home Cleaning Plan,mbaudyi4@walmart.com
Hyatt LLC,Karla McComish,Not Applicable,Platinum Security Plan,dternottme@smh.com.au
Nitzsche Inc,Cirillo Gossage,Not Applicable,Platinum Babysitting Plan,fjoratf8@tamu.edu
Kihn-Nicolas,Breena Whittington,Not Applicable,Platinum Life Insurance Plan,cloveguarda1@vinaora.com
"Weimann, Upton and Walsh",Luelle Dunne,Not Applicable,Basic Lawncare Plan,sscogginsfz@buzzfeed.com
Corkery and Sons,Rosalynd Knell,Not Applicable,Basic Mortgage Plan,ccorington2m@aol.com
"Kuvalis, Borer and Shields",Salmon Gillam,Not Applicable,Standard Internet Plan,everlindefi@google.ru
Raynor LLC,Caresse Jost,Not Applicable,Premium Gas Plan,pandinofj@jugem.jp
"Bartoletti, Stroman and Hoeger",Gino Tritten,Not Applicable,Premium Home Insurance Plan,wcreamfr@weather.com
"Bartoletti, Blick and Torphy",Dyna Macek,Not Applicable,Standard Cable Plan,ldeaconsonj1@samsung.com
Haag-Bins,Robina Pizzie,Not Applicable,Platinum Cellular Plan,dveltman3f@zimbio.com
MacGyver Inc,Becca Berzins,Not Applicable,Basic Home Insurance Plan,lmardlerc@tripod.com
"Gottlieb, Weber and Altenwerth",Reese Triggle,Not Applicable,Basic Home Insurance Plan,mbaudyi4@walmart.com
"Buckridge, Fay and Denesik",Camellia Matskevich,Not Applicable,Premium Security Plan,tlifton9q@zdnet.com
"Maggio, Schiller and Gusikowski",Alf Fairholme,Not Applicable,Economy Home Insurance Plan,jdaice9s@wiley.com
"Kuvalis, Borer and Shields",Carlyn Wake,Not Applicable,Economy Internet Plan,sdoak4p@tinypic.com
Hyatt LLC,Larissa Ilchuk,Not Applicable,Premium Security Plan,rloble7m@stanford.edu
Swift-O'Hara,Roley Joy,Not Applicable,Economy Cellular Plan,mgrimmolby8k@nhs.uk
"Buckridge, Fay and Denesik",Coop York,Not Applicable,Basic Security Plan,ddikelindv@opera.com
Grant LLC,Iormina O'Cridigan,Not Applicable,Platinum Home Cleaning Plan,lwellingaw@who.int
Crist and Sons,Pavlov Skottle,Not Applicable,Premium Electricity Plan,athunderchiefm2@typepad.com
"Gottlieb, Weber and Altenwerth",Tremayne Blunderfield,Not Applicable,Standard Home Insurance Plan,lfrankens@pcworld.com
"Medhurst, Ullrich and Donnelly",Nessy Dory,Not Applicable,Basic Home Cleaning Plan,fgurgeha@apache.org
"Graham, Nicolas and Cummerata",Nikkie Gadney,Not Applicable,Economy Mortgage Plan,lmatveiko8r@hc360.com
"Crist, Stoltenberg and Kemmer",Ernestine Regis,Not Applicable,Economy Water Supply Plan,vperriee3@sbwire.com
Pollich-Deckow,Nonah McInally,Not Applicable,Premium Gas Plan,rbegind6@usatoday.com
"Bartoletti, Blick and Torphy",Ellette Eeles,Not Applicable,Basic Cable Plan,ndouglassjm@nytimes.com
Bailey-Hermann,Jere Hansley,Not Applicable,Economy Car Insurance Plan,mcanaanbf@census.gov
Considine-Schroeder,Tracie Falconer-Taylor,Not Applicable,Basic Health Insurance Plan,mcrippill4y@aboutads.info
Mraz-Thompson,Clotilda Butterwick,Not Applicable,Basic Electricity Plan,rculmer9a@omniture.com
MacGyver-Conroy,Sharla Kittles,Not Applicable,Platinum Electricity Plan,marterc9@narod.ru
"Hegmann, Reichert and Donnelly",Christi Smolan,Not Applicable,Premium Sewage Plan,frubartellih8@walmart.com
Kihn-Nicolas,Cherida Stigell,Not Applicable,Premium Life Insurance Plan,gglastonbury5l@flickr.com
Haag-Bins,Emmeline Pryell,Not Applicable,Premium Cellular Plan,mgianneschima@soundcloud.com
"Cruickshank, Pouros and Effertz",Quinn Kitchinham,Not Applicable,Basic Babysitting Plan,kpetzoltr2@amazonaws.com
Wehner-McKenzie,Araldo Colthurst,Not Applicable,Economy Water Supply Plan,cnewlandsin@cafepress.com
Goldner-Wilkinson,Therine Talman,Not Applicable,Standard Sewage Plan,bvallentin83@loc.gov
"Koelpin, Hartmann and Zieme",Alfons Snar,Not Applicable,Platinum Electricity Plan,psamuelskt@jugem.jp
Corkery and Sons,Esteban Cordey,Not Applicable,Basic Mortgage Plan,lfassambx@plala.or.jp
MacGyver Inc,Kingston Overstall,Not Applicable,Economy Home Insurance Plan,gfrancombev@thetimes.co.uk
Schowalter Inc,Meara Dutton,Not Applicable,Economy Health Insurance Plan,anapoleone15@ifeng.com
"Bartoletti, Stroman and Hoeger",Brooks Ivey,Not Applicable,Premium Home Insurance Plan,lrebichonb8@home.pl
"Weimann, Upton and Walsh",Nalani Currell,Not Applicable,Economy Lawncare Plan,lmardlerc@tripod.com
"Armstrong, Hickle and Harvey",Penni Zoren,Not Applicable,Economy Transport Plan,akinforth1w@ted.com
"Lang, Von and Orn",Janine Plail,Not Applicable,Premium Sewage Plan,eboldenhk@nifty.com
Wintheiser-Dibbert,Ewan Seawell,Not Applicable,Platinum Device Insurance Plan,lcockleyec@cam.ac.uk
"Streich, Brakus and Flatley",Talbert Baskeyfied,Not Applicable,Platinum Gas Plan,apetterspn@e-recht24.de
Corkery LLC,Eddie Bengoechea,Not Applicable,Platinum Mortgage Plan,cdeanen6@comcast.net
Medhurst and Sons,Eb Lovie,Not Applicable,Basic Health Insurance Plan,rdezuani5k@blogs.com
"Carroll, Hessel and Gleason",Selle Joselson,Not Applicable,Premium Home Cleaning Plan,rlowtenfc@pen.io
"Hills, Medhurst and Wilkinson",Ham Kanwell,Not Applicable,Standard Internet Plan,tfrancecioneai@cafepress.com
Nitzsche Inc,Gerrilee Ranvoise,Not Applicable,Standard Babysitting Plan,akenyon2u@engadget.com
Dooley LLC,Garik Delort,Not Applicable,Economy Health Insurance Plan,thanigan6j@icq.com
"Hermiston, Conroy and Waters",Trisha Tevlin,Not Applicable,Premium Mortgage Plan,lkolyaginp9@wsj.com
"Vandervort, Hirthe and Hirthe",Norbie Devereux,Not Applicable,Platinum Sewage Plan,mbaudyi4@walmart.com
Pollich-Deckow,Kirby Benech,Not Applicable,Economy Gas Plan,hmacklamqa@biblegateway.com
"Hand, Runte and MacGyver",Lexine Peppin,Not Applicable,Basic Transport Plan,amanvelljl@squidoo.com
Hansen-Torphy,Liva Chatelot,Not Applicable,Standard Home Cleaning Plan,nsiggens4l@tinyurl.com
Buckridge LLC,Ham Kanwell,Not Applicable,Premium Home Cleaning Plan,tfrancecioneai@cafepress.com
Nienow LLC,Carlin Behan,Not Applicable,Economy Mortgage Plan,rcastrillolg@paypal.com
"Flatley, Schaefer and Leuschke",Kerrie Miklem,Not Applicable,Basic Device Insurance Plan,plabrumd@ezinearticles.com
Abernathy-Treutel,Sandra Kornyshev,Not Applicable,Standard Sewage Plan,ldeaconsonj1@samsung.com
Koepp Group,Amelina Filippone,Not Applicable,Platinum Transport Plan,vbrydonlo@freewebs.com
Mante and Sons,Jere Hansley,Not Applicable,Basic Babysitting Plan,mcanaanbf@census.gov
"Carroll, Hessel and Gleason",Allyn Antonietti,Not Applicable,Economy Home Cleaning Plan,ebuessengd@fotki.com
"Hand, Runte and MacGyver",Welch Deroche,Not Applicable,Basic Transport Plan,scurnnok3e@jalbum.net
Swift-O'Hara,Florance Duignan,Not Applicable,Premium Cellular Plan,nlarganag@wisc.edu
Buckridge LLC,Raoul O'Nion,Not Applicable,Basic Home Cleaning Plan,csoot1k@skype.com
Schowalter Inc,Lynda Dayborne,Not Applicable,Economy Health Insurance Plan,ztante7j@ehow.com
Considine-Schroeder,Carri Miskimmon,Not Applicable,Economy Health Insurance Plan,gtyrie33@answers.com
Dooley LLC,Stearne Piegrome,Not Applicable,Standard Health Insurance Plan,bwinesd3@newsvine.com
Haag-Bins,Clarie Mohammed,Not Applicable,Platinum Cellular Plan,csoot1k@skype.com
"Lang, Von and Orn",Heriberto Mosdill,Not Applicable,Standard Sewage Plan,cnewlandsin@cafepress.com
Kihn-Nicolas,Jeff Deadman,Not Applicable,Economy Life Insurance Plan,pdavidsene1@taobao.com
"Crist, Stoltenberg and Kemmer",Kirsten Grigoriev,Not Applicable,Platinum Water Supply Plan,lschruyernm@1688.com
"Vandervort, Hirthe and Hirthe",Bevon O'Sharkey,Not Applicable,Premium Sewage Plan,eaugierm@a8.net
Wintheiser-Dibbert,Reggie Crate,Not Applicable,Platinum Device Insurance Plan,kmacgeenk@bbb.org
Corkery LLC,Bengt Heliar,Not Applicable,Platinum Mortgage Plan,bbeetham2p@amazon.co.jp
Mante and Sons,Gabriel Saywood,Not Applicable,Basic Babysitting Plan,vperriee3@sbwire.com
"Maggio, Schiller and Gusikowski",Gordy Prophet,Not Applicable,Premium Home Insurance Plan,cgoulterpl@ucsd.edu
"Bartoletti, Stroman and Hoeger",Idalia Garstan,Not Applicable,Premium Home Insurance Plan,mbynelu@vimeo.com
MacGyver-Conroy,Shelia Lukash,Not Applicable,Basic Electricity Plan,lgarrettsqr@redcross.org
"Streich, Brakus and Flatley",Leticia Salkeld,Not Applicable,Premium Gas Plan,cfullbrookh0@ca.gov
"Medhurst, Ullrich and Donnelly",Nalani Currell,Not Applicable,Platinum Home Cleaning Plan,lmardlerc@tripod.com
Pollich-Deckow,Mord Peagrim,Not Applicable,Platinum Gas Plan,rpenkethjp@macromedia.com
"Graham, Nicolas and Cummerata",Shandie Takle,Not Applicable,Economy Mortgage Plan,sdiapercf@mail.ru
Grant LLC,Iver Sherme,Not Applicable,Premium Home Cleaning Plan,njimsonfk@ed.gov
Goldner-Wilkinson,Rayna Ridesdale,Not Applicable,Basic Sewage Plan,dkerijt@php.net
Hyatt LLC,Adelind Barnicott,Not Applicable,Economy Security Plan,gkobeltgz@wired.com
"Buckridge, Fay and Denesik",Robina Pizzie,Not Applicable,Basic Security Plan,dveltman3f@zimbio.com
"Bartoletti, Blick and Torphy",Lavina Wonfar,Not Applicable,Basic Cable Plan,ccorington2m@aol.com
Koepp Group,Federica Humburton,Not Applicable,Standard Transport Plan,ksmelley2q@salon.com
Raynor LLC,Horst Boocock,Not Applicable,Economy Gas Plan,epilgram7l@jimdo.com
Wehner-McKenzie,Pierson Bouldon,Not Applicable,Standard Water Supply Plan,mgianneschima@soundcloud.com
"Gottlieb, Weber and Altenwerth",Hyatt Egdale,Not Applicable,Economy Home Insurance Plan,mmingoaz@youtube.com
Mraz-Thompson,Matthieu Skilling,Not Applicable,Standard Electricity Plan,lfassambx@plala.or.jp
Hansen-Torphy,Quintus Goude,Not Applicable,Premium Home Cleaning Plan,fshivelli5@123-reg.co.uk
"Hermiston, Conroy and Waters",Lenette Bentame,Not Applicable,Premium Mortgage Plan,aryamls@networkadvertising.org
"Koelpin, Hartmann and Zieme",Waite Cast,Not Applicable,Economy Electricity Plan,nbitchenerp5@themeforest.net
Medhurst and Sons,Therine Code,Not Applicable,Basic Health Insurance Plan,nsowle6b@nationalgeographic.com
"Armstrong, Hickle and Harvey",Brigid Geard,Not Applicable,Platinum Transport Plan,gilemn@wikimedia.org
Corkery and Sons,Zara Ruffle,Not Applicable,Basic Mortgage Plan,jdaice9s@wiley.com
"Kuvalis, Borer and Shields",Keely Jerrams,Not Applicable,Economy Internet Plan,rtomblingdo@blogger.com
Bailey-Hermann,Kean Card,Not Applicable,Standard Car Insurance Plan,lallinhc@csmonitor.com
"Cruickshank, Pouros and Effertz",Earlie Ballefant,Not Applicable,Basic Babysitting Plan,cigog5@blogs.com
"Weimann, Upton and Walsh",Freddy Steagall,Not Applicable,Standard Lawncare Plan,ljehan6h@fastcompany.com
"Hills, Medhurst and Wilkinson",Anton O'Rourke,Not Applicable,Economy Internet Plan,rkaas1n@sphinn.com
"Flatley, Schaefer and Leuschke",Brenna Dunbavin,Not Applicable,Standard Device Insurance Plan,etweedy6x@cmu.edu
Crist and Sons,Yvonne White,Not Applicable,Premium Electricity Plan,lkiossel9b@cargocollective.com
Abernathy-Treutel,Howard Linder,Not Applicable,Economy Sewage Plan,troakesbs@npr.org
Nitzsche Inc,Patty Misken,Not Applicable,Platinum Babysitting Plan,kkellarz@amazonaws.com
"Hegmann, Reichert and Donnelly",Harwilll Diggar,Not Applicable,Basic Sewage Plan,givashnikov5i@skyrock.com
MacGyver Inc,Carolee Poznanski,Not Applicable,Premium Home Insurance Plan,troakesbs@npr.org
Nienow LLC,Florrie Godilington,Not Applicable,Economy Mortgage Plan,hmariangp@amazonaws.com
"Graham, Nicolas and Cummerata",Janet Milburn,Not Applicable,Standard Mortgage Plan,ebogaysig@webnode.com
"Hegmann, Reichert and Donnelly",Barton Kail,Not Applicable,Premium Sewage Plan,becclesaller@ustream.tv
Wehner-McKenzie,Liva Chatelot,Not Applicable,Economy Water Supply Plan,nsiggens4l@tinyurl.com
"Bartoletti, Blick and Torphy",Muriel Scales,Not Applicable,Premium Cable Plan,jleblanc5a@utexas.edu
Corkery LLC,Claudia Hyde-Chambers,Not Applicable,Economy Mortgage Plan,dgress8e@go.com
"Cruickshank, Pouros and Effertz",Natalina Jaume,Not Applicable,Standard Babysitting Plan,wliptrotkc@weather.com
"Maggio, Schiller and Gusikowski",Skippy Prout,Not Applicable,Standard Home Insurance Plan,dbrisardo1@addthis.com
Hansen-Torphy,Brendan Witchalls,Not Applicable,Economy Home Cleaning Plan,arusbridge77@ihg.com
Goldner-Wilkinson,Roddie Isakson,Not Applicable,Basic Sewage Plan,kbardwell2n@qq.com
"Flatley, Schaefer and Leuschke",Ham Kanwell,Not Applicable,Standard Device Insurance Plan,tfrancecioneai@cafepress.com
Dooley LLC,Sasha Esmonde,Not Applicable,Economy Health Insurance Plan,bdohrmannch@aol.com
"Carroll, Hessel and Gleason",Marion Sillito,Not Applicable,Basic Home Cleaning Plan,hmacklamqa@biblegateway.com
"Medhurst, Ullrich and Donnelly",Carri Tilly,Not Applicable,Standard Home Cleaning Plan,aandrichj0@google.it
"Gottlieb, Weber and Altenwerth",Shellie Muffitt,Not Applicable,Economy Home Insurance Plan,kmattocksis@economist.com
Schowalter Inc,Leanora Huguet,Not Applicable,Basic Health Insurance Plan,lmatveiko8r@hc360.com
Raynor LLC,Caresse Jost,Not Applicable,Standard Health Insurance Plan,pandinofj@jugem.jp
Mraz-Thompson,Averyl Mourge,Not Applicable,Economy Electricity Plan,aklimushev5p@marriott.com
"Streich, Brakus and Flatley",Jedidiah Polhill,Not Applicable,Standard Gas Plan,mscowenmz@sogou.com
"Kuvalis, Borer and Shields",Shelley Strawbridge,Not Applicable,Economy Internet Plan,mtate1u@dyndns.org
Bailey-Hermann,Carlyn Wake,Not Applicable,Premium Car Insurance Plan,sdoak4p@tinypic.com
Nienow LLC,Jennifer Tavener,Not Applicable,Platinum Mortgage Plan,ktettah@dailymail.co.uk
Considine-Schroeder,Rivkah Surgood,Not Applicable,Economy Health Insurance Plan,mbynelu@vimeo.com
"Hand, Runte and MacGyver",Jody Danelutti,Not Applicable,Basic Transport Plan,fjoratf8@tamu.edu
Wintheiser-Dibbert,Breena Whittington,Not Applicable,Standard Device Insurance Plan,cloveguarda1@vinaora.com
Swift-O'Hara,Lissie Palister,Not Applicable,Premium Cellular Plan,codonohue40@tuttocitta.it
Pollich-Deckow,Erick Bernucci,Not Applicable,Premium Gas Plan,rmcbrearty11@deviantart.com
"Lang, Von and Orn",Carolan Tummond,Not Applicable,Standard Sewage Plan,sbearfoothj@gov.uk
"Crist, Stoltenberg and Kemmer",Nichole Gorvin,Not Applicable,Economy Water Supply Plan,scoppockei@slideshare.net
Grant LLC,Dru Latty,Not Applicable,Platinum Home Cleaning Plan,jhazeleymm@amazonaws.com
"Bartoletti, Stroman and Hoeger",Bailie Jewel,Not Applicable,Economy Home Insurance Plan,emcsporrinjr@macromedia.com
Buckridge LLC,Freddie Simnell,Not Applicable,Economy Home Cleaning Plan,eboldenhk@nifty.com
Nitzsche Inc,Roxana Blaycock,Not Applicable,Standard Babysitting Plan,ggorickqm@theatlantic.com
"Vandervort, Hirthe and Hirthe",Buckie Bartolomeoni,Not Applicable,Economy Sewage Plan,sswan7u@digg.com
"Hermiston, Conroy and Waters",Menard O'Tierney,Not Applicable,Standard Mortgage Plan,apetrelloll@fc2.com
Abernathy-Treutel,Philis Chatell,Not Applicable,Basic Sewage Plan,apavesemq@paypal.com
MacGyver-Conroy,Hogan Craxford,Not Applicable,Basic Electricity Plan,mongink2@aboutads.info
Mante and Sons,Bartlet Northin,Not Applicable,Premium Babysitting Plan,ssclater57@cargocollective.com
Kihn-Nicolas,Ninon Crebott,Not Applicable,Premium Life Insurance Plan,lwarham1t@weather.com
"Hills, Medhurst and Wilkinson",Shelley Strawbridge,Not Applicable,Basic Internet Plan,mtate1u@dyndns.org
"Buckridge, Fay and Denesik",Wendall Stoffer,Not Applicable,Economy Security Plan,ngavrielli1z@netlog.com
"Weimann, Upton and Walsh",Flss Brockhouse,Not Applicable,Basic Lawncare Plan,mgibbenet@princeton.edu
Crist and Sons,Cortney Forcade,Not Applicable,Premium Electricity Plan,rshaxbykg@vimeo.com
"Armstrong, Hickle and Harvey",Alric Calltone,Not Applicable,Premium Transport Plan,arentoulds@google.it
Corkery and Sons,Electra Ilyushkin,Not Applicable,Platinum Mortgage Plan,aweatherallf2@mozilla.org
"Koelpin, Hartmann and Zieme",Lib Lawtie,Not Applicable,Platinum Electricity Plan,esnookesln@buzzfeed.com
Haag-Bins,Jedidiah Polhill,Not Applicable,Platinum Cellular Plan,mscowenmz@sogou.com
MacGyver Inc,Rhianon Debell,Not Applicable,Standard Home Insurance Plan,sbraddocko2@trellian.com
Koepp Group,Camellia Matskevich,Not Applicable,Standard Transport Plan,tlifton9q@zdnet.com
Medhurst and Sons,Maurita Scurry,Not Applicable,Platinum Health Insurance Plan,lhammerbergert@github.com
Hyatt LLC,Saba Spohrmann,Not Applicable,Premium Security Plan,kmayburyiq@yahoo.com
"Kuvalis, Borer and Shields",Kaiser Arlow,Not Applicable,Basic Internet Plan,sswan7u@digg.com
MacGyver-Conroy,Eduino Flay,Not Applicable,Basic Electricity Plan,mdowkerpi@europa.eu
Wehner-McKenzie,Sloane Pomeroy,Not Applicable,Basic Water Supply Plan,ohutchence70@blogtalkradio.com
"Streich, Brakus and Flatley",Dominick Laight,Not Applicable,Standard Gas Plan,cgoulterpl@ucsd.edu
Corkery and Sons,Nelie Goldby,Not Applicable,Premium Mortgage Plan,tguillart4n@nih.gov
"Hills, Medhurst and Wilkinson",Mirna Bletso,Not Applicable,Basic Internet Plan,smccartneyem@topsy.com
Grant LLC,Kirsteni Reek,Not Applicable,Standard Home Cleaning Plan,mblampiedhn@wix.com
"Cruickshank, Pouros and Effertz",Liana Powdrill,Not Applicable,Premium Babysitting Plan,jdaice9s@wiley.com
Haag-Bins,Cymbre Vasentsov,Not Applicable,Standard Cellular Plan,nsherrard9j@t.co
"Armstrong, Hickle and Harvey",Cynde Delion,Not Applicable,Basic Transport Plan,cgarthshorek4@bigcartel.com
Dooley LLC,Jacob Lipprose,Not Applicable,Standard Health Insurance Plan,mgowen71@ezinearticles.com
Bailey-Hermann,Eolanda Filtness,Not Applicable,Basic Car Insurance Plan,roddboyri@java.com
"Graham, Nicolas and Cummerata",Jessalin Tooth,Not Applicable,Platinum Mortgage Plan,ksmelley2q@salon.com
"Vandervort, Hirthe and Hirthe",Kale Beardsley,Not Applicable,Standard Sewage Plan,rlowtenfc@pen.io
Mraz-Thompson,Barbee Itzhaki,Not Applicable,Basic Electricity Plan,rjurczykj7@xinhuanet.com
"Hegmann, Reichert and Donnelly",Jedediah Rangeley,Not Applicable,Basic Sewage Plan,aibbettc3@irs.gov
"Flatley, Schaefer and Leuschke",Putnem Morter,Not Applicable,Standard Device Insurance Plan,djenceyqg@theguardian.com
Hyatt LLC,Hulda Assad,Not Applicable,Economy Security Plan,rbaptistaga@icq.com
Schowalter Inc,Janet Milburn,Not Applicable,Standard Health Insurance Plan,ebogaysig@webnode.com
"Weimann, Upton and Walsh",Ernestine Regis,Not Applicable,Platinum Lawncare Plan,vperriee3@sbwire.com
"Lang, Von and Orn",Penni Zoren,Not Applicable,Premium Sewage Plan,akinforth1w@ted.com
Koepp Group,Menard O'Tierney,Not Applicable,Economy Transport Plan,apetrelloll@fc2.com
"Gottlieb, Weber and Altenwerth",Dorise Paulson,Not Applicable,Basic Home Insurance Plan,nwoodington1l@lycos.com
"Bartoletti, Stroman and Hoeger",Jasmina Renny,Not Applicable,Standard Home Insurance Plan,rhaireko@simplemachines.org
Abernathy-Treutel,Townie Sessuns,Not Applicable,Economy Sewage Plan,rmcclevertyou@com.com
Goldner-Wilkinson,Jackelyn Laybourn,Not Applicable,Standard Sewage Plan,hconklinnj@liveinternet.ru
Crist and Sons,Munroe MacWilliam,Not Applicable,Premium Electricity Plan,ssciacovelli4s@amazon.com
"Bartoletti, Blick and Torphy",Freemon Hubbart,Not Applicable,Basic Cable Plan,mmobberleykf@ifeng.com
Nienow LLC,Natala Inns,Not Applicable,Premium Mortgage Plan,ngiggcs@bigcartel.com
"Medhurst, Ullrich and Donnelly",Howie Gummer,Not Applicable,Basic Home Cleaning Plan,idusting38@ed.gov
"Hermiston, Conroy and Waters",Calvin Ellse,Not Applicable,Platinum Mortgage Plan,cgrishuninbn@bloglines.com
Pollich-Deckow,Dolorita Eady,Not Applicable,Basic Gas Plan,dgrimblebya0@wix.com
Medhurst and Sons,Loren Castelain,Not Applicable,Basic Health Insurance Plan,jbrilleman1y@pinterest.com
Considine-Schroeder,Rosamund Dunkerk,Not Applicable,Platinum Health Insurance Plan,kcumberledge6v@foxnews.com
Buckridge LLC,Mamie Lansberry,Not Applicable,Premium Home Cleaning Plan,trudramd0@shareasale.com
Nitzsche Inc,Carlyn Wake,Not Applicable,Platinum Babysitting Plan,sdoak4p@tinypic.com
Mante and Sons,Marline Haffenden,Not Applicable,Economy Babysitting Plan,lcockleyec@cam.ac.uk
"Maggio, Schiller and Gusikowski",Tabor Jako,Not Applicable,Standard Home Insurance Plan,zjull2x@privacy.gov.au
MacGyver Inc,Marni Willmetts,Not Applicable,Economy Home Insurance Plan,frosenauer97@blog.com
"Koelpin, Hartmann and Zieme",Jerry Spens,Not Applicable,Premium Electricity Plan,rwatkissc@dell.com
Kihn-Nicolas,Esra Schettini,Not Applicable,Platinum Life Insurance Plan,lallinhc@csmonitor.com
Wintheiser-Dibbert,Reggie Crate,Not Applicable,Platinum Device Insurance Plan,kmacgeenk@bbb.org
Corkery LLC,Dulcine Hugill,Not Applicable,Premium Mortgage Plan,ddikelindv@opera.com
"Carroll, Hessel and Gleason",Tracy Mardell,Not Applicable,Economy Home Cleaning Plan,jaguirrezabalakk@youku.com
"Buckridge, Fay and Denesik",Bernie Jonin,Not Applicable,Basic Security Plan,whuntressby@scribd.com
"Hand, Runte and MacGyver",Marijn Bagnell,Not Applicable,Premium Transport Plan,npriddy4w@bloomberg.com
Swift-O'Hara,Pamela Nice,Not Applicable,Premium Cellular Plan,bgoodreadqw@edublogs.org
Raynor LLC,Scotti Stother,Not Applicable,Basic Gas Plan,bwinesd3@newsvine.com
Hansen-Torphy,Vikki Glastonbury,Not Applicable,Premium Home Cleaning Plan,tmaffihx@dropbox.com
"Crist, Stoltenberg and Kemmer",Chaim Gilham,Not Applicable,Economy Water Supply Plan,jleblanc5a@utexas.edu
MacGyver Inc,Idalina Mabbitt,Not Applicable,Premium Home Insurance Plan,ybiaggettirg@illinois.edu
"Medhurst, Ullrich and Donnelly",Alisha Dransfield,Not Applicable,Basic Home Cleaning Plan,sskeggs9@naver.com
Medhurst and Sons,Aloise Edwin,Not Applicable,Premium Health Insurance Plan,tcroall0@infoseek.co.jp
Bailey-Hermann,Larine Buxcey,Not Applicable,Economy Car Insurance Plan,tayrs7i@w3.org
"Weimann, Upton and Walsh",Enos Bamforth,Not Applicable,Standard Lawncare Plan,pbayldon8q@mozilla.org
"Bartoletti, Stroman and Hoeger",Frank Hatzar,Not Applicable,Premium Home Insurance Plan,tmaffihx@dropbox.com
"Armstrong, Hickle and Harvey",Sharla Kittles,Not Applicable,Economy Transport Plan,marterc9@narod.ru
"Hand, Runte and MacGyver",Colver Craighead,Not Applicable,Standard Transport Plan,csandars2v@indiegogo.com
Raynor LLC,Joana Liverseege,Not Applicable,Economy Gas Plan,bwhistlecraft7o@theguardian.com
"Hermiston, Conroy and Waters",Kristofer Hayne,Not Applicable,Premium Mortgage Plan,smccartneyem@topsy.com
Kihn-Nicolas,Filberte Piggot,Not Applicable,Premium Life Insurance Plan,dbeddow26@free.fr
"Streich, Brakus and Flatley",Meta Bursnoll,Not Applicable,Standard Gas Plan,ebogaysig@webnode.com
"Cruickshank, Pouros and Effertz",Ernestine Regis,Not Applicable,Premium Babysitting Plan,vperriee3@sbwire.com
Schowalter Inc,Natal Trulock,Not Applicable,Basic Health Insurance Plan,apetterspn@e-recht24.de
Dooley LLC,Franklin Brimman,Not Applicable,Standard Health Insurance Plan,bgoodreadqw@edublogs.org
Corkery and Sons,Fayette Bearne,Not Applicable,Platinum Mortgage Plan,ryashin1a@indiatimes.com
"Graham, Nicolas and Cummerata",Viola Shorrock,Not Applicable,Basic Mortgage Plan,wbatieok@deliciousdays.com
Mraz-Thompson,Evita Cotterel,Not Applicable,Standard Electricity Plan,oentres8b@behance.net
Swift-O'Hara,Kacie Pardi,Not Applicable,Standard Cellular Plan,tkezorcn@dailymotion.com
"Lang, Von and Orn",Evita Cotterel,Not Applicable,Standard Sewage Plan,oentres8b@behance.net
"Bartoletti, Blick and Torphy",Horst Boocock,Not Applicable,Platinum Cable Plan,epilgram7l@jimdo.com
Grant LLC,Anissa MacFadzean,Not Applicable,Platinum Home Cleaning Plan,ssowtene8@msu.edu
Hansen-Torphy,Carri Tilly,Not Applicable,Economy Home Cleaning Plan,aandrichj0@google.it
"Hegmann, Reichert and Donnelly",De witt Shemming,Not Applicable,Premium Sewage Plan,cassercg@ftc.gov
Buckridge LLC,Olivette McMurrugh,Not Applicable,Basic Home Cleaning Plan,ptriggs6f@constantcontact.com
Wintheiser-Dibbert,Frans Walcher,Not Applicable,Basic Device Insurance Plan,nkorn7f@skyrock.com
Corkery LLC,Ruthi Fairbairn,Not Applicable,Standard Mortgage Plan,fgurgeha@apache.org
"Crist, Stoltenberg and Kemmer",Harwilll Diggar,Not Applicable,Platinum Water Supply Plan,givashnikov5i@skyrock.com
"Gottlieb, Weber and Altenwerth",Lenci Koopman,Not Applicable,Standard Home Insurance Plan,gilemn@wikimedia.org
MacGyver-Conroy,Sheila-kathryn Edelman,Not Applicable,Standard Electricity Plan,tscammondency@wufoo.com
"Kuvalis, Borer and Shields",Araldo Colthurst,Not Applicable,Economy Internet Plan,cnewlandsin@cafepress.com
"Maggio, Schiller and Gusikowski",Freddy Steagall,Not Applicable,Standard Home Insurance Plan,ljehan6h@fastcompany.com
Koepp Group,Andree Nipper,Not Applicable,Economy Transport Plan,ooulet6k@google.com.au
Crist and Sons,Karoly Cholmondeley,Not Applicable,Basic Electricity Plan,ggorickqm@theatlantic.com
Mante and Sons,Darcie Gianilli,Not Applicable,Platinum Babysitting Plan,rzanninijo@ftc.gov
Hyatt LLC,Bari Rawles,Not Applicable,Standard Security Plan,ebuttrickmx@washingtonpost.com
Considine-Schroeder,Lucio Sidnall,Not Applicable,Standard Health Insurance Plan,cgrishuninbn@bloglines.com
Abernathy-Treutel,Kelley Naden,Not Applicable,Basic Sewage Plan,smarquesskp@aol.com
Raynor LLC,Alva Bottjer,Not Applicable,Basic Health Insurance Plan,jguild2b@slashdot.org
Nienow LLC,Tiebold Slaght,Not Applicable,Premium Mortgage Plan,edouberday39@altervista.org
Haag-Bins,Fidelity Kerry,Not Applicable,Platinum Cellular Plan,nespinola4m@imdb.com
"Flatley, Schaefer and Leuschke",Delly Addenbrooke,Not Applicable,Platinum Device Insurance Plan,psamuelskt@jugem.jp
"Koelpin, Hartmann and Zieme",Erna Leuty,Not Applicable,Basic Electricity Plan,tdentonkv@oracle.com
Nitzsche Inc,Miner Kinsman,Not Applicable,Platinum Babysitting Plan,bdonisiiw@joomla.org
"Hills, Medhurst and Wilkinson",Amelina Filippone,Not Applicable,Premium Internet Plan,vbrydonlo@freewebs.com
Wehner-McKenzie,Joana Liverseege,Not Applicable,Economy Water Supply Plan,bwhistlecraft7o@theguardian.com
"Carroll, Hessel and Gleason",Dex Piddle,Not Applicable,Standard Home Cleaning Plan,hcurnokkq3@unc.edu
"Buckridge, Fay and Denesik",Verine Grayson,Not Applicable,Premium Security Plan,ghousecroftgl@prnewswire.com
"Vandervort, Hirthe and Hirthe",Lorrie Dutson,Not Applicable,Premium Sewage Plan,bettery74@posterous.com
Goldner-Wilkinson,Alisa Jayume,Not Applicable,Basic Sewage Plan,givashnikov5i@skyrock.com
Goldner-Wilkinson,Sayers O'Loughane,Not Applicable,Standard Sewage Plan,ewalentaqd@howstuffworks.com
Hansen-Torphy,Shawna Wicken,Not Applicable,Basic Home Cleaning Plan,cmounfield7q@goo.gl
MacGyver-Conroy,Raoul O'Nion,Not Applicable,Premium Electricity Plan,csoot1k@skype.com
"Gottlieb, Weber and Altenwerth",Lela Novelli,Not Applicable,Standard Home Insurance Plan,twehner3w@joomla.org
"Buckridge, Fay and Denesik",Rahal Devinn,Not Applicable,Standard Security Plan,tbourkel3@hugedomains.com
MacGyver Inc,Arne Janoch,Not Applicable,Economy Home Insurance Plan,gwhistlecraft2i@storify.com
Crist and Sons,Gaspard Siflet,Not Applicable,Basic Electricity Plan,hdemseyi7@ed.gov
"Kuvalis, Borer and Shields",Averil Marfe,Not Applicable,Platinum Internet Plan,njimsonfk@ed.gov
"Vandervort, Hirthe and Hirthe",Adelind Barnicott,Not Applicable,Economy Sewage Plan,gkobeltgz@wired.com
Koepp Group,Gwyneth Nend,Not Applicable,Premium Transport Plan,ehebden9t@paypal.com
Bailey-Hermann,Emilie Adair,Not Applicable,Basic Car Insurance Plan,swhithorn8u@51.la
Buckridge LLC,Parsifal Daniely,Not Applicable,Economy Home Cleaning Plan,nbitchenerp5@themeforest.net
Nienow LLC,Gale Cleere,Not Applicable,Economy Mortgage Plan,wshaylerbh@yelp.com
Mante and Sons,Earlie Ballefant,Not Applicable,Basic Babysitting Plan,cigog5@blogs.com
Haag-Bins,Marion Sillito,Not Applicable,Platinum Cellular Plan,hmacklamqa@biblegateway.com
Corkery LLC,Ruthe O'Shea,Not Applicable,Economy Mortgage Plan,cilling6y@wired.com
"Carroll, Hessel and Gleason",Liva Chatelot,Not Applicable,Economy Home Cleaning Plan,nsiggens4l@tinyurl.com
"Weimann, Upton and Walsh",Jimmie Wills,Not Applicable,Basic Lawncare Plan,mbaudyi4@walmart.com
"Lang, Von and Orn",Rubetta Knowlden,Not Applicable,Standard Sewage Plan,swhithorn8u@51.la
Considine-Schroeder,Egor Fetteplace,Not Applicable,Basic Health Insurance Plan,agyenes9e@people.com.cn
"Maggio, Schiller and Gusikowski",Cointon Aizikovich,Not Applicable,Standard Home Insurance Plan,kpardewf4@ucoz.com
"Hand, Runte and MacGyver",Larissa Ilchuk,Not Applicable,Standard Transport Plan,rloble7m@stanford.edu
Kihn-Nicolas,Abbie Lasseter,Not Applicable,Economy Life Insurance Plan,rdezuani5k@blogs.com
Corkery and Sons,Shellie Muffitt,Not Applicable,Platinum Mortgage Plan,kmattocksis@economist.com
Pollich-Deckow,Howie Gummer,Not Applicable,Economy Health Insurance Plan,idusting38@ed.gov
Hyatt LLC,Mamie Ferminger,Not Applicable,Economy Security Plan,hjarreda8@microsoft.com
Wehner-McKenzie,Trisha Tevlin,Not Applicable,Standard Water Supply Plan,lkolyaginp9@wsj.com
"Armstrong, Hickle and Harvey",Hillary Wyllis,Not Applicable,Premium Transport Plan,dternottme@smh.com.au
"Bartoletti, Stroman and Hoeger",Clemente Footer,Not Applicable,Economy Home Insurance Plan,kbardwell2n@qq.com
Abernathy-Treutel,Miguela Skae,Not Applicable,Economy Sewage Plan,hmacknielyo4@yandex.ru
"Hills, Medhurst and Wilkinson",Reynolds Kennelly,Not Applicable,Premium Internet Plan,sellgoodjy@deviantart.com
Grant LLC,Pavlov Skottle,Not Applicable,Premium Home Cleaning Plan,athunderchiefm2@typepad.com
Raynor LLC,Electra Ilyushkin,Not Applicable,Premium Gas Plan,aweatherallf2@mozilla.org
Nitzsche Inc,Walther Dubique,Not Applicable,Standard Babysitting Plan,jcordell90@sakura.ne.jp
"Hegmann, Reichert and Donnelly",Corene Nial,Not Applicable,Economy Sewage Plan,cascrofte3g@mtv.com
"Medhurst, Ullrich and Donnelly",Mona Bewfield,Not Applicable,Platinum Home Cleaning Plan,mgrimmolby8k@nhs.uk
Wintheiser-Dibbert,Darleen Noseworthy,Not Applicable,Basic Device Insurance Plan,kbardwell2n@qq.com
Medhurst and Sons,Rogers Medley,Not Applicable,Basic Health Insurance Plan,cmaskallaa@facebook.com
"Streich, Brakus and Flatley",Jeremiah Bramah,Not Applicable,Standard Gas Plan,abygottny@moonfruit.com
"Crist, Stoltenberg and Kemmer",Siegfried Fasham,Not Applicable,Platinum Water Supply Plan,cpatriche73@cbsnews.com
"Graham, Nicolas and Cummerata",Bone Jakubczyk,Not Applicable,Premium Mortgage Plan,rpulhameo@pagesperso-orange.fr
"Hermiston, Conroy and Waters",Alane Baskerfield,Not Applicable,Platinum Mortgage Plan,vcashamih@behance.net
"Cruickshank, Pouros and Effertz",Adriano Paynes,Not Applicable,Economy Babysitting Plan,kpetzoltr2@amazonaws.com
Mraz-Thompson,Lola MacNally,Not Applicable,Premium Electricity Plan,rfrays81@privacy.gov.au
Dooley LLC,Ilse Schulz,Not Applicable,Economy Health Insurance Plan,akenyon2u@engadget.com
"Koelpin, Hartmann and Zieme",Ingamar Perel,Not Applicable,Premium Electricity Plan,rraynoroj@clickbank.net
"Bartoletti, Blick and Torphy",Maddie Le Teve,Not Applicable,Premium Cable Plan,cstapley9i@salon.com
Schowalter Inc,Cherri Braunroth,Not Applicable,Standard Health Insurance Plan,ssowtene8@msu.edu
"Flatley, Schaefer and Leuschke",Walther Dubique,Not Applicable,Standard Device Insurance Plan,jcordell90@sakura.ne.jp
Swift-O'Hara,Lucky McNay,Not Applicable,Standard Cellular Plan,nmottinigf@privacy.gov.au
Pollich-Deckow,Berenice Di Baudi,Not Applicable,Economy Health Insurance Plan,mfrango96@histats.com
"Hegmann, Reichert and Donnelly",Dusty Farington,Not Applicable,Basic Sewage Plan,eaugierm@a8.net
"Armstrong, Hickle and Harvey",Ina Fleisch,Not Applicable,Platinum Transport Plan,rbaptistaga@icq.com
Hansen-Torphy,Wylma Tesh,Not Applicable,Economy Home Cleaning Plan,mcraytonhi@ca.gov
Corkery and Sons,Eb Lovie,Not Applicable,Platinum Mortgage Plan,rdezuani5k@blogs.com
Mraz-Thompson,Quintilla Prigg,Not Applicable,Economy Electricity Plan,atortis87@alibaba.com
Wintheiser-Dibbert,Mellicent Cuxson,Not Applicable,Basic Device Insurance Plan,awegenercb@issuu.com
Medhurst and Sons,Jarrid Piddlehinton,Not Applicable,Economy Health Insurance Plan,ngiggcs@bigcartel.com
"Weimann, Upton and Walsh",Essa Silkstone,Not Applicable,Basic Lawncare Plan,touldcottr9@psu.edu
"Carroll, Hessel and Gleason",Win Priscott,Not Applicable,Premium Home Cleaning Plan,bgrentil@shinystat.com
"Vandervort, Hirthe and Hirthe",Babette Virgin,Not Applicable,Premium Sewage Plan,irendellfx@pbs.org
"Hermiston, Conroy and Waters",Almeda Sliman,Not Applicable,Platinum Mortgage Plan,eboldenhk@nifty.com
Corkery LLC,Luigi Lynnitt,Not Applicable,Economy Mortgage Plan,psamuelskt@jugem.jp
Haag-Bins,Ines Windrum,Not Applicable,Basic Cellular Plan,hgehringerpm@reference.com
"Bartoletti, Blick and Torphy",Bennie Wabey,Not Applicable,Premium Cable Plan,fpeskettlp@youku.com
Pollich-Deckow,Sinclair Freyn,Not Applicable,Economy Gas Plan,shalledayps@go.com
"Crist, Stoltenberg and Kemmer",Pierson Bouldon,Not Applicable,Economy Water Supply Plan,mgianneschima@soundcloud.com
MacGyver Inc,Merrile Atherley,Not Applicable,Basic Home Insurance Plan,cfurminger6@engadget.com
"Lang, Von and Orn",Adam Robens,Not Applicable,Premium Sewage Plan,wcreamfr@weather.com
Mante and Sons,Lawry Szreter,Not Applicable,Economy Babysitting Plan,mtate1u@dyndns.org
Grant LLC,Freemon Hubbart,Not Applicable,Standard Home Cleaning Plan,mmobberleykf@ifeng.com
"Maggio, Schiller and Gusikowski",Chet Grocutt,Not Applicable,Economy Home Insurance Plan,mdowkerpi@europa.eu
Goldner-Wilkinson,Erskine Bome,Not Applicable,Standard Sewage Plan,tdibiagi5e@umn.edu
MacGyver-Conroy,Adah Blezard,Not Applicable,Basic Electricity Plan,vcashamih@behance.net
Bailey-Hermann,Charmane Varvell,Not Applicable,Premium Car Insurance Plan,ztante7j@ehow.com
Crist and Sons,Albertina Cuseck,Not Applicable,Platinum Electricity Plan,aryamls@networkadvertising.org
"Graham, Nicolas and Cummerata",Breena Whittington,Not Applicable,Economy Mortgage Plan,cloveguarda1@vinaora.com
Kihn-Nicolas,Lily Bockmann,Not Applicable,Economy Life Insurance Plan,bnapletonl2@oakley.com
"Flatley, Schaefer and Leuschke",Lawry Szreter,Not Applicable,Platinum Device Insurance Plan,mtate1u@dyndns.org
"Kuvalis, Borer and Shields",Alaric Libbis,Not Applicable,Economy Internet Plan,asteablerlm@miibeian.gov.cn
Swift-O'Hara,Der Kynforth,Not Applicable,Premium Cellular Plan,cbrennandjx@mayoclinic.com
"Hand, Runte and MacGyver",Cymbre Vasentsov,Not Applicable,Standard Transport Plan,nsherrard9j@t.co
Considine-Schroeder,Hortensia Pepin,Not Applicable,Standard Health Insurance Plan,cfuzzardm5@ifeng.com
"Bartoletti, Stroman and Hoeger",Desi Lawlie,Not Applicable,Premium Home Insurance Plan,kackenheadb0@infoseek.co.jp
Koepp Group,Theodor Filipputti,Not Applicable,Economy Transport Plan,esnookesln@buzzfeed.com
Hyatt LLC,Marcela Simmon,Not Applicable,Premium Security Plan,kchesley78@google.co.uk
Dooley LLC,Larissa Ilchuk,Not Applicable,Platinum Health Insurance Plan,rloble7m@stanford.edu
"Hills, Medhurst and Wilkinson",Emlyn Ravenscroft,Not Applicable,Basic Internet Plan,schyuertonpr@fc2.com
Nitzsche Inc,Hilly Giveen,Not Applicable,Standard Babysitting Plan,mbourgeoish6@flavors.me
Buckridge LLC,Erskine Bome,Not Applicable,Basic Home Cleaning Plan,tdibiagi5e@umn.edu
"Buckridge, Fay and Denesik",Lenna Baulch,Not Applicable,Premium Security Plan,pdavidsene1@taobao.com
Abernathy-Treutel,Darla Holley,Not Applicable,Premium Sewage Plan,lcarvell1m@cargocollective.com
Wehner-McKenzie,Sarina Rouse,Not Applicable,Basic Water Supply Plan,whuntressby@scribd.com
"Koelpin, Hartmann and Zieme",Corene Nial,Not Applicable,Economy Electricity Plan,cascrofte3g@mtv.com
Nienow LLC,Wilt Aspin,Not Applicable,Platinum Mortgage Plan,lvicentg7@canalblog.com
Schowalter Inc,Emalee Ambrogioni,Not Applicable,Standard Health Insurance Plan,jrennekedr@discovery.com
"Cruickshank, Pouros and Effertz",Murry Baswall,Not Applicable,Premium Babysitting Plan,sbraddocko2@trellian.com
"Streich, Brakus and Flatley",Diannne Yakob,Not Applicable,Standard Gas Plan,garnaul@about.me
"Gottlieb, Weber and Altenwerth",Steven Stiddard,Not Applicable,Economy Home Insurance Plan,aryamls@networkadvertising.org
"Medhurst, Ullrich and Donnelly",Karlyn Kirtlan,Not Applicable,Basic Home Cleaning Plan,ddikelindv@opera.com
"Crist, Stoltenberg and Kemmer",Nell Dowdney,Not Applicable,Basic Water Supply Plan,aovittsjg@ning.com
"Graham, Nicolas and Cummerata",Rosemaria Seamark,Not Applicable,Basic Mortgage Plan,kackenheadb0@infoseek.co.jp
"Buckridge, Fay and Denesik",Jany Elfleet,Not Applicable,Economy Security Plan,bpettisalldi@slideshare.net
Kihn-Nicolas,Daron Rosengart,Not Applicable,Platinum Life Insurance Plan,kkellarz@amazonaws.com
Dooley LLC,Gawain Gapper,Not Applicable,Economy Health Insurance Plan,jcolpusc1@guardian.co.uk
Abernathy-Treutel,Doug Humberston,Not Applicable,Platinum Sewage Plan,llynnettp3@tamu.edu
"Streich, Brakus and Flatley",Clarence Grigoryov,Not Applicable,Premium Gas Plan,aolyhanekz@nhs.uk
"Maggio, Schiller and Gusikowski",Violette Ghilardini,Not Applicable,Economy Home Insurance Plan,ebeddingham31@cpanel.net
"Carroll, Hessel and Gleason",Joana Liverseege,Not Applicable,Economy Home Cleaning Plan,bwhistlecraft7o@theguardian.com
Wintheiser-Dibbert,Randolph Clotworthy,Not Applicable,Standard Device Insurance Plan,pharrill12@google.it
Grant LLC,Breena Whittington,Not Applicable,Standard Home Cleaning Plan,cloveguarda1@vinaora.com
Nienow LLC,Freemon Hubbart,Not Applicable,Economy Mortgage Plan,mmobberleykf@ifeng.com
Swift-O'Hara,Rosaleen Vlasenkov,Not Applicable,Premium Cellular Plan,rskarra5@mtv.com
MacGyver-Conroy,Sena Coniam,Not Applicable,Platinum Electricity Plan,tbourkel3@hugedomains.com
"Hermiston, Conroy and Waters",Alyss Crispe,Not Applicable,Platinum Mortgage Plan,emicklewicz9d@psu.edu
Corkery and Sons,Egor Fetteplace,Not Applicable,Basic Mortgage Plan,agyenes9e@people.com.cn
"Hand, Runte and MacGyver",Wendall Stoffer,Not Applicable,Basic Transport Plan,ngavrielli1z@netlog.com
Wehner-McKenzie,Loy Edmeads,Not Applicable,Economy Water Supply Plan,pwhittershw@lulu.com
Raynor LLC,Hendrik Gebby,Not Applicable,Premium Gas Plan,rfrays81@privacy.gov.au
Pollich-Deckow,Electra Lichfield,Not Applicable,Premium Gas Plan,narlottlz@timesonline.co.uk
"Bartoletti, Blick and Torphy",Elva Shufflebotham,Not Applicable,Premium Cable Plan,rskarra5@mtv.com
Hansen-Torphy,Blithe Curteis,Not Applicable,Economy Home Cleaning Plan,deddies9y@foxnews.com
Mraz-Thompson,Gray Hanbidge,Not Applicable,Basic Electricity Plan,mmctrustyky@samsung.com
"Armstrong, Hickle and Harvey",Melisenda Gathwaite,Not Applicable,Economy Transport Plan,fdybell1e@theguardian.com
Goldner-Wilkinson,Iormina O'Cridigan,Not Applicable,Standard Sewage Plan,lwellingaw@who.int
Considine-Schroeder,Crystal Becaris,Not Applicable,Standard Health Insurance Plan,lwarham1t@weather.com
Mante and Sons,Verine Grayson,Not Applicable,Platinum Babysitting Plan,ghousecroftgl@prnewswire.com
"Vandervort, Hirthe and Hirthe",Helen Bellchamber,Not Applicable,Standard Sewage Plan,cfurminger6@engadget.com
"Gottlieb, Weber and Altenwerth",Grantham Firebrace,Not Applicable,Basic Home Insurance Plan,ggorickqm@theatlantic.com
"Hills, Medhurst and Wilkinson",Jarrid Piddlehinton,Not Applicable,Premium Internet Plan,ngiggcs@bigcartel.com
"Koelpin, Hartmann and Zieme",Gregoire Cogle,Not Applicable,Economy Electricity Plan,lnobbsf6@google.pl
Corkery LLC,Blaire Oldford,Not Applicable,Platinum Mortgage Plan,lbillsonht@fda.gov
MacGyver Inc,Tammi Risso,Not Applicable,Basic Home Insurance Plan,wcorckp4@paginegialle.it
"Kuvalis, Borer and Shields",Hansiain Beert,Not Applicable,Economy Internet Plan,kchesley78@google.co.uk
Nitzsche Inc,Helen Bellchamber,Not Applicable,Premium Babysitting Plan,cfurminger6@engadget.com
"Weimann, Upton and Walsh",Marcela Simmon,Not Applicable,Basic Lawncare Plan,kchesley78@google.co.uk
"Flatley, Schaefer and Leuschke",Rachel Neward,Not Applicable,Standard Device Insurance Plan,cghidini1j@vkontakte.ru
Koepp Group,Joela Benois,Not Applicable,Economy Transport Plan,rcastrillolg@paypal.com
Hyatt LLC,Lorrie Dutson,Not Applicable,Platinum Security Plan,bettery74@posterous.com
"Lang, Von and Orn",Iain Percy,Not Applicable,Economy Sewage Plan,gharmantql@bluehost.com
"Cruickshank, Pouros and Effertz",Glynnis Wiltshier,Not Applicable,Economy Babysitting Plan,aibbettc3@irs.gov
Medhurst and Sons,Puff Ivanyushin,Not Applicable,Platinum Health Insurance Plan,eboldenhk@nifty.com
Crist and Sons,Toby Yitzowitz,Not Applicable,Platinum Electricity Plan,zjull2x@privacy.gov.au
Haag-Bins,Inez McGreal,Not Applicable,Standard Cellular Plan,lmckennanre@privacy.gov.au
"Hegmann, Reichert and Donnelly",Tonie Matteacci,Not Applicable,Basic Sewage Plan,sfootittp1@wired.com
"Medhurst, Ullrich and Donnelly",Brietta Simmens,Not Applicable,Platinum Home Cleaning Plan,hcurnokkq3@unc.edu
Schowalter Inc,Alric Calltone,Not Applicable,Economy Health Insurance Plan,arentoulds@google.it
"Bartoletti, Stroman and Hoeger",Sibyl Robbie,Not Applicable,Economy Home Insurance Plan,cilling6y@wired.com
Bailey-Hermann,Jami Janson,Not Applicable,Standard Car Insurance Plan,sygoequ@jalbum.net
Buckridge LLC,Aaron Arkill,Not Applicable,Economy Home Cleaning Plan,gpurkispk@woothemes.com
Nienow LLC,Meade Ledley,Not Applicable,Economy Mortgage Plan,lmardlerc@tripod.com
Grant LLC,Antin Licciardiello,Not Applicable,Premium Home Cleaning Plan,bvardencq@t-online.de
MacGyver-Conroy,Dehlia Arnout,Not Applicable,Basic Electricity Plan,kosesnane9z@about.com
"Hills, Medhurst and Wilkinson",Honoria Gillian,Not Applicable,Standard Internet Plan,kyon5n@comcast.net
Abernathy-Treutel,Karla McComish,Not Applicable,Basic Sewage Plan,dternottme@smh.com.au
Haag-Bins,Zilvia Jacobovitz,Not Applicable,Platinum Cellular Plan,cbrennandjx@mayoclinic.com
Raynor LLC,Virgina Manoelli,Not Applicable,Economy Health Insurance Plan,rwatkissc@dell.com
"Maggio, Schiller and Gusikowski",Betteann O'Doherty,Not Applicable,Standard Home Insurance Plan,hcoileyo0@dmoz.org
"Medhurst, Ullrich and Donnelly",Drugi Spurriar,Not Applicable,Standard Home Cleaning Plan,jdaice9s@wiley.com
"Koelpin, Hartmann and Zieme",Sigismondo Rounsivall,Not Applicable,Basic Electricity Plan,noylettp2@deviantart.com
Hansen-Torphy,Diego Stopper,Not Applicable,Platinum Home Cleaning Plan,rnarracottlc@hp.com
Kihn-Nicolas,Northrop Ortler,Not Applicable,Economy Life Insurance Plan,tmilbymi@free.fr
"Kuvalis, Borer and Shields",Jeff Deadman,Not Applicable,Economy Internet Plan,pdavidsene1@taobao.com
Medhurst and Sons,Gilberto Roches,Not Applicable,Basic Health Insurance Plan,cvandermerwe9v@facebook.com
Pollich-Deckow,Brear Goddman,Not Applicable,Platinum Health Insurance Plan,wmumbeymj@hp.com
"Hegmann, Reichert and Donnelly",Buckie Bartolomeoni,Not Applicable,Basic Sewage Plan,sswan7u@digg.com
"Carroll, Hessel and Gleason",Murdock Fawthorpe,Not Applicable,Standard Home Cleaning Plan,bboltax@wired.com
"Hand, Runte and MacGyver",Gena Curedell,Not Applicable,Platinum Transport Plan,ggrayleyij@phoca.cz
Koepp Group,Graeme Keech,Not Applicable,Economy Transport Plan,lbillsonht@fda.gov
"Streich, Brakus and Flatley",Sayers O'Loughane,Not Applicable,Standard Gas Plan,ewalentaqd@howstuffworks.com
Wintheiser-Dibbert,Thalia Cowans,Not Applicable,Platinum Device Insurance Plan,mfrango96@histats.com
"Hermiston, Conroy and Waters",Frederik Raftery,Not Applicable,Platinum Mortgage Plan,hdeverr5@wp.com
Swift-O'Hara,Gerrilee Ranvoise,Not Applicable,Premium Cellular Plan,akenyon2u@engadget.com
Corkery LLC,Bone Jakubczyk,Not Applicable,Platinum Mortgage Plan,rpulhameo@pagesperso-orange.fr
Corkery and Sons,Vivianna Dedenham,Not Applicable,Platinum Mortgage Plan,bdunphyfl@nps.gov
"Cruickshank, Pouros and Effertz",Brooks Ivey,Not Applicable,Basic Babysitting Plan,lrebichonb8@home.pl
"Vandervort, Hirthe and Hirthe",Stearne Piegrome,Not Applicable,Platinum Sewage Plan,bwinesd3@newsvine.com
Crist and Sons,Thayne Moorerud,Not Applicable,Premium Electricity Plan,jcordell90@sakura.ne.jp
Mante and Sons,Pembroke Penna,Not Applicable,Platinum Babysitting Plan,ljackalin3a@meetup.com
"Weimann, Upton and Walsh",Ode Itzkovich,Not Applicable,Platinum Lawncare Plan,mgrimmolby8k@nhs.uk
Bailey-Hermann,Sammie Moulds,Not Applicable,Economy Car Insurance Plan,ninfantino66@a8.net
Considine-Schroeder,Orella Ducrow,Not Applicable,Economy Health Insurance Plan,wcreamfr@weather.com
Hyatt LLC,Ginger Garrard,Not Applicable,Standard Security Plan,bmccaughrenf9@state.gov
Goldner-Wilkinson,Diena Keyzman,Not Applicable,Economy Sewage Plan,tmaffihx@dropbox.com
Schowalter Inc,Fredric Seth,Not Applicable,Standard Health Insurance Plan,nsiggens4l@tinyurl.com
Buckridge LLC,Amata Measom,Not Applicable,Basic Home Cleaning Plan,irendellfx@pbs.org
"Bartoletti, Stroman and Hoeger",Leontyne Woodger,Not Applicable,Economy Home Insurance Plan,tbaldwinpy@is.gd
Nitzsche Inc,Datha Snoday,Not Applicable,Standard Babysitting Plan,bzimmermeisteri8@pagesperso-orange.fr
MacGyver Inc,Albertina Cuseck,Not Applicable,Standard Home Insurance Plan,aryamls@networkadvertising.org
Wehner-McKenzie,Alric Lazonby,Not Applicable,Basic Water Supply Plan,vbrydonlo@freewebs.com
Mraz-Thompson,Mord Peagrim,Not Applicable,Economy Electricity Plan,rpenkethjp@macromedia.com
"Bartoletti, Blick and Torphy",Burgess Geikie,Not Applicable,Premium Cable Plan,hgreg8s@wunderground.com
"Flatley, Schaefer and Leuschke",Hobard Sloegrave,Not Applicable,Standard Device Insurance Plan,rloble7m@stanford.edu
Dooley LLC,Alva Bottjer,Not Applicable,Basic Health Insurance Plan,jguild2b@slashdot.org
"Gottlieb, Weber and Altenwerth",Reinaldos Rhodus,Not Applicable,Standard Home Insurance Plan,ztante7j@ehow.com
"Armstrong, Hickle and Harvey",Ashlan Orta,Not Applicable,Premium Transport Plan,kmattocksis@economist.com
"Buckridge, Fay and Denesik",Cointon Aizikovich,Not Applicable,Platinum Security Plan,kpardewf4@ucoz.com
"Lang, Von and Orn",Tammi Risso,Not Applicable,Economy Sewage Plan,wcorckp4@paginegialle.it
"Crist, Stoltenberg and Kemmer",Meade Ledley,Not Applicable,Basic Water Supply Plan,lmardlerc@tripod.com
"Graham, Nicolas and Cummerata",Heloise Blowfelde,Not Applicable,Basic Mortgage Plan,bvardencq@t-online.de
"Armstrong, Hickle and Harvey",Dorise McCay,Not Applicable,Premium Transport Plan,ktettah@dailymail.co.uk
Wehner-McKenzie,Corene Nial,Not Applicable,Basic Water Supply Plan,cascrofte3g@mtv.com
MacGyver Inc,Araldo Colthurst,Not Applicable,Platinum Home Insurance Plan,cnewlandsin@cafepress.com
Crist and Sons,Toby Yitzowitz,Not Applicable,Basic Electricity Plan,zjull2x@privacy.gov.au
"Weimann, Upton and Walsh",Natal Trulock,Not Applicable,Standard Lawncare Plan,apetterspn@e-recht24.de
Hyatt LLC,Reynard Brownlie,Not Applicable,Basic Security Plan,aryamls@networkadvertising.org
"Vandervort, Hirthe and Hirthe",Lenette Bentame,Not Applicable,Standard Sewage Plan,aryamls@networkadvertising.org
"Bartoletti, Blick and Torphy",Romonda Bashford,Not Applicable,Platinum Cable Plan,cbengtssonmt@sourceforge.net
"Hermiston, Conroy and Waters",Audre Redmain,Not Applicable,Platinum Mortgage Plan,mcanaanbf@census.gov
"Hills, Medhurst and Wilkinson",Jessa MacCorley,Not Applicable,Standard Internet Plan,pbenthamld@domainmarket.com
Kihn-Nicolas,Evered Decort,Not Applicable,Standard Life Insurance Plan,rfrays81@privacy.gov.au
Corkery and Sons,Erinn Goseling,Not Applicable,Standard Mortgage Plan,wshaylerbh@yelp.com
"Streich, Brakus and Flatley",Bobina Wenman,Not Applicable,Premium Gas Plan,bvallentin83@loc.gov
"Bartoletti, Stroman and Hoeger",Alexine Loffhead,Not Applicable,Economy Home Insurance Plan,mbynelu@vimeo.com
"Graham, Nicolas and Cummerata",Marion Sillito,Not Applicable,Standard Mortgage Plan,hmacklamqa@biblegateway.com
Goldner-Wilkinson,Juditha Tock,Not Applicable,Standard Sewage Plan,ebeddingham31@cpanel.net
Mraz-Thompson,Allyn Antonietti,Not Applicable,Premium Electricity Plan,ebuessengd@fotki.com
"Medhurst, Ullrich and Donnelly",Ernestine Regis,Not Applicable,Basic Home Cleaning Plan,vperriee3@sbwire.com
Abernathy-Treutel,Joela Benois,Not Applicable,Basic Sewage Plan,rcastrillolg@paypal.com
Considine-Schroeder,Reynolds O'Hallihane,Not Applicable,Basic Health Insurance Plan,ngiggcs@bigcartel.com
"Flatley, Schaefer and Leuschke",Baily Kalaher,Not Applicable,Economy Device Insurance Plan,amanvelljl@squidoo.com
Dooley LLC,Cullie Hadfield,Not Applicable,Economy Health Insurance Plan,wstandering7v@friendfeed.com
"Cruickshank, Pouros and Effertz",Kean Card,Not Applicable,Premium Babysitting Plan,lallinhc@csmonitor.com
"Hand, Runte and MacGyver",Mord Peagrim,Not Applicable,Premium Transport Plan,rpenkethjp@macromedia.com
Schowalter Inc,Ripley Brailsford,Not Applicable,Basic Health Insurance Plan,lkolyaginp9@wsj.com
"Gottlieb, Weber and Altenwerth",Milton Ledeker,Not Applicable,Economy Home Insurance Plan,whuntressby@scribd.com
Hansen-Torphy,Meade Ledley,Not Applicable,Premium Home Cleaning Plan,lmardlerc@tripod.com
Pollich-Deckow,Karlee Heine,Not Applicable,Economy Gas Plan,athunderchiefm2@typepad.com
Medhurst and Sons,Patty Misken,Not Applicable,Premium Health Insurance Plan,kkellarz@amazonaws.com
Haag-Bins,Ambrosio Artinstall,Not Applicable,Premium Cellular Plan,rmcbrearty11@deviantart.com
"Hegmann, Reichert and Donnelly",Elbertine Shobbrook,Not Applicable,Basic Sewage Plan,izutev@comcast.net
Nitzsche Inc,Steffi Birtchnell,Not Applicable,Standard Babysitting Plan,swelbrock1i@theatlantic.com
"Koelpin, Hartmann and Zieme",Jeana Oppy,Not Applicable,Economy Electricity Plan,gkeetchdp@hostgator.com
"Kuvalis, Borer and Shields",Marshal Matthias,Not Applicable,Economy Internet Plan,marterc9@narod.ru
Grant LLC,Rurik Yardy,Not Applicable,Basic Home Cleaning Plan,tayrs7i@w3.org
Buckridge LLC,Kirby Benech,Not Applicable,Basic Home Cleaning Plan,hmacklamqa@biblegateway.com
Corkery LLC,Lynda Dayborne,Not Applicable,Premium Mortgage Plan,ztante7j@ehow.com
"Lang, Von and Orn",Shelia Lukash,Not Applicable,Standard Sewage Plan,lgarrettsqr@redcross.org
Swift-O'Hara,Evered Decort,Not Applicable,Premium Cellular Plan,rfrays81@privacy.gov.au
Nienow LLC,Florrie Godilington,Not Applicable,Platinum Mortgage Plan,hmariangp@amazonaws.com
"Buckridge, Fay and Denesik",Katalin Enriquez,Not Applicable,Standard Security Plan,tfrancecioneai@cafepress.com
Koepp Group,Liana Powdrill,Not Applicable,Economy Transport Plan,jdaice9s@wiley.com
Wintheiser-Dibbert,Giacinta Iiannone,Not Applicable,Premium Device Insurance Plan,kcumberledge6v@foxnews.com
Mante and Sons,Sherwin Gilbride,Not Applicable,Economy Babysitting Plan,jcordell90@sakura.ne.jp
MacGyver-Conroy,Sashenka Scarborough,Not Applicable,Platinum Electricity Plan,sbern3b@accuweather.com
Raynor LLC,Kelley Naden,Not Applicable,Economy Gas Plan,smarquesskp@aol.com
"Maggio, Schiller and Gusikowski",Emmalynne Peck,Not Applicable,Standard Home Insurance Plan,dgress8e@go.com
Bailey-Hermann,Cecelia Hourston,Not Applicable,Standard Car Insurance Plan,sygoequ@jalbum.net
"Crist, Stoltenberg and Kemmer",Jilli Doul,Not Applicable,Basic Water Supply Plan,eweed54@bloglines.com
"Carroll, Hessel and Gleason",Frans Walcher,Not Applicable,Premium Home Cleaning Plan,nkorn7f@skyrock.com
Wehner-McKenzie,Fitz Filppetti,Not Applicable,Economy Water Supply Plan,mscowenmz@sogou.com
Hansen-Torphy,Rosalynd Knell,Not Applicable,Premium Home Cleaning Plan,ccorington2m@aol.com
"Hand, Runte and MacGyver",Dayna MacFadzean,Not Applicable,Platinum Transport Plan,aibbettc3@irs.gov
"Vandervort, Hirthe and Hirthe",L;urette Piaggia,Not Applicable,Economy Sewage Plan,aottewellm3@dailymotion.com
"Streich, Brakus and Flatley",Egor Fetteplace,Not Applicable,Platinum Gas Plan,agyenes9e@people.com.cn
Considine-Schroeder,Claudell Woolstenholmes,Not Applicable,Standard Health Insurance Plan,bissetti2@ucoz.ru
"Flatley, Schaefer and Leuschke",Lesya Jacob,Not Applicable,Standard Device Insurance Plan,roddboyri@java.com
Grant LLC,Hogan Craxford,Not Applicable,Platinum Home Cleaning Plan,mongink2@aboutads.info
Schowalter Inc,Stesha Whitty,Not Applicable,Standard Health Insurance Plan,rlowtenfc@pen.io
"Armstrong, Hickle and Harvey",Allistir Shoorbrooke,Not Applicable,Platinum Transport Plan,rpulhameo@pagesperso-orange.fr
"Gottlieb, Weber and Altenwerth",Kaylyn Haston,Not Applicable,Standard Home Insurance Plan,gglastonbury5l@flickr.com
Swift-O'Hara,Keeley Penketh,Not Applicable,Standard Cellular Plan,kchesley78@google.co.uk
Raynor LLC,Waite Cast,Not Applicable,Premium Gas Plan,nbitchenerp5@themeforest.net
Medhurst and Sons,Alaric Libbis,Not Applicable,Basic Health Insurance Plan,asteablerlm@miibeian.gov.cn
"Cruickshank, Pouros and Effertz",Harwilll Diggar,Not Applicable,Platinum Babysitting Plan,givashnikov5i@skyrock.com
"Maggio, Schiller and Gusikowski",Cicily O'Keaveny,Not Applicable,Basic Home Insurance Plan,jheddonpu@lulu.com
Nitzsche Inc,Teresa Moret,Not Applicable,Premium Babysitting Plan,becclesaller@ustream.tv
Kihn-Nicolas,Jock Duddin,Not Applicable,Platinum Life Insurance Plan,gdassindalepa@auda.org.au
Koepp Group,Morten Itzkovich,Not Applicable,Platinum Transport Plan,jlibbiemc@nationalgeographic.com
Mraz-Thompson,Ellette Eeles,Not Applicable,Premium Electricity Plan,ndouglassjm@nytimes.com
Haag-Bins,Doti Gamon,Not Applicable,Basic Cellular Plan,cascrofte3g@mtv.com
Buckridge LLC,Lin Towson,Not Applicable,Platinum Home Cleaning Plan,kmattocksis@economist.com
Abernathy-Treutel,Sal Horrod,Not Applicable,Premium Sewage Plan,kcumberledge6v@foxnews.com
"Hills, Medhurst and Wilkinson",Willy Theurer,Not Applicable,Basic Internet Plan,gharmantql@bluehost.com
"Carroll, Hessel and Gleason",Brandyn Coode,Not Applicable,Economy Home Cleaning Plan,eweed54@bloglines.com
"Crist, Stoltenberg and Kemmer",Lennard Ladlow,Not Applicable,Economy Water Supply Plan,lhammerbergert@github.com
Pollich-Deckow,Emmanuel Chilton,Not Applicable,Premium Gas Plan,syatesk@indiatimes.com
MacGyver-Conroy,Rurik Yardy,Not Applicable,Standard Electricity Plan,tayrs7i@w3.org
"Hegmann, Reichert and Donnelly",Ninon Crebott,Not Applicable,Platinum Sewage Plan,lwarham1t@weather.com
Goldner-Wilkinson,Toby Jocelyn,Not Applicable,Basic Sewage Plan,akirkmanlx@altervista.org
"Lang, Von and Orn",Ignazio Muckart,Not Applicable,Basic Sewage Plan,jprimaroloqv@purevolume.com
"Medhurst, Ullrich and Donnelly",Olivette McMurrugh,Not Applicable,Platinum Home Cleaning Plan,ptriggs6f@constantcontact.com
Hyatt LLC,Marshall Credland,Not Applicable,Standard Security Plan,apetrelloll@fc2.com
Dooley LLC,Randolph Clotworthy,Not Applicable,Economy Health Insurance Plan,pharrill12@google.it
"Graham, Nicolas and Cummerata",Earvin Kerswill,Not Applicable,Standard Mortgage Plan,rzanninijo@ftc.gov
Nienow LLC,Jasmina Renny,Not Applicable,Platinum Mortgage Plan,rhaireko@simplemachines.org
"Bartoletti, Stroman and Hoeger",Harrie Fillon,Not Applicable,Standard Home Insurance Plan,aklarzynskint@google.ca
Wintheiser-Dibbert,Zilvia Jacobovitz,Not Applicable,Basic Device Insurance Plan,cbrennandjx@mayoclinic.com
Mante and Sons,Dyan Huttley,Not Applicable,Basic Babysitting Plan,ksimmillew@imgur.com
Crist and Sons,Averil Garrelts,Not Applicable,Basic Electricity Plan,fsatford6t@fastcompany.com
"Bartoletti, Blick and Torphy",Maddie Le Teve,Not Applicable,Platinum Cable Plan,cstapley9i@salon.com
"Buckridge, Fay and Denesik",Goldie Lincey,Not Applicable,Platinum Security Plan,smccartneyem@topsy.com
Bailey-Hermann,Ines Windrum,Not Applicable,Basic Car Insurance Plan,hgehringerpm@reference.com
"Koelpin, Hartmann and Zieme",Niels Curle,Not Applicable,Platinum Electricity Plan,bettery74@posterous.com
"Weimann, Upton and Walsh",Orion Hatchell,Not Applicable,Standard Lawncare Plan,lletchie@jiathis.com
MacGyver Inc,Nell Dowdney,Not Applicable,Economy Home Insurance Plan,aovittsjg@ning.com
"Kuvalis, Borer and Shields",Brear Goddman,Not Applicable,Basic Internet Plan,wmumbeymj@hp.com
Corkery LLC,Gwyneth Nend,Not Applicable,Basic Mortgage Plan,ehebden9t@paypal.com
Corkery and Sons,Lennard Ladlow,Not Applicable,Platinum Mortgage Plan,lhammerbergert@github.com
"Hermiston, Conroy and Waters",Abbie Lasseter,Not Applicable,Premium Mortgage Plan,rdezuani5k@blogs.com
MacGyver Inc,Puff Ivanyushin,Not Applicable,Economy Home Insurance Plan,eboldenhk@nifty.com
"Graham, Nicolas and Cummerata",Lin Towson,Not Applicable,Platinum Mortgage Plan,kmattocksis@economist.com
"Hand, Runte and MacGyver",Sheba Gull,Not Applicable,Basic Transport Plan,arentoulds@google.it
"Cruickshank, Pouros and Effertz",Oberon Thompsett,Not Applicable,Platinum Babysitting Plan,wcreamfr@weather.com
Bailey-Hermann,Meara Dutton,Not Applicable,Basic Car Insurance Plan,anapoleone15@ifeng.com
Crist and Sons,Arne Janoch,Not Applicable,Basic Electricity Plan,gwhistlecraft2i@storify.com
MacGyver-Conroy,Gordy Prophet,Not Applicable,Premium Electricity Plan,cgoulterpl@ucsd.edu
"Hegmann, Reichert and Donnelly",Mason Tousy,Not Applicable,Premium Sewage Plan,avyvyanp8@dell.com
"Maggio, Schiller and Gusikowski",Golda Busen,Not Applicable,Economy Home Insurance Plan,schyuertonpr@fc2.com
"Flatley, Schaefer and Leuschke",Roderic Castellini,Not Applicable,Standard Device Insurance Plan,ccartmillni@illinois.edu
"Lang, Von and Orn",Ellene Quesne,Not Applicable,Basic Sewage Plan,dkerijt@php.net
Swift-O'Hara,Sasha Esmonde,Not Applicable,Economy Cellular Plan,bdohrmannch@aol.com
"Vandervort, Hirthe and Hirthe",Bailie Jewel,Not Applicable,Platinum Sewage Plan,emcsporrinjr@macromedia.com
Considine-Schroeder,Brena Tollfree,Not Applicable,Standard Health Insurance Plan,lguilaynn8@ed.gov
Corkery LLC,Pembroke Penna,Not Applicable,Basic Mortgage Plan,ljackalin3a@meetup.com
"Medhurst, Ullrich and Donnelly",Ivy Faust,Not Applicable,Platinum Home Cleaning Plan,cpenningtono9@prlog.org
"Hills, Medhurst and Wilkinson",Tremayne Blunderfield,Not Applicable,Basic Internet Plan,lfrankens@pcworld.com
"Buckridge, Fay and Denesik",Geraldine Milward,Not Applicable,Basic Security Plan,jleblanc5a@utexas.edu
Kihn-Nicolas,Beulah Fallawe,Not Applicable,Platinum Life Insurance Plan,bgoodreadqw@edublogs.org
Nitzsche Inc,Sena Hungerford,Not Applicable,Standard Babysitting Plan,twateridgek9@jigsy.com
"Armstrong, Hickle and Harvey",Joya Witton,Not Applicable,Basic Transport Plan,cghidini1j@vkontakte.ru
"Crist, Stoltenberg and Kemmer",Melba Champkins,Not Applicable,Premium Water Supply Plan,bdunphyfl@nps.gov
Dooley LLC,Jasmina Renny,Not Applicable,Standard Health Insurance Plan,rhaireko@simplemachines.org
Wehner-McKenzie,Whitney Daldry,Not Applicable,Standard Water Supply Plan,ccholoninja@artisteer.com
Nienow LLC,Luelle Dunne,Not Applicable,Economy Mortgage Plan,sscogginsfz@buzzfeed.com
"Koelpin, Hartmann and Zieme",Reynard Brownlie,Not Applicable,Platinum Electricity Plan,aryamls@networkadvertising.org
"Bartoletti, Stroman and Hoeger",Colver Craighead,Not Applicable,Economy Home Insurance Plan,csandars2v@indiegogo.com
"Hermiston, Conroy and Waters",Douglass Coonihan,Not Applicable,Platinum Mortgage Plan,hjarreda8@microsoft.com
"Bartoletti, Blick and Torphy",Iain Percy,Not Applicable,Standard Cable Plan,gharmantql@bluehost.com
Pollich-Deckow,Rhianon Debell,Not Applicable,Platinum Health Insurance Plan,sbraddocko2@trellian.com
Corkery and Sons,Eduino Flay,Not Applicable,Platinum Mortgage Plan,mdowkerpi@europa.eu
Mante and Sons,Darleen Noseworthy,Not Applicable,Platinum Babysitting Plan,kbardwell2n@qq.com
Buckridge LLC,Florance Duignan,Not Applicable,Platinum Home Cleaning Plan,nlarganag@wisc.edu
"Gottlieb, Weber and Altenwerth",Lonee Axtell,Not Applicable,Premium Home Insurance Plan,ebogaysig@webnode.com
"Streich, Brakus and Flatley",Emmalynn Mapplethorpe,Not Applicable,Platinum Gas Plan,cburchfield65@quantcast.com
Goldner-Wilkinson,Earlie Ballefant,Not Applicable,Economy Sewage Plan,cigog5@blogs.com
Medhurst and Sons,Aurthur Pitsall,Not Applicable,Basic Health Insurance Plan,aconing20@woothemes.com
Wintheiser-Dibbert,Wilt Aspin,Not Applicable,Standard Device Insurance Plan,lvicentg7@canalblog.com
"Weimann, Upton and Walsh",Alyss Crispe,Not Applicable,Standard Lawncare Plan,emicklewicz9d@psu.edu
Hyatt LLC,Bernie Jonin,Not Applicable,Standard Security Plan,whuntressby@scribd.com
Schowalter Inc,Tiffani Scardafield,Not Applicable,Standard Health Insurance Plan,hcoileyo0@dmoz.org
Raynor LLC,Cherida Stigell,Not Applicable,Platinum Gas Plan,gglastonbury5l@flickr.com
Hansen-Torphy,Merissa Wellfare,Not Applicable,Economy Home Cleaning Plan,gunwinslq@histats.com
"Kuvalis, Borer and Shields",Kirsteni Reek,Not Applicable,Economy Internet Plan,mblampiedhn@wix.com
Abernathy-Treutel,Wendall Stoffer,Not Applicable,Basic Sewage Plan,ngavrielli1z@netlog.com
Grant LLC,Tremayne Blunderfield,Not Applicable,Basic Home Cleaning Plan,lfrankens@pcworld.com
Mraz-Thompson,Samantha Everleigh,Not Applicable,Premium Electricity Plan,bettery74@posterous.com
Haag-Bins,Peg Twigley,Not Applicable,Platinum Cellular Plan,mmingoaz@youtube.com
Koepp Group,Maximilian Hayward,Not Applicable,Standard Transport Plan,jheddonpu@lulu.com
"Carroll, Hessel and Gleason",Fidelity Gellert,Not Applicable,Basic Home Cleaning Plan,ggrayleyij@phoca.cz
Corkery and Sons,Brigid Geard,Not Applicable,Standard Mortgage Plan,gilemn@wikimedia.org
Considine-Schroeder,Tiffani Scardafield,Not Applicable,Basic Health Insurance Plan,hcoileyo0@dmoz.org
Haag-Bins,Kyle Bemrose,Not Applicable,Basic Cellular Plan,ksmelley2q@salon.com
Buckridge LLC,Cordelia Shillaber,Not Applicable,Basic Home Cleaning Plan,lcockleyec@cam.ac.uk
Hyatt LLC,Ambrosio Artinstall,Not Applicable,Premium Security Plan,rmcbrearty11@deviantart.com
"Medhurst, Ullrich and Donnelly",Araldo Colthurst,Not Applicable,Platinum Home Cleaning Plan,cnewlandsin@cafepress.com
Kihn-Nicolas,Daron Rosengart,Not Applicable,Premium Life Insurance Plan,kkellarz@amazonaws.com
Crist and Sons,Christabella Life,Not Applicable,Economy Electricity Plan,bpettisalldi@slideshare.net
Dooley LLC,Clark Pockey,Not Applicable,Economy Health Insurance Plan,nmottinigf@privacy.gov.au
Medhurst and Sons,Zeb Nuth,Not Applicable,Basic Health Insurance Plan,lkiossel9b@cargocollective.com
Pollich-Deckow,Shawna Wicken,Not Applicable,Economy Gas Plan,cmounfield7q@goo.gl
Bailey-Hermann,Breena Whittington,Not Applicable,Platinum Car Insurance Plan,cloveguarda1@vinaora.com
Grant LLC,Golda Busen,Not Applicable,Premium Home Cleaning Plan,schyuertonpr@fc2.com
"Bartoletti, Blick and Torphy",Ivonne Thirsk,Not Applicable,Standard Cable Plan,mbaudyi4@walmart.com
"Gottlieb, Weber and Altenwerth",Chico Scini,Not Applicable,Economy Home Insurance Plan,cfeilden7t@hhs.gov
Mraz-Thompson,Fidelity Gellert,Not Applicable,Basic Electricity Plan,ggrayleyij@phoca.cz
"Hegmann, Reichert and Donnelly",Berenice Dulanty,Not Applicable,Basic Sewage Plan,mdotterillq1@facebook.com
"Crist, Stoltenberg and Kemmer",Cynde Delion,Not Applicable,Economy Water Supply Plan,cgarthshorek4@bigcartel.com
"Buckridge, Fay and Denesik",Quintus Goude,Not Applicable,Platinum Security Plan,fshivelli5@123-reg.co.uk
MacGyver-Conroy,Iver Sherme,Not Applicable,Platinum Electricity Plan,njimsonfk@ed.gov
"Streich, Brakus and Flatley",Pat McGibbon,Not Applicable,Platinum Gas Plan,rkaas1n@sphinn.com
Abernathy-Treutel,Godiva Ourry,Not Applicable,Economy Sewage Plan,athunderchiefm2@typepad.com
"Weimann, Upton and Walsh",Jessica Ortega,Not Applicable,Basic Lawncare Plan,jguild2b@slashdot.org
"Koelpin, Hartmann and Zieme",Marketa Heritege,Not Applicable,Premium Electricity Plan,kmayburyiq@yahoo.com
MacGyver Inc,Deane Cudworth,Not Applicable,Standard Home Insurance Plan,mbotting7a@about.com
"Carroll, Hessel and Gleason",Lacie Cullity,Not Applicable,Premium Home Cleaning Plan,oentres8b@behance.net
"Hills, Medhurst and Wilkinson",Gerrilee Ranvoise,Not Applicable,Economy Internet Plan,akenyon2u@engadget.com
"Maggio, Schiller and Gusikowski",Averyl Mourge,Not Applicable,Economy Home Insurance Plan,aklimushev5p@marriott.com
Wintheiser-Dibbert,Esra Schettini,Not Applicable,Platinum Device Insurance Plan,lallinhc@csmonitor.com
"Bartoletti, Stroman and Hoeger",Bernie Jonin,Not Applicable,Economy Home Insurance Plan,whuntressby@scribd.com
Schowalter Inc,Kristofer Hayne,Not Applicable,Economy Health Insurance Plan,smccartneyem@topsy.com
Mante and Sons,Jeremiah Bramah,Not Applicable,Basic Babysitting Plan,abygottny@moonfruit.com
"Flatley, Schaefer and Leuschke",Bette-ann Seifenmacher,Not Applicable,Premium Device Insurance Plan,bmccaughrenf9@state.gov
"Cruickshank, Pouros and Effertz",Philis Chatell,Not Applicable,Economy Babysitting Plan,apavesemq@paypal.com
Nitzsche Inc,Forrester Freeborne,Not Applicable,Platinum Babysitting Plan,frubartellih8@walmart.com
"Kuvalis, Borer and Shields",Gibb Snasdell,Not Applicable,Economy Internet Plan,abeakea2@homestead.com
Wehner-McKenzie,Consuela Del Castello,Not Applicable,Premium Water Supply Plan,mcanaanbf@census.gov
Hansen-Torphy,Quintin Stapley,Not Applicable,Economy Home Cleaning Plan,narlottlz@timesonline.co.uk
"Lang, Von and Orn",Dusty Farington,Not Applicable,Standard Sewage Plan,eaugierm@a8.net
Goldner-Wilkinson,Graeme Keech,Not Applicable,Standard Sewage Plan,lbillsonht@fda.gov
Corkery LLC,Alexine Loffhead,Not Applicable,Premium Mortgage Plan,mbynelu@vimeo.com
Nienow LLC,Inez McGreal,Not Applicable,Standard Mortgage Plan,lmckennanre@privacy.gov.au
"Vandervort, Hirthe and Hirthe",Merl MacCafferky,Not Applicable,Standard Sewage Plan,hdeverr5@wp.com
"Graham, Nicolas and Cummerata",Harald Birrel,Not Applicable,Economy Mortgage Plan,mgibbenet@princeton.edu
Swift-O'Hara,Irwin Branwhite,Not Applicable,Premium Cellular Plan,rnarracottlc@hp.com
"Armstrong, Hickle and Harvey",Orel Cloy,Not Applicable,Economy Transport Plan,cmaskallaa@facebook.com
"Hand, Runte and MacGyver",Bern Yekel,Not Applicable,Platinum Transport Plan,hmacknielyo4@yandex.ru
Koepp Group,Giacinta Iiannone,Not Applicable,Platinum Transport Plan,kcumberledge6v@foxnews.com
"Hermiston, Conroy and Waters",Reynolds Kennelly,Not Applicable,Premium Mortgage Plan,sellgoodjy@deviantart.com
Raynor LLC,Franciskus Braitling,Not Applicable,Platinum Gas Plan,erehor2l@t.co
